,,,,Vop,(All Vops are NEGATIVE),,,,,,,,,,,,,,,,,,,,,,,,,,,,,,
count,(Steve) Channel,Interface Brd #,Sector 0,Sector 1,Sector 2,Sector 3,Sector 4,Sector 5,Sector 6,Sector 7,Sector 8,Sector 9,Sector 10,Sector 11,Sector 12,Sector 13,Sector 14,Sector 15,Sector 16,Sector 17,Sector 18,Sector 19,Sector 20,Sector 21,Sector 22,Sector 23,Sector 24,Sector 25,Sector 26,Sector 27,Sector 28,Sector 29,Sector 30,Sector 31,Sector 32
,,,,OK,OK,OK,OK,OK,OK,OK,Ok,OK,OK,OK,OK,OK,OK,OK,OK,OK,OK,OK,,OK,,,,,,,,,,,
1,0,0,68.75,68.98,69.33,69.33,69.13,69.13,69.13,69.18,69.18,69.08,69.08,69.08,69.03,69.03,69.23,69.23,69.23,68.93,68.93,68.63,,69.53,,,,,,,,,,,
2,1,0,68.75,68.98,69.33,69.33,69.13,69.13,69.13,69.18,69.18,69.08,69.08,69.08,69.03,69.03,69.23,69.23,69.23,68.93,68.93,68.63,,69.53,,,,,,,,,,,
3,2,0,68.76,68.98,69.33,69.33,69.13,69.13,69.13,69.18,69.18,69.08,69.08,69.08,69.03,69.03,69.23,69.23,69.23,68.93,68.93,68.63,,69.53,,,,,,,,,,,
4,3,0,68.76,68.98,69.33,69.33,69.13,69.13,69.13,69.18,69.18,69.08,69.08,69.08,69.03,69.03,69.23,69.23,69.23,68.93,68.93,68.63,,69.53,,,,,,,,,,,
5,4,0,68.61,68.98,69.33,69.33,69.13,69.13,69.13,69.18,69.18,69.08,69.08,69.08,69.03,69.03,69.23,69.23,69.23,68.93,68.63,68.63,,69.53,,,,,,,,,,,
6,5,0,68.59,68.98,69.33,69.33,69.13,69.13,69.13,69.18,69.18,69.08,69.08,69.08,69.03,69.03,69.23,69.23,69.23,68.93,68.63,68.63,,69.53,,,,,,,,,,,
7,6,0,68.61,68.98,69.33,69.33,69.13,69.13,69.13,69.18,69.18,69.08,69.08,69.08,69.03,69.03,69.23,69.23,69.23,68.93,68.63,68.63,,69.53,,,,,,,,,,,
8,7,0,68.61,68.98,69.33,69.33,69.13,69.13,69.13,69.18,69.18,69.08,69.08,69.08,69.03,69.03,69.23,69.23,69.23,68.93,68.63,68.63,,69.53,,,,,,,,,,,
9,8,0,68.52,68.98,69.33,69.33,69.13,69.13,69.13,69.18,69.18,69.08,69.08,69.08,69.03,69.23,69.23,69.23,69.23,68.93,68.93,68.63,,69.53,,,,,,,,,,,
10,9,0,68.52,68.98,69.33,69.33,69.13,69.13,69.13,69.18,69.18,69.08,69.08,69.08,69.03,69.23,69.23,69.23,69.23,68.93,68.93,68.63,,69.53,,,,,,,,,,,
11,10,0,68.51,68.98,69.33,69.33,69.13,69.13,69.13,69.18,69.18,69.08,69.08,69.08,69.03,69.23,69.23,69.23,69.23,68.93,68.93,68.63,,69.53,,,,,,,,,,,
12,11,0,68.52,68.98,69.33,69.33,69.13,69.13,69.13,69.18,69.18,69.08,69.08,69.08,69.03,69.23,69.23,69.23,69.23,68.93,68.93,68.63,,69.53,,,,,,,,,,,
13,12,0,68.81,68.98,69.33,69.33,69.13,69.13,69.13,69.18,69.18,69.08,69.08,69.08,69.03,69.03,69.23,69.23,69.23,68.93,68.93,68.63,,69.53,,,,,,,,,,,
14,13,0,68.81,68.98,69.33,69.33,69.13,69.13,69.13,69.18,69.18,69.08,69.08,69.08,69.03,69.03,69.23,69.23,69.23,68.93,68.93,68.63,,69.53,,,,,,,,,,,
15,14,0,68.82,68.98,69.33,69.33,69.13,69.13,69.13,69.18,69.18,69.08,69.08,69.08,69.03,69.03,69.23,69.23,69.23,68.93,68.93,68.63,,69.53,,,,,,,,,,,
16,15,0,68.81,68.98,69.33,69.33,69.13,69.13,69.13,69.18,69.18,69.08,69.08,69.08,69.03,69.03,69.23,69.23,69.23,68.93,68.93,68.63,,69.53,,,,,,,,,,,
17,16,0,68.75,68.98,69.33,69.33,69.13,69.13,69.13,69.18,69.18,69.08,69.08,69.08,69.03,69.23,69.23,69.23,69.23,68.93,68.93,68.63,,69.53,,,,,,,,,,,
18,17,0,68.80,68.98,69.33,69.33,69.13,69.13,69.13,69.18,69.18,69.08,69.08,69.08,69.03,69.23,69.23,69.23,69.23,68.93,68.93,68.63,,69.53,,,,,,,,,,,
19,18,0,68.80,68.98,69.33,69.33,69.13,69.13,69.13,69.18,69.18,69.08,69.08,69.08,69.03,69.23,69.23,69.23,69.23,68.93,68.93,68.63,,69.53,,,,,,,,,,,
20,19,0,68.81,68.98,69.33,69.33,69.13,69.13,69.13,69.18,69.18,69.08,69.08,69.08,69.03,69.23,69.23,69.23,69.23,68.93,68.93,68.63,,69.53,,,,,,,,,,,
21,20,0,68.73,68.98,69.33,69.33,69.13,69.13,69.13,69.18,69.18,69.08,69.08,69.08,69.03,69.03,69.23,69.23,69.23,68.93,68.93,68.63,,69.53,,,,,,,,,,,
22,21,0,68.74,68.98,69.33,69.33,69.13,69.13,69.13,69.18,69.18,69.08,69.08,69.08,69.03,69.03,69.23,69.23,69.23,68.93,68.93,68.63,,69.53,,,,,,,,,,,
23,22,0,68.74,68.98,69.33,69.33,69.13,69.13,69.13,69.18,69.18,69.08,69.08,69.08,69.03,69.03,69.23,69.23,69.23,68.93,68.93,68.63,,69.53,,,,,,,,,,,
24,23,0,68.74,68.98,69.33,69.33,69.13,69.13,69.13,69.18,69.18,69.08,69.08,69.08,69.03,69.03,69.23,69.23,69.23,68.93,68.93,68.63,,69.53,,,,,,,,,,,
25,24,0,68.47,68.98,69.33,69.33,69.13,69.13,69.13,69.18,69.18,69.08,69.08,69.08,69.03,69.03,69.23,69.23,69.23,68.93,68.93,69.48,,69.53,,,,,,,,,,,
26,25,0,68.51,68.98,69.33,69.33,69.13,69.13,69.13,69.18,69.18,69.08,69.08,69.08,69.03,69.03,69.23,69.23,69.23,68.93,68.93,69.48,,69.53,,,,,,,,,,,
27,26,0,68.52,68.98,69.33,69.33,69.13,69.13,69.13,69.18,69.18,69.08,69.08,69.08,69.03,69.03,69.23,69.23,69.23,68.93,68.93,69.48,,69.53,,,,,,,,,,,
28,27,0,68.51,68.98,69.33,69.33,69.13,69.13,69.13,69.18,69.18,69.08,69.08,69.08,69.03,69.03,69.23,69.23,69.23,68.93,68.93,69.48,,69.53,,,,,,,,,,,
29,28,0,68.83,68.98,69.33,69.33,69.13,69.13,69.13,69.18,69.18,69.08,69.08,69.08,69.03,69.03,69.23,69.23,69.23,68.93,68.93,68.63,,69.53,,,,,,,,,,,
30,29,0,68.83,68.98,69.33,69.33,69.13,69.13,69.13,69.18,69.18,69.08,69.08,69.08,69.03,69.03,69.23,69.23,69.23,68.93,68.93,68.63,,69.53,,,,,,,,,,,
31,30,0,68.83,68.98,69.33,69.33,69.13,69.13,69.13,69.18,69.18,69.08,69.08,69.08,69.03,69.03,69.23,69.23,69.23,68.93,68.93,68.63,,69.53,,,,,,,,,,,
32,31,0,68.70,68.98,69.33,69.33,69.13,69.13,69.13,69.18,69.18,69.08,69.08,69.08,69.03,69.03,69.23,69.23,69.23,68.93,68.93,68.63,,69.53,,,,,,,,,,,
33,32,0,68.69,68.98,69.33,69.33,69.13,69.13,69.13,69.18,69.18,69.08,69.08,69.08,69.03,69.03,69.23,69.23,69.23,68.93,68.93,69.48,,69.53,,,,,,,,,,,
34,33,0,68.69,68.98,69.33,69.33,69.13,69.13,69.13,69.18,69.18,69.08,69.08,69.08,69.03,69.03,69.23,69.23,69.23,68.93,68.93,69.48,,69.53,,,,,,,,,,,
35,34,0,68.70,68.98,69.33,69.33,69.13,69.13,69.13,69.18,69.18,69.08,69.08,69.08,69.03,69.03,69.23,69.23,69.23,68.93,68.93,69.48,,69.53,,,,,,,,,,,
36,35,0,68.70,68.98,69.33,69.33,69.13,69.13,69.13,69.18,69.18,69.08,69.08,69.08,69.03,69.03,69.23,69.23,69.23,68.93,68.93,69.48,,69.53,,,,,,,,,,,
37,36,0,68.72,68.98,69.33,69.33,69.13,69.13,69.13,69.18,69.18,69.08,68.93,69.08,69.03,69.03,69.23,69.23,69.23,68.93,68.93,68.63,,69.53,,,,,,,,,,,
38,37,0,68.71,68.98,69.33,69.33,69.13,69.13,69.13,69.18,69.18,69.08,68.93,69.08,69.03,69.03,69.23,69.23,69.23,68.93,68.93,68.63,,69.53,,,,,,,,,,,
39,38,0,68.71,68.98,69.33,69.33,69.13,69.13,69.13,69.18,69.18,69.08,68.93,69.08,69.03,69.03,69.23,69.23,69.23,68.93,68.93,68.63,,69.53,,,,,,,,,,,
40,39,0,68.71,68.98,69.33,69.33,69.13,69.13,69.13,69.18,69.18,69.08,68.93,69.08,69.03,69.03,69.23,69.23,69.23,68.93,68.93,68.63,,69.53,,,,,,,,,,,
41,40,0,68.72,68.98,69.33,69.33,69.13,69.13,69.13,69.18,69.18,69.08,69.08,69.08,69.03,69.03,69.23,69.23,69.23,68.93,68.93,68.63,,69.53,,,,,,,,,,,
42,41,0,68.72,68.98,69.33,69.33,69.13,69.13,69.13,69.18,69.18,69.08,69.08,69.08,69.03,69.03,69.23,69.23,69.23,68.93,68.93,68.63,,69.53,,,,,,,,,,,
43,42,0,68.72,68.98,69.33,69.33,69.13,69.13,69.13,69.18,69.18,69.08,69.08,69.08,69.03,69.03,69.23,69.23,69.23,68.93,68.93,68.63,,69.53,,,,,,,,,,,
44,43,0,68.73,68.98,69.33,69.33,69.13,69.13,69.13,69.18,69.18,69.08,69.08,69.08,69.03,69.03,69.23,69.23,69.23,68.93,68.93,68.63,,69.53,,,,,,,,,,,
45,44,0,68.74,68.98,69.33,69.33,69.13,69.13,69.13,69.18,69.18,69.08,69.08,69.08,69.03,69.23,69.23,69.23,69.23,68.93,68.93,68.63,,69.53,,,,,,,,,,,
46,45,0,68.72,68.98,69.33,69.33,69.13,69.13,69.13,69.18,69.18,69.08,69.08,69.08,69.03,69.23,69.23,69.23,69.23,68.93,68.93,68.63,,69.53,,,,,,,,,,,
47,46,0,68.74,68.98,69.33,69.33,69.13,69.13,69.13,69.18,69.18,69.08,69.08,69.08,69.03,69.23,69.23,69.23,69.23,68.93,68.93,68.63,,69.53,,,,,,,,,,,
48,47,0,68.74,68.98,69.33,69.33,69.13,69.13,69.13,69.18,69.18,69.08,69.08,69.08,69.03,69.23,69.23,69.23,69.23,68.93,68.93,68.63,,69.53,,,,,,,,,,,
49,48,0,68.96,68.98,69.33,69.33,69.13,69.13,69.13,69.18,69.18,69.08,69.08,69.08,69.03,69.03,69.23,69.23,69.23,68.93,68.93,68.63,,69.53,,,,,,,,,,,
50,49,0,68.96,68.98,69.33,69.33,69.13,69.13,69.13,69.18,69.18,69.08,69.08,69.08,69.03,69.03,69.23,69.23,69.23,68.93,68.93,68.63,,69.53,,,,,,,,,,,
51,50,0,68.96,68.98,69.33,69.33,69.13,69.13,69.13,69.18,69.18,69.08,69.08,69.08,69.03,69.03,69.23,69.23,69.23,68.93,68.93,68.63,,69.53,,,,,,,,,,,
52,51,0,68.97,68.98,69.33,69.33,69.13,69.13,69.13,69.18,69.18,69.08,69.08,69.08,69.03,69.03,69.23,69.23,69.23,68.93,68.93,68.63,,69.53,,,,,,,,,,,
53,52,0,68.84,68.98,69.33,69.33,69.13,69.13,69.13,69.18,69.18,69.08,69.08,69.08,69.03,69.03,69.23,69.23,69.23,68.93,68.93,68.63,,69.53,,,,,,,,,,,
54,53,0,68.83,68.98,69.33,69.33,69.13,69.13,69.13,69.18,69.18,69.08,69.08,69.08,69.03,69.03,69.23,69.23,69.23,68.93,68.93,68.63,,69.53,,,,,,,,,,,
55,54,0,68.84,68.98,69.33,69.33,69.13,69.13,69.13,69.18,69.18,69.08,69.08,69.08,69.03,69.03,69.23,69.23,69.23,68.93,68.93,68.63,,69.53,,,,,,,,,,,
56,55,0,68.84,68.98,69.33,69.33,69.13,69.13,69.13,69.18,69.18,69.08,69.08,69.08,69.03,69.03,69.23,69.23,69.23,68.93,68.93,68.63,,69.53,,,,,,,,,,,
57,56,0,68.97,68.98,69.33,69.33,69.13,69.13,69.13,69.18,69.18,69.08,69.08,69.08,69.03,69.03,69.23,69.23,69.23,68.93,68.93,68.63,,69.53,,,,,,,,,,,
58,57,0,68.98,68.98,69.33,69.33,69.13,69.13,69.13,69.18,69.18,69.08,69.08,69.08,69.03,69.03,69.23,69.23,69.23,68.93,68.93,68.63,,69.53,,,,,,,,,,,
59,58,0,68.98,68.98,69.33,69.33,69.13,69.13,69.13,69.18,69.18,69.08,69.08,69.08,69.03,69.03,69.23,69.23,69.23,68.93,68.93,68.63,,69.53,,,,,,,,,,,
60,59,0,68.98,68.98,69.33,69.33,69.13,69.13,69.13,69.18,69.18,69.08,69.08,69.08,69.03,69.03,69.23,69.23,69.23,68.93,68.93,68.63,,69.53,,,,,,,,,,,
61,60,0,68.62,68.98,69.33,69.33,69.13,69.13,69.13,69.18,69.18,69.08,69.08,69.08,69.03,69.03,69.23,69.23,69.23,68.93,68.93,68.63,,69.53,,,,,,,,,,,
62,61,0,68.59,68.98,69.33,69.33,69.13,69.13,69.13,69.18,69.18,69.08,69.08,69.08,69.03,69.03,69.23,69.23,69.23,68.93,68.93,68.63,,69.53,,,,,,,,,,,
63,62,0,68.48,68.98,69.33,69.33,69.13,69.13,69.13,69.18,69.18,69.08,69.08,69.08,69.03,69.03,69.23,69.23,69.23,68.93,68.93,68.63,,69.53,,,,,,,,,,,
64,63,0,68.47,68.98,69.33,69.33,69.13,69.13,69.13,69.18,69.18,69.08,69.08,69.08,69.03,69.03,69.23,69.23,69.23,68.93,68.93,68.63,,69.53,,,,,,,,,,,
1,64,1,68.98,68.98,69.33,69.33,69.13,69.13,69.13,69.18,69.18,69.08,69.08,69.08,69.03,69.03,69.23,69.23,69.23,68.93,68.93,68.63,,69.53,,,,,,,,,,,
2,65,1,68.98,68.98,69.33,69.33,69.13,69.13,69.13,69.18,69.18,69.08,69.08,69.08,69.03,69.03,69.23,69.23,69.23,68.93,68.93,68.63,,69.53,,,,,,,,,,,
3,66,1,68.98,68.98,69.33,69.33,69.13,69.13,69.13,69.18,69.18,69.08,69.08,69.08,69.03,69.03,69.23,69.23,69.23,68.93,68.93,68.63,,69.53,,,,,,,,,,,
4,67,1,68.98,68.98,69.33,69.33,69.13,69.13,69.13,69.18,69.18,69.08,69.08,69.08,69.03,69.03,69.23,69.23,69.23,68.93,68.93,68.63,,69.53,,,,,,,,,,,
5,68,1,69.03,68.98,69.33,69.33,69.13,69.13,69.13,69.18,69.18,69.08,69.08,69.08,69.03,69.03,69.23,69.23,69.23,68.93,68.93,68.63,,69.53,,,,,,,,,,,
6,69,1,69.03,68.98,69.33,69.33,69.13,69.13,69.13,69.18,69.18,69.08,69.08,69.08,69.03,69.03,69.23,69.23,69.23,68.93,68.93,68.63,,69.53,,,,,,,,,,,
7,70,1,69.04,68.98,69.33,69.33,69.13,69.13,69.13,69.18,69.18,69.08,69.08,69.08,69.03,69.03,69.23,69.23,69.23,68.93,68.93,68.63,,69.53,,,,,,,,,,,
8,71,1,68.67,68.98,69.33,69.33,69.13,69.13,69.13,69.18,69.18,69.08,69.08,69.08,69.03,69.03,69.23,69.23,69.23,68.93,68.93,68.63,,69.53,,,,,,,,,,,
9,72,1,68.97,68.98,69.33,69.33,69.13,69.13,69.13,69.18,69.18,69.08,69.08,69.08,69.03,69.03,69.23,69.23,69.23,68.93,68.93,69.48,,69.53,,,,,,,,,,,
10,73,1,68.97,68.98,69.33,69.33,69.13,69.13,69.13,69.18,69.18,69.08,69.08,69.08,69.03,69.03,69.23,69.23,69.23,68.93,68.93,69.48,,69.53,,,,,,,,,,,
11,74,1,68.97,68.98,69.33,69.33,69.13,69.13,69.13,69.18,69.18,69.08,69.08,69.08,69.03,69.03,69.23,69.23,69.23,68.93,68.93,69.48,,69.53,,,,,,,,,,,
12,75,1,68.97,68.98,69.33,69.33,69.13,69.13,69.13,69.18,69.18,69.08,69.08,69.08,69.03,69.03,69.23,69.23,69.23,68.93,68.93,69.48,,69.53,,,,,,,,,,,
13,76,1,68.96,68.98,69.33,69.33,69.13,69.13,69.13,69.18,69.18,69.08,69.08,69.08,69.03,69.03,69.23,69.23,69.23,68.93,68.93,68.63,,69.53,,,,,,,,,,,
14,77,1,68.93,68.98,69.33,69.33,69.13,69.13,69.13,69.18,69.18,69.08,69.08,69.08,69.03,69.03,69.23,69.23,69.23,68.93,68.93,68.63,,69.53,,,,,,,,,,,
15,78,1,68.94,68.98,69.33,69.33,69.13,69.13,69.13,69.18,69.18,69.08,69.08,69.08,69.03,69.03,69.23,69.23,69.23,68.93,68.93,68.63,,69.53,,,,,,,,,,,
16,79,1,68.94,68.98,69.33,69.33,69.13,69.13,69.13,69.18,69.18,69.08,69.08,69.08,69.03,69.03,69.23,69.23,69.23,68.93,68.93,68.63,,69.53,,,,,,,,,,,
17,80,1,68.61,68.98,69.33,69.33,69.13,69.13,69.13,69.18,69.18,69.08,69.08,69.08,69.03,69.03,69.23,69.23,69.23,68.93,68.93,68.63,,69.53,,,,,,,,,,,
18,81,1,68.61,68.98,69.33,69.33,69.13,69.13,69.13,69.18,69.18,69.08,69.08,69.08,69.03,69.03,69.23,69.23,69.23,68.93,68.93,68.63,,69.53,,,,,,,,,,,
19,82,1,68.60,68.98,69.33,69.33,69.13,69.13,69.13,69.18,69.18,69.08,69.08,69.08,69.03,69.03,69.23,69.23,69.23,68.93,68.93,68.63,,69.53,,,,,,,,,,,
20,83,1,68.60,68.98,69.33,69.33,69.13,69.13,69.13,69.18,69.18,69.08,69.08,69.08,69.03,69.03,69.23,69.23,69.23,68.93,68.93,68.63,,69.53,,,,,,,,,,,
21,84,1,68.73,68.98,69.33,69.33,69.13,69.13,69.13,69.18,69.18,69.08,69.08,69.08,69.03,69.03,69.23,69.23,69.23,68.93,68.93,69.48,,69.53,,,,,,,,,,,
22,85,1,68.68,68.98,69.33,69.33,69.13,69.13,69.13,69.18,69.18,69.08,69.08,69.08,69.03,69.03,69.23,69.23,69.23,68.93,68.93,69.48,,69.53,,,,,,,,,,,
23,86,1,68.71,68.98,69.33,69.33,69.13,69.13,69.13,69.18,69.18,69.08,69.08,69.08,69.03,69.03,69.23,69.23,69.23,68.93,68.93,69.48,,69.53,,,,,,,,,,,
24,87,1,68.71,68.98,69.33,69.33,69.13,69.13,69.13,69.18,69.18,69.08,69.08,69.08,69.03,69.03,69.23,69.23,69.23,68.93,68.93,69.48,,69.53,,,,,,,,,,,
25,88,1,68.68,68.98,69.33,69.33,69.13,69.13,69.13,69.18,69.18,69.08,69.08,69.08,69.03,69.03,69.23,69.23,69.23,68.93,68.93,68.63,,69.53,,,,,,,,,,,
26,89,1,68.69,68.98,69.33,69.33,69.13,69.13,69.13,69.18,69.18,69.08,69.08,69.08,69.03,69.03,69.23,69.23,69.23,68.93,68.93,68.63,,69.53,,,,,,,,,,,
27,90,1,68.69,68.98,69.33,69.33,69.13,69.13,69.13,69.18,69.18,69.08,69.08,69.08,69.03,69.03,69.23,69.23,69.23,68.93,68.93,68.63,,69.53,,,,,,,,,,,
28,91,1,68.63,68.98,69.33,69.33,69.13,69.13,69.13,69.18,69.18,69.08,69.08,69.08,69.03,69.03,69.23,69.23,69.23,68.93,68.93,68.63,,69.53,,,,,,,,,,,
29,92,1,68.78,68.98,69.33,69.33,69.13,69.13,69.13,69.18,69.18,69.08,69.08,69.08,69.03,69.03,69.23,69.23,69.23,68.93,68.93,68.63,,69.53,,,,,,,,,,,
30,93,1,68.78,68.98,69.33,69.33,69.13,69.13,69.13,69.18,69.18,69.08,69.08,69.08,69.03,69.03,69.23,69.23,69.23,68.93,68.93,68.63,,69.53,,,,,,,,,,,
31,94,1,68.77,68.98,69.33,69.33,69.13,69.13,69.13,69.18,69.18,69.08,69.08,69.08,69.03,69.03,69.23,69.23,69.23,68.93,68.93,68.63,,69.53,,,,,,,,,,,
32,95,1,68.78,68.98,69.33,69.33,69.13,69.13,69.13,69.18,69.18,69.08,69.08,69.08,69.03,69.03,69.23,69.23,69.23,68.93,68.93,68.63,,69.53,,,,,,,,,,,
33,96,1,68.86,68.98,69.33,69.33,69.13,69.13,69.18,69.18,69.18,69.08,69.08,69.08,69.03,69.03,69.23,69.23,69.23,68.93,68.93,68.63,,69.53,,,,,,,,,,,
34,97,1,68.86,68.98,69.33,69.33,69.13,69.13,69.18,69.18,69.18,69.08,69.08,69.08,69.03,69.03,69.23,69.23,69.23,68.93,68.93,68.63,,69.53,,,,,,,,,,,
35,98,1,68.86,68.98,69.33,69.33,69.13,69.13,69.18,69.18,69.18,69.08,69.08,69.08,69.03,69.03,69.23,69.23,69.23,68.93,68.93,68.63,,69.53,,,,,,,,,,,
36,99,1,68.86,68.98,69.33,69.33,69.13,69.13,69.18,69.18,69.18,69.08,69.08,69.08,69.03,69.03,69.23,69.23,69.23,68.93,68.93,68.63,,69.53,,,,,,,,,,,
37,100,1,68.96,68.98,69.33,69.33,69.13,69.13,69.18,69.18,69.18,69.08,69.08,69.08,69.03,69.03,69.23,69.23,69.23,68.93,68.93,68.63,,69.53,,,,,,,,,,,
38,101,1,68.96,68.98,69.33,69.33,69.13,69.13,69.18,69.18,69.18,69.08,69.08,69.08,69.03,69.03,69.23,69.23,69.23,68.93,68.93,68.63,,69.53,,,,,,,,,,,
39,102,1,68.96,68.98,69.33,69.33,69.13,69.13,69.18,69.18,69.18,69.08,69.08,69.08,69.03,69.03,69.23,69.23,69.23,68.93,68.93,68.63,,69.53,,,,,,,,,,,
40,103,1,68.96,68.98,69.33,69.33,69.13,69.13,69.18,69.18,69.18,69.08,69.08,69.08,69.03,69.03,69.23,69.23,69.23,68.93,68.93,68.63,,69.53,,,,,,,,,,,
41,104,1,69.06,68.98,69.33,69.33,69.13,69.13,69.18,69.18,69.18,69.08,69.08,69.08,69.03,69.03,69.23,69.23,69.23,68.93,68.93,68.63,,69.53,,,,,,,,,,,
42,105,1,69.06,68.98,69.33,69.33,69.13,69.13,69.18,69.18,69.18,69.08,69.08,69.08,69.03,69.03,69.23,69.23,69.23,68.93,68.93,68.63,,69.53,,,,,,,,,,,
43,106,1,69.06,68.98,69.33,69.33,69.13,69.13,69.18,69.18,69.18,69.08,69.08,69.08,69.03,69.03,69.23,69.23,69.23,68.93,68.93,68.63,,69.53,,,,,,,,,,,
44,107,1,69.07,68.98,69.33,69.33,69.13,69.13,69.18,69.18,69.18,69.08,69.08,69.08,69.03,69.03,69.23,69.23,69.23,68.93,68.93,68.63,,69.53,,,,,,,,,,,
45,108,1,68.95,68.98,69.33,69.33,69.13,69.13,69.18,69.18,69.18,69.08,69.08,69.08,69.03,69.03,69.23,69.23,69.23,68.93,68.93,68.63,,69.53,,,,,,,,,,,
46,109,1,68.92,68.98,69.33,69.33,69.13,69.13,69.18,69.18,69.18,69.08,69.08,69.08,69.03,69.03,69.23,69.23,69.23,68.93,68.93,68.63,,69.53,,,,,,,,,,,
47,110,1,68.92,68.98,69.33,69.33,69.13,69.13,69.18,69.18,69.18,69.08,69.08,69.08,69.03,69.03,69.23,69.23,69.23,68.93,68.93,68.63,,69.53,,,,,,,,,,,
48,111,1,68.92,68.98,69.33,69.33,69.13,69.13,69.18,69.18,69.18,69.08,69.08,69.08,69.03,69.03,69.23,69.23,69.23,68.93,68.93,68.63,,69.53,,,,,,,,,,,
49,112,1,68.62,68.98,69.33,69.33,69.13,69.13,69.18,69.18,69.18,69.08,69.08,69.03,69.03,69.03,69.23,69.23,69.23,68.93,68.93,68.63,,69.53,,,,,,,,,,,
50,113,1,68.62,68.98,69.33,69.33,69.13,69.13,69.18,69.18,69.18,69.08,69.08,69.03,69.03,69.03,69.23,69.23,69.23,68.93,68.93,68.63,,69.53,,,,,,,,,,,
51,114,1,68.62,68.98,69.33,69.33,69.13,69.13,69.18,69.18,69.18,69.08,69.08,69.03,69.03,69.03,69.23,69.23,69.23,68.93,68.93,68.63,,69.53,,,,,,,,,,,
52,115,1,68.69,68.98,69.33,69.33,69.13,69.13,69.18,69.18,69.18,69.08,69.08,69.03,69.03,69.03,69.23,69.23,69.23,68.93,68.93,68.63,,69.53,,,,,,,,,,,
53,116,1,68.84,68.98,69.33,69.33,69.13,69.13,69.18,69.18,69.18,69.08,69.08,69.08,69.03,69.03,69.23,69.23,69.23,68.93,68.93,68.63,,69.53,,,,,,,,,,,
54,117,1,68.85,68.98,69.33,69.33,69.13,69.13,69.18,69.18,69.18,69.08,69.08,69.08,69.03,69.03,69.23,69.23,69.23,68.93,68.93,68.63,,69.53,,,,,,,,,,,
55,118,1,68.85,68.98,69.33,69.33,69.13,69.13,69.18,69.18,69.18,69.08,69.08,69.08,69.03,69.03,69.23,69.23,69.23,68.93,68.93,68.63,,69.53,,,,,,,,,,,
56,119,1,68.85,68.98,69.33,69.33,69.13,69.13,69.18,69.18,69.18,69.08,69.08,69.08,69.03,69.03,69.23,69.23,69.23,68.93,68.93,68.63,,69.53,,,,,,,,,,,
57,120,1,69.03,68.98,69.33,69.33,69.13,69.13,69.18,69.18,69.18,69.08,69.08,69.08,69.03,69.03,69.23,69.23,69.23,68.93,68.93,68.63,,69.53,,,,,,,,,,,
58,121,1,69.03,68.98,69.33,69.33,69.13,69.13,69.18,69.18,69.18,69.08,69.08,69.08,69.03,69.03,69.23,69.23,69.23,68.93,68.93,68.63,,69.53,,,,,,,,,,,
59,122,1,69.03,68.98,69.33,69.33,69.13,69.13,69.18,69.18,69.18,69.08,69.08,69.08,69.03,69.03,69.23,69.23,69.23,68.93,68.93,68.63,,69.53,,,,,,,,,,,
60,123,1,69.03,68.98,69.33,69.33,69.13,69.13,69.18,69.18,69.18,69.08,69.08,69.08,69.03,69.03,69.23,69.23,69.23,68.93,68.93,68.63,,69.53,,,,,,,,,,,
61,124,1,69.03,68.98,69.33,69.33,69.13,69.13,69.13,69.18,69.18,69.08,69.08,69.08,69.03,69.03,69.23,69.23,69.23,68.93,68.93,68.63,,69.53,,,,,,,,,,,
62,125,1,69.01,68.98,69.33,69.33,69.13,69.13,69.13,69.18,69.18,69.08,69.08,69.08,69.03,69.03,69.23,69.23,69.23,68.93,68.93,68.63,,69.53,,,,,,,,,,,
63,126,1,69.02,68.98,69.33,69.33,69.13,69.13,69.13,69.18,69.18,69.08,69.08,69.08,69.03,69.03,69.23,69.23,69.23,68.93,68.93,68.63,,69.53,,,,,,,,,,,
64,127,1,69.02,68.98,69.33,69.33,69.13,69.13,69.13,69.18,69.18,69.08,69.08,69.08,69.03,69.03,69.23,69.23,69.23,68.93,68.93,68.63,,69.53,,,,,,,,,,,
1,128,2,69.08,68.98,69.33,69.33,69.13,69.13,69.18,69.18,69.18,69.08,69.08,69.08,69.03,69.03,69.23,69.23,69.23,68.93,68.93,68.63,,68.78,,,,,,,,,,,
2,129,2,69.10,68.98,69.33,69.33,69.13,69.13,69.18,69.18,69.18,69.08,69.08,69.08,69.03,69.03,69.23,69.23,69.23,68.93,68.93,68.63,,68.78,,,,,,,,,,,
3,130,2,68.09,68.98,69.33,69.33,69.13,69.13,69.18,69.18,69.18,69.08,69.08,69.08,69.03,69.03,69.23,69.23,69.23,68.93,68.93,68.63,,68.78,,,,,,,,,,,
4,131,2,68.09,68.98,69.33,69.33,69.13,69.13,69.18,69.18,69.18,69.08,69.08,69.08,69.03,69.03,69.23,69.23,69.23,68.93,68.93,68.63,,68.78,,,,,,,,,,,
5,132,2,68.94,68.98,69.33,69.33,69.13,69.13,69.18,69.18,69.18,69.08,69.08,69.08,69.03,69.03,69.23,69.23,69.23,68.93,68.93,68.63,,68.78,,,,,,,,,,,
6,133,2,68.99,68.98,69.33,69.33,69.13,69.13,69.18,69.18,69.18,69.08,69.08,69.08,69.03,69.03,69.23,69.23,69.23,68.93,68.93,68.63,,68.78,,,,,,,,,,,
7,134,2,68.99,68.98,69.33,69.33,69.13,69.13,69.18,69.18,69.18,69.08,69.08,69.08,69.03,69.03,69.23,69.23,69.23,68.93,68.93,68.63,,68.78,,,,,,,,,,,
8,135,2,68.84,68.98,69.33,69.33,69.13,69.13,69.18,69.18,69.18,69.08,69.08,69.08,69.03,69.03,69.23,69.23,69.23,68.93,68.93,68.63,,68.78,,,,,,,,,,,
9,136,2,68.94,68.98,69.33,69.33,69.13,69.13,69.18,69.18,69.18,69.08,69.08,69.08,69.03,69.03,69.23,69.23,69.23,68.93,68.93,68.63,,68.78,,,,,,,,,,,
10,137,2,68.95,68.98,69.33,69.33,69.13,69.13,69.18,69.18,69.18,69.08,69.08,69.08,69.03,69.03,69.23,69.23,69.23,68.93,68.93,68.63,,68.78,,,,,,,,,,,
11,138,2,68.95,68.98,69.33,69.33,69.13,69.13,69.18,69.18,69.18,69.08,69.08,69.08,69.03,69.03,69.23,69.23,69.23,68.93,68.93,68.63,,68.78,,,,,,,,,,,
12,139,2,68.95,68.98,69.33,69.33,69.13,69.13,69.18,69.18,69.18,69.08,69.08,69.08,69.03,69.03,69.23,69.23,69.23,68.93,68.93,68.63,,68.78,,,,,,,,,,,
13,140,2,69.02,68.98,69.33,69.33,69.13,69.13,69.18,69.18,69.18,69.08,69.08,69.08,69.03,69.03,69.23,69.23,69.23,68.93,68.93,68.63,,68.78,,,,,,,,,,,
14,141,2,69.02,68.98,69.33,69.33,69.13,69.13,69.18,69.18,69.18,69.08,69.08,69.08,69.03,69.03,69.23,69.23,69.23,68.93,68.93,68.63,,68.78,,,,,,,,,,,
15,142,2,69.02,68.98,69.33,69.33,69.13,69.13,69.18,69.18,69.18,69.08,69.08,69.08,69.03,69.03,69.23,69.23,69.23,68.93,68.93,68.63,,68.78,,,,,,,,,,,
16,143,2,68.92,68.98,69.33,69.33,69.13,69.13,69.18,69.18,69.18,69.08,69.08,69.08,69.03,69.03,69.23,69.23,69.23,68.93,68.93,68.63,,68.78,,,,,,,,,,,
17,144,2,68.81,68.98,69.33,69.33,69.13,69.13,69.18,69.18,69.18,69.08,69.08,69.08,69.03,69.03,69.23,69.23,69.23,68.93,68.93,68.63,,68.78,,,,,,,,,,,
18,145,2,68.83,68.98,69.33,69.33,69.13,69.13,69.18,69.18,69.18,69.08,69.08,69.08,69.03,69.03,69.23,69.23,69.23,68.93,68.93,68.63,,68.78,,,,,,,,,,,
19,146,2,68.82,68.98,69.33,69.33,69.13,69.13,69.18,69.18,69.18,69.08,69.08,69.08,69.03,69.03,69.23,69.23,69.23,68.93,68.93,68.63,,68.78,,,,,,,,,,,
20,147,2,68.82,68.98,69.33,69.33,69.13,69.13,69.18,69.18,69.18,69.08,69.08,69.08,69.03,69.03,69.23,69.23,69.23,68.93,68.93,68.63,,68.78,,,,,,,,,,,
21,148,2,69.11,68.98,69.33,69.33,69.13,69.13,69.18,69.18,69.18,69.08,69.08,69.08,69.03,69.03,69.23,69.23,69.23,68.93,68.93,68.63,,68.78,,,,,,,,,,,
22,149,2,69.10,68.98,69.33,69.33,69.13,69.13,69.18,69.18,69.18,69.08,69.08,69.08,69.03,69.03,69.23,69.23,69.23,68.93,68.93,68.63,,68.78,,,,,,,,,,,
23,150,2,69.10,68.98,69.33,69.33,69.13,69.13,69.18,69.18,69.18,69.08,69.08,69.08,69.03,69.03,69.23,69.23,69.23,68.93,68.93,68.63,,68.78,,,,,,,,,,,
24,151,2,69.12,68.98,69.33,69.33,69.13,69.13,69.18,69.18,69.18,69.08,69.08,69.08,69.03,69.03,69.23,69.23,69.23,68.93,68.93,68.63,,68.78,,,,,,,,,,,
25,152,2,69.07,68.98,69.33,69.33,69.13,69.13,69.18,69.18,69.18,69.08,69.08,69.08,69.03,69.03,69.23,69.23,69.23,68.93,68.93,68.63,,68.78,,,,,,,,,,,
26,153,2,69.08,68.98,69.33,69.33,69.13,69.13,69.18,69.18,69.18,69.08,69.08,69.08,69.03,69.03,69.23,69.23,69.23,68.93,68.93,68.63,,68.78,,,,,,,,,,,
27,154,2,69.08,68.98,69.33,69.33,69.13,69.13,69.18,69.18,69.18,69.08,69.08,69.08,69.03,69.03,69.23,69.23,69.23,68.93,68.93,68.63,,68.78,,,,,,,,,,,
28,155,2,69.08,68.98,69.33,69.33,69.13,69.13,69.18,69.18,69.18,69.08,69.08,69.08,69.03,69.03,69.23,69.23,69.23,68.93,68.93,68.63,,68.78,,,,,,,,,,,
29,156,2,69.15,68.98,69.33,69.33,69.13,69.13,69.18,69.18,69.18,69.08,69.08,69.08,69.03,69.03,69.23,69.23,69.23,68.93,68.93,68.63,,68.78,,,,,,,,,,,
30,157,2,69.23,68.98,69.33,69.33,69.13,69.13,69.18,69.18,69.18,69.08,69.08,69.08,69.03,69.03,69.23,69.23,69.23,68.93,68.93,68.63,,68.78,,,,,,,,,,,
31,158,2,69.13,68.98,69.33,69.33,69.13,69.13,69.18,69.18,69.18,69.08,69.08,69.08,69.03,69.03,69.23,69.23,69.23,68.93,68.93,68.63,,68.78,,,,,,,,,,,
32,159,2,69.14,68.98,69.33,69.33,69.13,69.13,69.18,69.18,69.18,69.08,69.08,69.08,69.03,69.03,69.23,69.23,69.23,68.93,68.93,68.63,,68.78,,,,,,,,,,,
33,160,2,68.93,68.98,69.33,69.33,69.13,69.13,69.18,69.18,69.18,69.08,69.08,69.08,69.03,69.03,69.23,69.23,69.23,68.93,68.93,68.63,,68.78,,,,,,,,,,,
34,161,2,68.94,68.98,69.33,69.33,69.13,69.13,69.18,69.18,69.18,69.08,69.08,69.08,69.03,69.03,69.23,69.23,69.23,68.93,68.93,68.63,,68.78,,,,,,,,,,,
35,162,2,68.94,68.98,69.33,69.33,69.13,69.13,69.18,69.18,69.18,69.08,69.08,69.08,69.03,69.03,69.23,69.23,69.23,68.93,68.93,68.63,,68.78,,,,,,,,,,,
36,163,2,68.94,68.98,69.33,69.33,69.13,69.13,69.18,69.18,69.18,69.08,69.08,69.08,69.03,69.03,69.23,69.23,69.23,68.93,68.93,68.63,,68.78,,,,,,,,,,,
37,164,2,69.44,68.98,69.33,69.33,69.13,69.13,69.18,69.18,69.18,69.08,69.08,69.08,69.03,69.03,69.23,69.23,69.23,68.93,68.93,68.63,,68.78,,,,,,,,,,,
38,165,2,69.15,68.98,69.33,69.33,69.13,69.13,69.18,69.18,69.18,69.08,69.08,69.08,69.03,69.03,69.23,69.23,69.23,68.93,68.93,68.63,,68.78,,,,,,,,,,,
39,166,2,69.04,68.98,69.33,69.33,69.13,69.13,69.18,69.18,69.18,69.08,69.08,69.08,69.03,69.03,69.23,69.23,69.23,68.93,68.93,68.63,,68.78,,,,,,,,,,,
40,167,2,69.04,68.98,69.33,69.33,69.13,69.13,69.18,69.18,69.18,69.08,69.08,69.08,69.03,69.03,69.23,69.23,69.23,68.93,68.93,68.63,,68.78,,,,,,,,,,,
41,168,2,68.57,68.98,69.33,69.33,69.13,69.13,69.18,69.18,69.18,69.08,69.08,69.08,69.03,69.03,69.23,69.23,69.23,68.93,68.93,68.63,,68.78,,,,,,,,,,,
42,169,2,68.57,68.98,69.33,69.33,69.13,69.13,69.18,69.18,69.18,69.08,69.08,69.08,69.03,69.03,69.23,69.23,69.23,68.93,68.93,68.63,,68.78,,,,,,,,,,,
43,170,2,68.58,68.98,69.33,69.33,69.13,69.13,69.18,69.18,69.18,69.08,69.08,69.08,69.03,69.03,69.23,69.23,69.23,68.93,68.93,68.63,,68.78,,,,,,,,,,,
44,171,2,68.58,68.98,69.33,69.33,69.13,69.13,69.18,69.18,69.18,69.08,69.08,69.08,69.03,69.03,69.23,69.23,69.23,68.93,68.93,68.63,,68.78,,,,,,,,,,,
45,172,2,68.90,68.98,69.33,69.33,69.13,69.13,69.18,69.18,69.18,69.08,69.08,69.08,69.03,69.03,69.23,69.23,69.23,68.93,68.93,68.63,,68.78,,,,,,,,,,,
46,173,2,68.83,68.98,69.33,69.33,69.13,69.13,69.18,69.18,69.18,69.08,69.08,69.08,69.03,69.03,69.23,69.23,69.23,68.93,68.93,68.63,,68.78,,,,,,,,,,,
47,174,2,68.90,68.98,69.33,69.33,69.13,69.13,69.18,69.18,69.18,69.08,69.08,69.08,69.03,69.03,69.23,69.23,69.23,68.93,68.93,68.63,,68.78,,,,,,,,,,,
48,175,2,68.91,68.98,69.33,69.33,69.13,69.13,69.18,69.18,69.18,69.08,69.08,69.08,69.03,69.03,69.23,69.23,69.23,68.93,68.93,68.63,,68.78,,,,,,,,,,,
49,176,2,68.93,68.98,69.33,69.33,69.13,69.13,69.18,69.18,69.18,69.08,69.08,69.08,69.03,69.03,69.23,69.23,69.23,68.93,68.93,68.63,,68.78,,,,,,,,,,,
50,177,2,68.92,68.98,69.33,69.33,69.13,69.13,69.18,69.18,69.18,69.08,69.08,69.08,69.03,69.03,69.23,69.23,69.23,68.93,68.93,68.63,,68.78,,,,,,,,,,,
51,178,2,68.92,68.98,69.33,69.33,69.13,69.13,69.18,69.18,69.18,69.08,69.08,69.08,69.03,69.03,69.23,69.23,69.23,68.93,68.93,68.63,,68.78,,,,,,,,,,,
52,179,2,68.93,68.98,69.33,69.33,69.13,69.13,69.18,69.18,69.18,69.08,69.08,69.08,69.03,69.03,69.23,69.23,69.23,68.93,68.93,68.63,,68.78,,,,,,,,,,,
53,180,2,68.68,68.98,69.33,69.33,69.13,69.13,69.18,69.18,69.18,69.08,69.08,69.08,69.03,69.03,69.23,69.23,69.23,68.93,68.93,68.63,,68.78,,,,,,,,,,,
54,181,2,68.65,68.98,69.33,69.33,69.13,69.13,69.18,69.18,69.18,69.08,69.08,69.08,69.03,69.03,69.23,69.23,69.23,68.93,68.93,68.63,,68.78,,,,,,,,,,,
55,182,2,68.68,68.98,69.33,69.33,69.13,69.13,69.18,69.18,69.18,69.08,69.08,69.08,69.03,69.03,69.23,69.23,69.23,68.93,68.93,68.63,,68.78,,,,,,,,,,,
56,183,2,68.68,68.98,69.33,69.33,69.13,69.13,69.18,69.18,69.18,69.08,69.08,69.08,69.03,69.03,69.23,69.23,69.23,68.93,68.93,68.63,,68.78,,,,,,,,,,,
57,184,2,68.54,68.98,69.33,69.33,69.13,69.13,69.18,69.18,69.18,69.08,69.08,69.08,69.03,69.03,69.23,69.23,69.23,68.93,68.93,68.63,,68.78,,,,,,,,,,,
58,185,2,68.54,68.98,69.33,69.33,69.13,69.13,69.18,69.18,69.18,69.08,69.08,69.08,69.03,69.03,69.23,69.23,69.23,68.93,68.93,68.63,,68.78,,,,,,,,,,,
59,186,2,68.54,68.98,69.33,69.33,69.13,69.13,69.18,69.18,69.18,69.08,69.08,69.08,69.03,69.03,69.23,69.23,69.23,68.93,68.93,68.63,,68.78,,,,,,,,,,,
60,187,2,68.54,68.98,69.33,69.33,69.13,69.13,69.18,69.18,69.18,69.08,69.08,69.08,69.03,69.03,69.23,69.23,69.23,68.93,68.93,68.63,,68.78,,,,,,,,,,,
61,188,2,68.84,68.98,69.33,69.33,69.13,69.13,69.18,69.18,69.18,69.08,69.08,69.03,69.03,69.03,69.23,69.23,69.23,68.93,68.93,68.63,,68.78,,,,,,,,,,,
62,189,2,68.90,68.98,69.33,69.33,69.13,69.13,69.18,69.18,69.18,69.08,69.08,69.03,69.03,69.03,69.23,69.23,69.23,68.93,68.93,68.63,,68.78,,,,,,,,,,,
63,190,2,68.88,68.98,69.33,69.33,69.13,69.13,69.18,69.18,69.18,69.08,69.08,69.03,69.03,69.03,69.23,69.23,69.23,68.93,68.93,68.63,,68.78,,,,,,,,,,,
64,191,2,68.88,68.98,69.33,69.33,69.13,69.13,69.18,69.18,69.18,69.08,69.08,69.03,69.03,69.03,69.23,69.23,69.23,68.93,68.93,68.63,,68.78,,,,,,,,,,,
1,192,3,68.56,68.98,69.33,69.33,69.13,69.13,69.18,69.18,69.08,69.08,69.08,69.03,69.03,69.03,69.23,69.23,69.23,68.93,68.93,69.48,,68.78,,,,,,,,,,,
2,193,3,68.56,68.98,69.33,69.33,69.13,69.13,69.18,69.18,69.08,69.08,69.08,69.03,69.03,69.03,69.23,69.23,69.23,68.93,68.93,69.48,,68.78,,,,,,,,,,,
3,194,3,68.56,68.98,69.33,69.33,69.13,69.13,69.18,69.18,69.08,69.08,69.08,69.03,69.03,69.03,69.23,69.23,69.23,68.93,68.93,69.48,,68.78,,,,,,,,,,,
4,195,3,68.56,68.98,69.33,69.33,69.13,69.13,69.18,69.18,69.08,69.08,69.08,69.03,69.03,69.03,69.23,69.23,69.23,68.93,68.93,69.48,,68.78,,,,,,,,,,,
5,196,3,68.53,68.98,69.33,69.33,69.13,69.13,69.18,69.18,69.08,69.08,69.08,69.03,69.03,69.03,69.23,69.23,69.23,68.93,68.93,68.63,,68.78,,,,,,,,,,,
6,197,3,68.52,68.98,69.33,69.33,69.13,69.13,69.18,69.18,69.08,69.08,69.08,69.03,69.03,69.03,69.23,69.23,69.23,68.93,68.93,68.63,,68.78,,,,,,,,,,,
7,198,3,68.52,68.98,69.33,69.33,69.13,69.13,69.18,69.18,69.08,69.08,69.08,69.03,69.03,69.03,69.23,69.23,69.23,68.93,68.93,68.63,,68.78,,,,,,,,,,,
8,199,3,68.53,68.98,69.33,69.33,69.13,69.13,69.18,69.18,69.08,69.08,69.08,69.03,69.03,69.03,69.23,69.23,69.23,68.93,68.93,68.63,,68.78,,,,,,,,,,,
9,200,3,68.77,68.98,69.33,69.33,69.13,69.13,69.18,69.18,69.18,69.08,69.08,69.03,69.03,69.03,69.23,69.23,69.23,68.93,68.93,69.48,,68.78,,,,,,,,,,,
10,201,3,68.77,68.98,69.33,69.33,69.13,69.13,69.18,69.18,69.18,69.08,69.08,69.03,69.03,69.03,69.23,69.23,69.23,68.93,68.93,69.48,,68.78,,,,,,,,,,,
11,202,3,68.77,68.98,69.33,69.33,69.13,69.13,69.18,69.18,69.18,69.08,69.08,69.03,69.03,69.03,69.23,69.23,69.23,68.93,68.93,69.48,,68.78,,,,,,,,,,,
12,203,3,68.77,68.98,69.33,69.33,69.13,69.13,69.18,69.18,69.18,69.08,69.08,69.03,69.03,69.03,69.23,69.23,69.23,68.93,68.93,69.48,,68.78,,,,,,,,,,,
13,204,3,68.53,68.98,69.33,69.33,69.13,69.13,69.18,69.18,69.08,69.08,69.08,69.03,69.03,69.03,69.23,69.23,69.23,68.93,68.93,68.63,,68.78,,,,,,,,,,,
14,205,3,68.53,68.98,69.33,69.33,69.13,69.13,69.18,69.18,69.08,69.08,69.08,69.03,69.03,69.03,69.23,69.23,69.23,68.93,68.93,68.63,,68.78,,,,,,,,,,,
15,206,3,68.54,68.98,69.33,69.33,69.13,69.13,69.18,69.18,69.08,69.08,69.08,69.03,69.03,69.03,69.23,69.23,69.23,68.93,68.93,68.63,,68.78,,,,,,,,,,,
16,207,3,68.53,68.98,69.33,69.33,69.13,69.13,69.18,69.18,69.08,69.08,69.08,69.03,69.03,69.03,69.23,69.23,69.23,68.93,68.93,68.63,,68.78,,,,,,,,,,,
17,208,3,68.80,68.98,69.33,69.33,69.13,69.13,69.18,69.18,69.18,69.08,69.08,69.03,69.03,69.03,69.23,69.23,69.23,68.93,68.93,68.63,,68.78,,,,,,,,,,,
18,209,3,68.80,68.98,69.33,69.33,69.13,69.13,69.18,69.18,69.18,69.08,69.08,69.03,69.03,69.03,69.23,69.23,69.23,68.93,68.93,68.63,,68.78,,,,,,,,,,,
19,210,3,68.81,68.98,69.33,69.33,69.13,69.13,69.18,69.18,69.18,69.08,69.08,69.03,69.03,69.03,69.23,69.23,69.23,68.93,68.93,68.63,,68.78,,,,,,,,,,,
20,211,3,68.81,68.98,69.33,69.33,69.13,69.13,69.18,69.18,69.18,69.08,69.08,69.03,69.03,69.03,69.23,69.23,69.23,68.93,68.93,68.63,,68.78,,,,,,,,,,,
21,212,3,68.55,68.98,69.33,69.33,69.13,69.13,69.18,69.18,69.18,69.08,69.08,69.03,69.03,69.03,69.23,69.23,69.23,68.93,68.93,68.63,,69.53,,,,,,,,,,,
22,213,3,68.55,68.98,69.33,69.33,69.13,69.13,69.18,69.18,69.18,69.08,69.08,69.03,69.03,69.03,69.23,69.23,69.23,68.93,68.93,68.63,,69.53,,,,,,,,,,,
23,214,3,68.55,68.98,69.33,69.33,69.13,69.13,69.18,69.18,69.18,69.08,69.08,69.03,69.03,69.03,69.23,69.23,69.23,68.93,68.93,68.63,,69.53,,,,,,,,,,,
24,215,3,68.56,68.98,69.33,69.33,69.13,69.13,69.18,69.18,69.18,69.08,69.08,69.03,69.03,69.03,69.23,69.23,69.23,68.93,68.93,68.63,,69.53,,,,,,,,,,,
25,216,3,68.81,68.98,69.33,69.33,69.13,69.13,69.18,69.18,69.18,69.08,69.08,69.03,69.03,69.03,69.23,69.23,69.23,68.93,68.93,68.63,,69.53,,,,,,,,,,,
26,217,3,68.80,68.98,69.33,69.33,69.13,69.13,69.18,69.18,69.18,69.08,69.08,69.03,69.03,69.03,69.23,69.23,69.23,68.93,68.93,68.63,,69.53,,,,,,,,,,,
27,218,3,68.80,68.98,69.33,69.33,69.13,69.13,69.18,69.18,69.18,69.08,69.08,69.03,69.03,69.03,69.23,69.23,69.23,68.93,68.93,68.63,,69.53,,,,,,,,,,,
28,219,3,68.80,68.98,69.33,69.33,69.13,69.13,69.18,69.18,69.18,69.08,69.08,69.03,69.03,69.03,69.23,69.23,69.23,68.93,68.93,68.63,,69.53,,,,,,,,,,,
29,220,3,68.79,68.98,69.33,69.33,69.13,69.13,69.18,69.18,69.18,69.08,69.08,69.03,69.03,69.03,69.23,69.23,69.23,68.93,68.63,68.63,,69.53,,,,,,,,,,,
30,221,3,68.80,68.98,69.33,69.33,69.13,69.13,69.18,69.18,69.18,69.08,69.08,69.03,69.03,69.03,69.23,69.23,69.23,68.93,68.63,68.63,,69.53,,,,,,,,,,,
31,222,3,68.80,68.98,69.33,69.33,69.13,69.13,69.18,69.18,69.18,69.08,69.08,69.03,69.03,69.03,69.23,69.23,69.23,68.93,68.63,68.63,,69.53,,,,,,,,,,,
32,223,3,68.79,68.98,69.33,69.33,69.13,69.13,69.18,69.18,69.18,69.08,69.08,69.03,69.03,69.03,69.23,69.23,69.23,68.93,68.63,68.63,,69.53,,,,,,,,,,,
33,224,3,68.63,68.98,69.33,69.33,69.13,69.13,69.18,69.18,69.18,69.08,69.08,69.03,69.03,69.03,69.23,69.23,69.23,68.93,68.93,68.63,,69.53,,,,,,,,,,,
34,225,3,68.64,68.98,69.33,69.33,69.13,69.13,69.18,69.18,69.18,69.08,69.08,69.03,69.03,69.03,69.23,69.23,69.23,68.93,68.93,68.63,,69.53,,,,,,,,,,,
35,226,3,68.63,68.98,69.33,69.33,69.13,69.13,69.18,69.18,69.18,69.08,69.08,69.03,69.03,69.03,69.23,69.23,69.23,68.93,68.93,68.63,,69.53,,,,,,,,,,,
36,227,3,68.63,68.98,69.33,69.33,69.13,69.13,69.18,69.18,69.18,69.08,69.08,69.03,69.03,69.03,69.23,69.23,69.23,68.93,68.93,68.63,,69.53,,,,,,,,,,,
37,228,3,68.90,68.98,69.33,69.33,69.13,69.13,69.18,69.18,69.18,69.08,69.08,69.03,69.03,69.03,69.23,69.23,69.23,68.93,68.93,69.48,,69.53,,,,,,,,,,,
38,229,3,68.90,68.98,69.33,69.33,69.13,69.13,69.18,69.18,69.18,69.08,69.08,69.03,69.03,69.03,69.23,69.23,69.23,68.93,68.93,69.48,,69.53,,,,,,,,,,,
39,230,3,68.89,68.98,69.33,69.33,69.13,69.13,69.18,69.18,69.18,69.08,69.08,69.03,69.03,69.03,69.23,69.23,69.23,68.93,68.93,69.48,,69.53,,,,,,,,,,,
40,231,3,68.90,68.98,69.33,69.33,69.13,69.13,69.18,69.18,69.18,69.08,69.08,69.03,69.03,69.03,69.23,69.23,69.23,68.93,68.93,69.48,,69.53,,,,,,,,,,,
41,232,3,68.71,68.98,69.33,69.13,69.13,69.13,69.18,69.18,69.18,69.08,69.08,69.03,69.03,69.03,69.23,69.23,69.23,68.93,68.93,69.48,,69.53,,,,,,,,,,,
42,233,3,68.72,68.98,69.33,69.13,69.13,69.13,69.18,69.18,69.18,69.08,69.08,69.03,69.03,69.03,69.23,69.23,69.23,68.93,68.93,69.48,,69.53,,,,,,,,,,,
43,234,3,68.63,68.98,69.33,69.13,69.13,69.13,69.18,69.18,69.18,69.08,69.08,69.03,69.03,69.03,69.23,69.23,69.23,68.93,68.93,69.48,,69.53,,,,,,,,,,,
44,235,3,68.62,68.98,69.33,69.13,69.13,69.13,69.18,69.18,69.18,69.08,69.08,69.03,69.03,69.03,69.23,69.23,69.23,68.93,68.93,69.48,,69.53,,,,,,,,,,,
45,236,3,68.55,68.98,69.33,69.33,69.13,69.13,69.18,69.18,69.18,69.08,69.08,69.03,69.03,69.03,69.23,69.23,69.23,68.93,68.93,68.63,,69.53,,,,,,,,,,,
46,237,3,68.55,68.98,69.33,69.33,69.13,69.13,69.18,69.18,69.18,69.08,69.08,69.03,69.03,69.03,69.23,69.23,69.23,68.93,68.93,68.63,,69.53,,,,,,,,,,,
47,238,3,68.56,68.98,69.33,69.33,69.13,69.13,69.18,69.18,69.18,69.08,69.08,69.03,69.03,69.03,69.23,69.23,69.23,68.93,68.93,68.63,,69.53,,,,,,,,,,,
48,239,3,68.55,68.98,69.33,69.33,69.13,69.13,69.18,69.18,69.18,69.08,69.08,69.03,69.03,69.03,69.23,69.23,69.23,68.93,68.93,68.63,,69.53,,,,,,,,,,,
49,240,3,69.05,68.98,69.33,69.33,69.13,69.13,69.18,69.18,69.18,69.08,69.08,69.03,69.03,69.03,69.23,69.23,69.23,68.93,69.48,68.63,,69.53,,,,,,,,,,,
50,241,3,68.94,68.98,69.33,69.33,69.13,69.13,69.18,69.18,69.18,69.08,69.08,69.03,69.03,69.03,69.23,69.23,69.23,68.93,69.48,68.63,,69.53,,,,,,,,,,,
51,242,3,69.05,68.98,69.33,69.33,69.13,69.13,69.18,69.18,69.18,69.08,69.08,69.03,69.03,69.03,69.23,69.23,69.23,68.93,69.48,68.63,,69.53,,,,,,,,,,,
52,243,3,69.05,68.98,69.33,69.33,69.13,69.13,69.18,69.18,69.18,69.08,69.08,69.03,69.03,69.03,69.23,69.23,69.23,68.93,69.48,68.63,,69.53,,,,,,,,,,,
53,244,3,68.48,68.98,69.33,69.33,69.13,69.13,69.18,69.18,69.18,69.08,69.08,69.03,69.03,69.03,69.23,69.23,69.23,68.93,69.48,68.63,,69.53,,,,,,,,,,,
54,245,3,68.44,68.98,69.33,69.33,69.13,69.13,69.18,69.18,69.18,69.08,69.08,69.03,69.03,69.03,69.23,69.23,69.23,68.93,69.48,68.63,,69.53,,,,,,,,,,,
55,246,3,68.52,68.98,69.33,69.33,69.13,69.13,69.18,69.18,69.18,69.08,69.08,69.03,69.03,69.03,69.23,69.23,69.23,68.93,69.48,68.63,,69.53,,,,,,,,,,,
56,247,3,68.49,68.98,69.33,69.33,69.13,69.13,69.18,69.18,69.18,69.08,69.08,69.03,69.03,69.03,69.23,69.23,69.23,68.93,69.48,68.63,,69.53,,,,,,,,,,,
57,248,3,69.04,68.98,69.33,69.33,69.13,69.13,69.18,69.18,69.18,69.08,69.08,69.03,69.03,69.03,69.23,69.23,69.23,68.93,69.48,68.63,,69.53,,,,,,,,,,,
58,249,3,69.04,68.98,69.33,69.33,69.13,69.13,69.18,69.18,69.18,69.08,69.08,69.03,69.03,69.03,69.23,69.23,69.23,68.93,69.48,68.63,,69.53,,,,,,,,,,,
59,250,3,69.04,68.98,69.33,69.33,69.13,69.13,69.18,69.18,69.18,69.08,69.08,69.03,69.03,69.03,69.23,69.23,69.23,68.93,69.48,68.63,,69.53,,,,,,,,,,,
60,251,3,69.04,68.98,69.33,69.33,69.13,69.13,69.18,69.18,69.18,69.08,69.08,69.03,69.03,69.03,69.23,69.23,69.23,68.93,69.48,68.63,,69.53,,,,,,,,,,,
61,252,3,69.03,68.98,69.33,69.33,69.13,69.13,69.18,69.18,69.18,69.08,69.08,69.03,69.03,69.03,69.23,69.23,69.23,68.93,69.48,68.63,,69.53,,,,,,,,,,,
62,253,3,69.03,68.98,69.33,69.33,69.13,69.13,69.18,69.18,69.18,69.08,69.08,69.03,69.03,69.03,69.23,69.23,69.23,68.93,69.48,68.63,,69.53,,,,,,,,,,,
63,254,3,69.03,68.98,69.33,69.33,69.13,69.13,69.18,69.18,69.18,69.08,69.08,69.03,69.03,69.03,69.23,69.23,69.23,68.93,69.48,68.63,,69.53,,,,,,,,,,,
64,255,3,69.04,68.98,69.33,69.33,69.13,69.13,69.18,69.18,69.18,69.08,69.08,69.03,69.03,69.03,69.23,69.23,69.23,68.93,69.48,68.63,,69.53,,,,,,,,,,,
1,256,4,69.06,68.98,69.33,69.33,69.13,69.13,69.18,69.18,69.18,69.08,69.08,69.03,69.03,69.03,69.23,69.23,69.23,68.93,68.63,68.63,,69.53,,,,,,,,,,,
2,257,4,69.06,68.98,69.33,69.33,69.13,69.13,69.18,69.18,69.18,69.08,69.08,69.03,69.03,69.03,69.23,69.23,69.23,68.93,68.63,68.63,,69.53,,,,,,,,,,,
3,258,4,69.07,68.98,69.33,69.33,69.13,69.13,69.18,69.18,69.18,69.08,69.08,69.03,69.03,69.03,69.23,69.23,69.23,68.93,68.63,68.63,,69.53,,,,,,,,,,,
4,259,4,69.07,68.98,69.33,69.33,69.13,69.13,69.18,69.18,69.18,69.08,69.08,69.03,69.03,69.03,69.23,69.23,69.23,68.93,68.63,68.63,,69.53,,,,,,,,,,,
5,260,4,68.86,68.98,69.33,69.13,69.13,69.13,69.18,69.18,69.18,69.08,69.08,69.03,69.03,69.03,69.23,69.23,69.23,68.93,68.63,68.63,,69.53,,,,,,,,,,,
6,261,4,69.50,68.98,69.33,69.13,69.13,69.13,69.18,69.18,69.18,69.08,69.08,69.03,69.03,69.03,69.23,69.23,69.23,68.93,68.63,68.63,,69.53,,,,,,,,,,,
7,262,4,69.52,68.98,69.33,69.13,69.13,69.13,69.18,69.18,69.18,69.08,69.08,69.03,69.03,69.03,69.23,69.23,69.23,68.93,68.63,68.63,,69.53,,,,,,,,,,,
8,263,4,69.46,68.98,69.33,69.13,69.13,69.13,69.18,69.18,69.18,69.08,69.08,69.03,69.03,69.03,69.23,69.23,69.23,68.93,68.63,68.63,,69.53,,,,,,,,,,,
9,264,4,68.67,68.98,69.33,69.13,69.13,69.13,69.18,69.18,69.18,69.08,69.08,69.03,69.03,69.03,69.23,69.23,69.23,68.93,69.48,68.63,,69.53,,,,,,,,,,,
10,265,4,68.67,68.98,69.33,69.13,69.13,69.13,69.18,69.18,69.18,69.08,69.08,69.03,69.03,69.03,69.23,69.23,69.23,68.93,69.48,68.63,,69.53,,,,,,,,,,,
11,266,4,68.66,68.98,69.33,69.13,69.13,69.13,69.18,69.18,69.18,69.08,69.08,69.03,69.03,69.03,69.23,69.23,69.23,68.93,69.48,68.63,,69.53,,,,,,,,,,,
12,267,4,68.67,68.98,69.33,69.13,69.13,69.13,69.18,69.18,69.18,69.08,69.08,69.03,69.03,69.03,69.23,69.23,69.23,68.93,69.48,68.63,,69.53,,,,,,,,,,,
13,268,4,69.35,68.98,69.33,69.13,69.13,69.13,69.18,69.18,69.18,69.08,69.08,69.03,69.03,69.03,69.23,69.23,69.23,68.93,69.48,68.63,,69.53,,,,,,,,,,,
14,269,4,69.37,68.98,69.33,69.13,69.13,69.13,69.18,69.18,69.18,69.08,69.08,69.03,69.03,69.03,69.23,69.23,69.23,68.93,69.48,68.63,,69.53,,,,,,,,,,,
15,270,4,69.11,68.98,69.33,69.13,69.13,69.13,69.18,69.18,69.18,69.08,69.08,69.03,69.03,69.03,69.23,69.23,69.23,68.93,69.48,68.63,,69.53,,,,,,,,,,,
16,271,4,68.99,68.98,69.33,69.13,69.13,69.13,69.18,69.18,69.18,69.08,69.08,69.03,69.03,69.03,69.23,69.23,69.23,68.93,69.48,68.63,,69.53,,,,,,,,,,,
17,272,4,69.00,68.98,69.33,69.13,69.13,69.13,69.18,69.18,69.18,69.08,69.08,69.03,69.03,69.03,69.23,69.23,68.93,68.93,68.63,68.63,,69.53,,,,,,,,,,,
18,273,4,69.01,68.98,69.33,69.13,69.13,69.13,69.18,69.18,69.18,69.08,69.08,69.03,69.03,69.03,69.23,69.23,68.93,68.93,68.63,68.63,,69.53,,,,,,,,,,,
19,274,4,69.00,68.98,69.33,69.13,69.13,69.13,69.18,69.18,69.18,69.08,69.08,69.03,69.03,69.03,69.23,69.23,68.93,68.93,68.63,68.63,,69.53,,,,,,,,,,,
20,275,4,69.00,68.98,69.33,69.13,69.13,69.13,69.18,69.18,69.18,69.08,69.08,69.03,69.03,69.03,69.23,69.23,68.93,68.93,68.63,68.63,,69.53,,,,,,,,,,,
21,276,4,68.65,68.98,69.33,69.13,69.13,69.13,69.18,69.18,69.18,69.08,69.08,69.03,69.03,69.03,69.23,69.23,68.93,68.93,68.63,68.63,,69.53,,,,,,,,,,,
22,277,4,68.66,68.98,69.33,69.13,69.13,69.13,69.18,69.18,69.18,69.08,69.08,69.03,69.03,69.03,69.23,69.23,68.93,68.93,68.63,68.63,,69.53,,,,,,,,,,,
23,278,4,68.66,68.98,69.33,69.13,69.13,69.13,69.18,69.18,69.18,69.08,69.08,69.03,69.03,69.03,69.23,69.23,68.93,68.93,68.63,68.63,,69.53,,,,,,,,,,,
24,279,4,68.65,68.98,69.33,69.13,69.13,69.13,69.18,69.18,69.18,69.08,69.08,69.03,69.03,69.03,69.23,69.23,68.93,68.93,68.63,68.63,,69.53,,,,,,,,,,,
25,280,4,69.28,68.98,69.33,69.13,69.13,69.13,69.18,69.18,69.18,69.08,69.08,69.03,69.03,69.03,69.23,69.23,68.93,68.93,68.63,68.63,,69.53,,,,,,,,,,,
26,281,4,69.28,68.98,69.33,69.13,69.13,69.13,69.18,69.18,69.18,69.08,69.08,69.03,69.03,69.03,69.23,69.23,68.93,68.93,68.63,68.63,,69.53,,,,,,,,,,,
27,282,4,69.23,68.98,69.33,69.13,69.13,69.13,69.18,69.18,69.18,69.08,69.08,69.03,69.03,69.03,69.23,69.23,68.93,68.93,68.63,68.63,,69.53,,,,,,,,,,,
28,283,4,69.34,68.98,69.33,69.13,69.13,69.13,69.18,69.18,69.18,69.08,69.08,69.03,69.03,69.03,69.23,69.23,68.93,68.93,68.63,68.63,,69.53,,,,,,,,,,,
29,284,4,69.01,68.98,69.33,69.13,69.13,69.13,69.18,69.18,69.18,69.08,69.08,69.03,69.03,69.03,69.23,69.23,69.23,68.93,68.63,68.63,,69.53,,,,,,,,,,,
30,285,4,69.01,68.98,69.33,69.13,69.13,69.13,69.18,69.18,69.18,69.08,69.08,69.03,69.03,69.03,69.23,69.23,69.23,68.93,68.63,68.63,,69.53,,,,,,,,,,,
31,286,4,69.01,68.98,69.33,69.13,69.13,69.13,69.18,69.18,69.18,69.08,69.08,69.03,69.03,69.03,69.23,69.23,69.23,68.93,68.63,68.63,,69.53,,,,,,,,,,,
32,287,4,69.02,68.98,69.33,69.13,69.13,69.13,69.18,69.18,69.18,69.08,69.08,69.03,69.03,69.03,69.23,69.23,69.23,68.93,68.63,68.63,,69.53,,,,,,,,,,,
33,288,4,69.16,68.98,69.33,69.13,69.13,69.13,69.18,69.18,69.08,69.08,69.08,69.03,69.03,69.03,69.23,69.23,68.93,68.93,68.63,68.63,,69.53,,,,,,,,,,,
34,289,4,69.24,68.98,69.33,69.13,69.13,69.13,69.18,69.18,69.08,69.08,69.08,69.03,69.03,69.03,69.23,69.23,68.93,68.93,68.63,68.63,,69.53,,,,,,,,,,,
35,290,4,69.11,68.98,69.33,69.13,69.13,69.13,69.18,69.18,69.08,69.08,69.08,69.03,69.03,69.03,69.23,69.23,68.93,68.93,68.63,68.63,,69.53,,,,,,,,,,,
36,291,4,69.11,68.98,69.33,69.13,69.13,69.13,69.18,69.18,69.08,69.08,69.08,69.03,69.03,69.03,69.23,69.23,68.93,68.93,68.63,68.63,,69.53,,,,,,,,,,,
37,292,4,68.61,68.98,69.33,69.13,69.13,69.13,69.18,69.18,69.08,69.08,69.08,69.03,69.03,69.03,69.23,69.23,68.93,68.93,69.48,68.63,,69.53,,,,,,,,,,,
38,293,4,68.61,68.98,69.33,69.13,69.13,69.13,69.18,69.18,69.08,69.08,69.08,69.03,69.03,69.03,69.23,69.23,68.93,68.93,69.48,68.63,,69.53,,,,,,,,,,,
39,294,4,68.61,68.98,69.33,69.13,69.13,69.13,69.18,69.18,69.08,69.08,69.08,69.03,69.03,69.03,69.23,69.23,68.93,68.93,69.48,68.63,,69.53,,,,,,,,,,,
40,295,4,68.61,68.98,69.33,69.13,69.13,69.13,69.18,69.18,69.08,69.08,69.08,69.03,69.03,69.03,69.23,69.23,68.93,68.93,69.48,68.63,,69.53,,,,,,,,,,,
41,296,4,68.53,68.98,69.33,69.13,69.13,69.13,69.18,69.18,69.08,69.08,69.08,69.03,69.03,69.03,69.23,69.23,68.93,68.93,68.63,68.63,,69.53,,,,,,,,,,,
42,297,4,68.53,68.98,69.33,69.13,69.13,69.13,69.18,69.18,69.08,69.08,69.08,69.03,69.03,69.03,69.23,69.23,68.93,68.93,68.63,68.63,,69.53,,,,,,,,,,,
43,298,4,68.54,68.98,69.33,69.13,69.13,69.13,69.18,69.18,69.08,69.08,69.08,69.03,69.03,69.03,69.23,69.23,68.93,68.93,68.63,68.63,,69.53,,,,,,,,,,,
44,299,4,68.54,68.98,69.33,69.13,69.13,69.13,69.18,69.18,69.08,69.08,69.08,69.03,69.03,69.03,69.23,69.23,68.93,68.93,68.63,68.63,,69.53,,,,,,,,,,,
45,300,4,68.59,68.98,69.33,69.13,69.13,69.13,69.18,69.18,69.08,69.08,69.08,69.03,69.03,69.03,69.23,69.23,68.93,68.93,68.63,68.63,,69.53,,,,,,,,,,,
46,301,4,68.59,68.98,69.33,69.13,69.13,69.13,69.18,69.18,69.08,69.08,69.08,69.03,69.03,69.03,69.23,69.23,68.93,68.93,68.63,68.63,,69.53,,,,,,,,,,,
47,302,4,68.59,68.98,69.33,69.13,69.13,69.13,69.18,69.18,69.08,69.08,69.08,69.03,69.03,69.03,69.23,69.23,68.93,68.93,68.63,68.63,,69.53,,,,,,,,,,,
48,303,4,68.59,68.98,69.33,69.13,69.13,69.13,69.18,69.18,69.08,69.08,69.08,69.03,69.03,69.03,69.23,69.23,68.93,68.93,68.63,68.63,,69.53,,,,,,,,,,,
49,304,4,68.67,68.98,69.33,69.13,69.13,69.13,69.18,69.18,69.08,69.08,69.08,69.03,69.03,69.03,69.23,69.23,68.93,68.93,69.48,68.63,,69.53,,,,,,,,,,,
50,305,4,68.68,68.98,69.33,69.13,69.13,69.13,69.18,69.18,69.08,69.08,69.08,69.03,69.03,69.03,69.23,69.23,68.93,68.93,69.48,68.63,,69.53,,,,,,,,,,,
51,306,4,68.68,68.98,69.33,69.13,69.13,69.13,69.18,69.18,69.08,69.08,69.08,69.03,69.03,69.03,69.23,69.23,68.93,68.93,69.48,68.63,,69.53,,,,,,,,,,,
52,307,4,68.68,68.98,69.33,69.13,69.13,69.13,69.18,69.18,69.08,69.08,69.08,69.03,69.03,69.03,69.23,69.23,68.93,68.93,69.48,68.63,,69.53,,,,,,,,,,,
53,308,4,68.65,68.98,69.33,69.13,69.13,69.13,69.18,69.18,69.08,69.08,69.08,69.03,69.03,69.03,69.23,69.23,68.93,68.93,68.63,68.63,,69.53,,,,,,,,,,,
54,309,4,68.65,68.98,69.33,69.13,69.13,69.13,69.18,69.18,69.08,69.08,69.08,69.03,69.03,69.03,69.23,69.23,68.93,68.93,68.63,68.63,,69.53,,,,,,,,,,,
55,310,4,68.65,68.98,69.33,69.13,69.13,69.13,69.18,69.18,69.08,69.08,69.08,69.03,69.03,69.03,69.23,69.23,68.93,68.93,68.63,68.63,,69.53,,,,,,,,,,,
56,311,4,68.65,68.98,69.33,69.13,69.13,69.13,69.18,69.18,69.08,69.08,69.08,69.03,69.03,69.03,69.23,69.23,68.93,68.93,68.63,68.63,,69.53,,,,,,,,,,,
57,312,4,68.64,68.98,69.33,69.13,69.13,69.13,69.18,69.18,69.08,69.08,69.08,69.03,69.03,69.03,69.23,69.23,68.93,68.93,69.48,68.63,,69.53,,,,,,,,,,,
58,313,4,68.64,68.98,69.33,69.13,69.13,69.13,69.18,69.18,69.08,69.08,69.08,69.03,69.03,69.03,69.23,69.23,68.93,68.93,69.48,68.63,,69.53,,,,,,,,,,,
59,314,4,68.63,68.98,69.33,69.13,69.13,69.13,69.18,69.18,69.08,69.08,69.08,69.03,69.03,69.03,69.23,69.23,68.93,68.93,69.48,68.63,,69.53,,,,,,,,,,,
60,315,4,68.65,68.98,69.33,69.13,69.13,69.13,69.18,69.18,69.08,69.08,69.08,69.03,69.03,69.03,69.23,69.23,68.93,68.93,69.48,68.63,,69.53,,,,,,,,,,,
61,316,4,68.57,68.98,69.33,69.13,69.13,69.13,69.18,69.18,69.08,69.08,69.08,69.03,69.03,69.03,69.23,69.23,68.93,68.93,69.48,68.63,,69.53,,,,,,,,,,,
62,317,4,68.57,68.98,69.33,69.13,69.13,69.13,69.18,69.18,69.08,69.08,69.08,69.03,69.03,69.03,69.23,69.23,68.93,68.93,69.48,68.63,,69.53,,,,,,,,,,,
63,318,4,68.57,68.98,69.33,69.13,69.13,69.13,69.18,69.18,69.08,69.08,69.08,69.03,69.03,69.03,69.23,69.23,68.93,68.93,69.48,68.63,,69.53,,,,,,,,,,,
64,319,4,68.58,68.98,69.33,69.13,69.13,69.13,69.18,69.18,69.08,69.08,69.08,69.03,69.03,69.03,69.23,69.23,68.93,68.93,69.48,68.63,,69.53,,,,,,,,,,,
1,320,5,68.99,68.98,69.33,69.13,69.13,69.13,69.18,69.18,69.08,69.08,69.08,69.03,69.03,69.03,69.23,69.23,68.93,68.93,68.63,68.63,,69.53,,,,,,,,,,,
2,321,5,68.90,68.98,69.33,69.13,69.13,69.13,69.18,69.18,69.08,69.08,69.08,69.03,69.03,69.03,69.23,69.23,68.93,68.93,68.63,68.63,,69.53,,,,,,,,,,,
3,322,5,69.00,68.98,69.33,69.13,69.13,69.13,69.18,69.18,69.08,69.08,69.08,69.03,69.03,69.03,69.23,69.23,68.93,68.93,68.63,68.63,,69.53,,,,,,,,,,,
4,323,5,69.00,68.98,69.33,69.13,69.13,69.13,69.18,69.18,69.08,69.08,69.08,69.03,69.03,69.03,69.23,69.23,68.93,68.93,68.63,68.63,,69.53,,,,,,,,,,,
5,324,5,68.64,68.98,69.33,69.13,69.13,69.13,69.18,69.18,69.08,69.08,69.08,69.03,69.03,69.03,69.23,69.23,68.93,68.93,68.63,68.63,,69.53,,,,,,,,,,,
6,325,5,68.64,68.98,69.33,69.13,69.13,69.13,69.18,69.18,69.08,69.08,69.08,69.03,69.03,69.03,69.23,69.23,68.93,68.93,68.63,68.63,,69.53,,,,,,,,,,,
7,326,5,68.64,68.98,69.33,69.13,69.13,69.13,69.18,69.18,69.08,69.08,69.08,69.03,69.03,69.03,69.23,69.23,68.93,68.93,68.63,68.63,,69.53,,,,,,,,,,,
8,327,5,68.65,68.98,69.33,69.13,69.13,69.13,69.18,69.18,69.08,69.08,69.08,69.03,69.03,69.03,69.23,69.23,68.93,68.93,68.63,68.63,,69.53,,,,,,,,,,,
9,328,5,68.75,68.98,69.33,69.13,69.13,69.13,69.18,69.18,69.08,69.08,69.08,69.03,69.03,69.03,69.23,69.23,68.93,68.93,68.63,68.63,,69.53,,,,,,,,,,,
10,329,5,68.75,68.98,69.33,69.13,69.13,69.13,69.18,69.18,69.08,69.08,69.08,69.03,69.03,69.03,69.23,69.23,68.93,68.93,68.63,68.63,,69.53,,,,,,,,,,,
11,330,5,68.75,68.98,69.33,69.13,69.13,69.13,69.18,69.18,69.08,69.08,69.08,69.03,69.03,69.03,69.23,69.23,68.93,68.93,68.63,68.63,,69.53,,,,,,,,,,,
12,331,5,68.75,68.98,69.33,69.13,69.13,69.13,69.18,69.18,69.08,69.08,69.08,69.03,69.03,69.03,69.23,69.23,68.93,68.93,68.63,68.63,,69.53,,,,,,,,,,,
13,332,5,68.78,68.98,69.33,69.13,69.13,69.13,69.18,69.18,69.08,69.08,69.08,69.03,69.03,69.03,69.23,69.23,68.93,68.93,68.63,68.63,,69.53,,,,,,,,,,,
14,333,5,68.78,68.98,69.33,69.13,69.13,69.13,69.18,69.18,69.08,69.08,69.08,69.03,69.03,69.03,69.23,69.23,68.93,68.93,68.63,68.63,,69.53,,,,,,,,,,,
15,334,5,68.79,68.98,69.33,69.13,69.13,69.13,69.18,69.18,69.08,69.08,69.08,69.03,69.03,69.03,69.23,69.23,68.93,68.93,68.63,68.63,,69.53,,,,,,,,,,,
16,335,5,68.79,68.98,69.33,69.13,69.13,69.13,69.18,69.18,69.08,69.08,69.08,69.03,69.03,69.03,69.23,69.23,68.93,68.93,68.63,68.63,,69.53,,,,,,,,,,,
17,336,5,68.60,68.98,69.33,69.13,69.13,69.13,69.13,69.18,69.08,69.08,69.08,69.03,69.03,69.03,69.23,69.23,68.93,68.93,68.63,68.63,,69.53,,,,,,,,,,,
18,337,5,68.59,68.98,69.33,69.13,69.13,69.13,69.13,69.18,69.08,69.08,69.08,69.03,69.03,69.03,69.23,69.23,68.93,68.93,68.63,68.63,,69.53,,,,,,,,,,,
19,338,5,68.59,68.98,69.33,69.13,69.13,69.13,69.13,69.18,69.08,69.08,69.08,69.03,69.03,69.03,69.23,69.23,68.93,68.93,68.63,68.63,,69.53,,,,,,,,,,,
20,339,5,68.60,68.98,69.33,69.13,69.13,69.13,69.13,69.18,69.08,69.08,69.08,69.03,69.03,69.03,69.23,69.23,68.93,68.93,68.63,68.63,,69.53,,,,,,,,,,,
21,340,5,68.85,68.98,69.33,69.13,69.13,69.13,69.18,69.18,69.08,69.08,69.08,69.03,69.03,69.03,69.23,69.23,68.93,68.93,68.63,68.63,,69.53,,,,,,,,,,,
22,341,5,68.85,68.98,69.33,69.13,69.13,69.13,69.18,69.18,69.08,69.08,69.08,69.03,69.03,69.03,69.23,69.23,68.93,68.93,68.63,68.63,,69.53,,,,,,,,,,,
23,342,5,68.85,68.98,69.33,69.13,69.13,69.13,69.18,69.18,69.08,69.08,69.08,69.03,69.03,69.03,69.23,69.23,68.93,68.93,68.63,68.63,,69.53,,,,,,,,,,,
24,343,5,68.85,68.98,69.33,69.13,69.13,69.13,69.18,69.18,69.08,69.08,69.08,69.03,69.03,69.03,69.23,69.23,68.93,68.93,68.63,68.63,,69.53,,,,,,,,,,,
25,344,5,68.73,68.98,69.33,69.13,69.13,69.13,69.18,69.18,69.08,69.08,69.08,69.03,69.03,69.03,69.23,69.23,68.93,68.93,68.63,68.63,,69.53,,,,,,,,,,,
26,345,5,68.73,68.98,69.33,69.13,69.13,69.13,69.18,69.18,69.08,69.08,69.08,69.03,69.03,69.03,69.23,69.23,68.93,68.93,68.63,68.63,,69.53,,,,,,,,,,,
27,346,5,68.73,68.98,69.33,69.13,69.13,69.13,69.18,69.18,69.08,69.08,69.08,69.03,69.03,69.03,69.23,69.23,68.93,68.93,68.63,68.63,,69.53,,,,,,,,,,,
28,347,5,68.73,68.98,69.33,69.13,69.13,69.13,69.18,69.18,69.08,69.08,69.08,69.03,69.03,69.03,69.23,69.23,68.93,68.93,68.63,68.63,,69.53,,,,,,,,,,,
29,348,5,68.53,68.98,69.33,69.13,69.13,69.13,69.18,69.18,69.08,69.08,69.08,69.03,69.03,69.03,69.23,69.23,68.93,68.93,69.48,68.63,,69.53,,,,,,,,,,,
30,349,5,68.54,68.98,69.33,69.13,69.13,69.13,69.18,69.18,69.08,69.08,69.08,69.03,69.03,69.03,69.23,69.23,68.93,68.93,69.48,68.63,,69.53,,,,,,,,,,,
31,350,5,68.52,68.98,69.33,69.13,69.13,69.13,69.18,69.18,69.08,69.08,69.08,69.03,69.03,69.03,69.23,69.23,68.93,68.93,69.48,68.63,,69.53,,,,,,,,,,,
32,351,5,68.52,68.98,69.33,69.13,69.13,69.13,69.18,69.18,69.08,69.08,69.08,69.03,69.03,69.03,69.23,69.23,68.93,68.93,69.48,68.63,,69.53,,,,,,,,,,,
33,352,5,69.01,68.98,69.33,69.13,69.13,69.13,69.13,69.18,69.08,69.08,69.08,69.03,69.03,69.03,69.23,69.23,69.28,68.93,69.48,68.63,,69.53,,,,,,,,,,,
34,353,5,69.01,68.98,69.33,69.13,69.13,69.13,69.13,69.18,69.08,69.08,69.08,69.03,69.03,69.03,69.23,69.23,69.28,68.93,69.48,68.63,,69.53,,,,,,,,,,,
35,354,5,69.01,68.98,69.33,69.13,69.13,69.13,69.13,69.18,69.08,69.08,69.08,69.03,69.03,69.03,69.23,69.23,69.28,68.93,69.48,68.63,,69.53,,,,,,,,,,,
36,355,5,69.01,68.98,69.33,69.13,69.13,69.13,69.13,69.18,69.08,69.08,69.08,69.03,69.03,69.03,69.23,69.23,69.28,68.93,69.48,68.63,,69.53,,,,,,,,,,,
37,356,5,68.66,68.98,69.33,69.13,69.13,69.13,69.18,69.18,69.08,69.08,69.08,69.03,69.03,69.03,69.23,69.23,68.93,68.93,68.63,68.63,,69.53,,,,,,,,,,,
38,357,5,68.66,68.98,69.33,69.13,69.13,69.13,69.18,69.18,69.08,69.08,69.08,69.03,69.03,69.03,69.23,69.23,68.93,68.93,68.63,68.63,,69.53,,,,,,,,,,,
39,358,5,68.66,68.98,69.33,69.13,69.13,69.13,69.18,69.18,69.08,69.08,69.08,69.03,69.03,69.03,69.23,69.23,68.93,68.93,68.63,68.63,,69.53,,,,,,,,,,,
40,359,5,68.66,68.98,69.33,69.13,69.13,69.13,69.18,69.18,69.08,69.08,69.08,69.03,69.03,69.03,69.23,69.23,68.93,68.93,68.63,68.63,,69.53,,,,,,,,,,,
41,360,5,68.87,68.98,69.33,69.13,69.13,69.13,69.18,69.18,69.08,69.08,69.08,69.03,69.03,69.03,69.23,69.23,68.93,68.93,69.48,68.63,,69.53,,,,,,,,,,,
42,361,5,68.86,68.98,69.33,69.13,69.13,69.13,69.18,69.18,69.08,69.08,69.08,69.03,69.03,69.03,69.23,69.23,68.93,68.93,69.48,68.63,,69.53,,,,,,,,,,,
43,362,5,68.87,68.98,69.33,69.13,69.13,69.13,69.18,69.18,69.08,69.08,69.08,69.03,69.03,69.03,69.23,69.23,68.93,68.93,69.48,68.63,,69.53,,,,,,,,,,,
44,363,5,68.87,68.98,69.33,69.13,69.13,69.13,69.18,69.18,69.08,69.08,69.08,69.03,69.03,69.03,69.23,69.23,68.93,68.93,69.48,68.63,,69.53,,,,,,,,,,,
45,364,5,68.70,68.98,69.33,69.13,69.13,69.13,69.18,69.18,69.08,69.08,69.08,69.03,69.03,69.03,69.23,69.23,68.93,68.93,69.48,68.63,,69.53,,,,,,,,,,,
46,365,5,68.70,68.98,69.33,69.13,69.13,69.13,69.18,69.18,69.08,69.08,69.08,69.03,69.03,69.03,69.23,69.23,68.93,68.93,69.48,68.63,,69.53,,,,,,,,,,,
47,366,5,68.70,68.98,69.33,69.13,69.13,69.13,69.18,69.18,69.08,69.08,69.08,69.03,69.03,69.03,69.23,69.23,68.93,68.93,69.48,68.63,,69.53,,,,,,,,,,,
48,367,5,68.70,68.98,69.33,69.13,69.13,69.13,69.18,69.18,69.08,69.08,69.08,69.03,69.03,69.03,69.23,69.23,68.93,68.93,69.48,68.63,,69.53,,,,,,,,,,,
49,368,5,68.58,68.98,69.33,69.13,69.13,69.13,69.13,69.18,69.08,69.08,69.08,69.03,69.03,69.03,69.23,69.23,68.93,68.93,69.48,68.63,,69.53,,,,,,,,,,,
50,369,5,68.59,68.98,69.33,69.13,69.13,69.13,69.13,69.18,69.08,69.08,69.08,69.03,69.03,69.03,69.23,69.23,68.93,68.93,69.48,68.63,,69.53,,,,,,,,,,,
51,370,5,68.59,68.98,69.33,69.13,69.13,69.13,69.13,69.18,69.08,69.08,69.08,69.03,69.03,69.03,69.23,69.23,68.93,68.93,69.48,68.63,,69.53,,,,,,,,,,,
52,371,5,68.58,68.98,69.33,69.13,69.13,69.13,69.13,69.18,69.08,69.08,69.08,69.03,69.03,69.03,69.23,69.23,68.93,68.93,69.48,68.63,,69.53,,,,,,,,,,,
53,372,5,68.86,68.98,69.33,69.13,69.13,69.13,69.13,69.18,69.08,69.08,69.08,69.03,69.03,69.03,69.23,69.23,68.93,68.93,69.48,69.48,,69.53,,,,,,,,,,,
54,373,5,68.86,68.98,69.33,69.13,69.13,69.13,69.13,69.18,69.08,69.08,69.08,69.03,69.03,69.03,69.23,69.23,68.93,68.93,69.48,69.48,,69.53,,,,,,,,,,,
55,374,5,68.87,68.98,69.33,69.13,69.13,69.13,69.13,69.18,69.08,69.08,69.08,69.03,69.03,69.03,69.23,69.23,68.93,68.93,69.48,69.48,,69.53,,,,,,,,,,,
56,375,5,68.87,68.98,69.33,69.13,69.13,69.13,69.13,69.18,69.08,69.08,69.08,69.03,69.03,69.03,69.23,69.23,68.93,68.93,69.48,69.48,,69.53,,,,,,,,,,,
57,376,5,68.87,68.98,69.33,69.13,69.13,69.13,69.18,69.18,69.08,69.08,69.08,69.03,69.03,69.03,69.23,69.23,68.93,68.93,69.48,68.63,,69.53,,,,,,,,,,,
58,377,5,68.88,68.98,69.33,69.13,69.13,69.13,69.18,69.18,69.08,69.08,69.08,69.03,69.03,69.03,69.23,69.23,68.93,68.93,69.48,68.63,,69.53,,,,,,,,,,,
59,378,5,68.88,68.98,69.33,69.13,69.13,69.13,69.18,69.18,69.08,69.08,69.08,69.03,69.03,69.03,69.23,69.23,68.93,68.93,69.48,68.63,,69.53,,,,,,,,,,,
60,379,5,68.88,68.98,69.33,69.13,69.13,69.13,69.18,69.18,69.08,69.08,69.08,69.03,69.03,69.03,69.23,69.23,68.93,68.93,69.48,68.63,,69.53,,,,,,,,,,,
61,380,5,68.91,68.98,69.33,69.13,69.13,69.13,69.18,69.18,69.08,69.08,69.08,69.03,69.03,69.03,69.23,69.23,68.93,68.93,69.48,69.48,,69.53,,,,,,,,,,,
62,381,5,68.81,68.98,69.33,69.13,69.13,69.13,69.18,69.18,69.08,69.08,69.08,69.03,69.03,69.03,69.23,69.23,68.93,68.93,69.48,69.48,,69.53,,,,,,,,,,,
63,382,5,68.76,68.98,69.33,69.13,69.13,69.13,69.18,69.18,69.08,69.08,69.08,69.03,69.03,69.03,69.23,69.23,68.93,68.93,69.48,69.48,,69.53,,,,,,,,,,,
64,383,5,68.76,68.98,69.33,69.13,69.13,69.13,69.18,69.18,69.08,69.08,69.08,69.03,69.03,69.03,69.23,69.23,68.93,68.93,69.48,69.48,,69.53,,,,,,,,,,,
