,,,Vop,,,,,,,,,,,,,,,,,,
count,DAQ Channel,Interface Brd #,Sector 1,Sector 2,Sector 3,Sector 4,Sector 5,Sector 6,Sector 7,Sector 8,Sector 9,Sector 10,Sector 11,Sector 12,Sector 13,Sector 14,Sector 15,Sector 16,Sector 17,Sector 18,Sector 19
,,,,,,,,,,,,OK,,,,,,OK,,,
1,0,0,68.98,69.33,69.33,69.13,69.13,69.13,69.36,69.36,69.26,69.08,69.08,69.03,69.03,69.23,69.23,69.23,68.93,68.93,68.63
2,1,0,68.98,69.33,69.33,69.13,69.13,69.13,69.36,69.36,69.26,69.08,69.08,69.03,69.03,69.23,69.23,69.23,68.93,68.93,68.63
3,2,0,68.98,69.33,69.33,69.13,69.13,69.13,69.36,69.36,69.26,69.08,69.08,69.03,69.03,69.23,69.23,69.23,68.93,68.93,68.63
4,3,0,68.98,69.33,69.33,69.13,69.13,69.13,69.36,69.36,69.26,69.08,69.08,69.03,69.03,69.23,69.23,69.23,68.93,68.93,68.63
5,4,0,68.98,69.33,69.33,69.13,69.13,69.13,69.36,69.36,69.26,69.08,69.08,69.03,69.23,69.23,69.23,69.23,68.93,68.93,68.63
6,5,0,68.98,69.33,69.33,69.13,69.13,69.13,69.36,69.36,69.26,69.08,69.08,69.03,69.23,69.23,69.23,69.23,68.93,68.93,68.63
7,6,0,68.98,69.33,69.33,69.13,69.13,69.13,69.36,69.36,69.26,69.08,69.08,69.03,69.23,69.23,69.23,69.23,68.93,68.93,68.63
8,7,0,68.98,69.33,69.33,69.13,69.13,69.13,69.36,69.36,69.26,69.08,69.08,69.03,69.23,69.23,69.23,69.23,68.93,68.93,68.63
9,8,0,68.98,69.33,69.33,69.13,69.13,69.13,69.36,69.36,69.26,69.08,69.08,69.03,69.03,69.23,69.23,69.23,68.93,68.63,68.63
10,9,0,68.98,69.33,69.33,69.13,69.13,69.13,69.36,69.36,69.26,69.08,69.08,69.03,69.03,69.23,69.23,69.23,68.93,68.63,68.63
11,10,0,68.98,69.33,69.33,69.13,69.13,69.13,69.36,69.36,69.26,69.08,69.08,69.03,69.03,69.23,69.23,69.23,68.93,68.63,68.63
12,11,0,68.98,69.33,69.33,69.13,69.13,69.13,69.36,69.36,69.26,69.08,69.08,69.03,69.03,69.23,69.23,69.23,68.93,68.63,68.63
13,12,0,68.98,69.33,69.33,69.13,69.13,69.13,69.36,69.36,69.26,69.08,69.08,69.03,69.03,69.23,69.23,69.23,68.93,68.93,68.63
14,13,0,68.98,69.33,69.33,69.13,69.13,69.13,69.36,69.36,69.26,69.08,69.08,69.03,69.03,69.23,69.23,69.23,68.93,68.93,68.63
15,14,0,68.98,69.33,69.33,69.13,69.13,69.13,69.36,69.36,69.26,69.08,69.08,69.03,69.03,69.23,69.23,69.23,68.93,68.93,68.63
16,15,0,68.98,69.33,69.33,69.13,69.13,69.13,69.36,69.36,69.26,69.08,69.08,69.03,69.03,69.23,69.23,69.23,68.93,68.93,68.63
17,16,0,68.98,69.33,69.33,69.13,69.13,69.13,69.36,69.36,69.26,69.08,69.08,69.03,69.03,69.23,69.23,69.23,68.93,68.93,68.63
18,17,0,68.98,69.33,69.33,69.13,69.13,69.13,69.36,69.36,69.26,69.08,69.08,69.03,69.03,69.23,69.23,69.23,68.93,68.93,68.63
19,18,0,68.98,69.33,69.33,69.13,69.13,69.13,69.36,69.36,69.26,69.08,69.08,69.03,69.03,69.23,69.23,69.23,68.93,68.93,68.63
20,19,0,68.98,69.33,69.33,69.13,69.13,69.13,69.36,69.36,69.26,69.08,69.08,69.03,69.03,69.23,69.23,69.23,68.93,68.93,68.63
21,20,0,68.98,69.33,69.33,69.13,69.13,69.13,69.36,69.36,69.26,69.08,69.08,69.03,69.03,69.23,69.23,69.23,68.93,68.93,69.48
22,21,0,68.98,69.33,69.33,69.13,69.13,69.13,69.36,69.36,69.26,69.08,69.08,69.03,69.03,69.23,69.23,69.23,68.93,68.93,69.48
23,22,0,68.98,69.33,69.33,69.13,69.13,69.13,69.36,69.36,69.26,69.08,69.08,69.03,69.03,69.23,69.23,69.23,68.93,68.93,69.48
24,23,0,68.98,69.33,69.33,69.13,69.13,69.13,69.36,69.36,69.26,69.08,69.08,69.03,69.03,69.23,69.23,69.23,68.93,68.93,69.48
25,24,0,68.98,69.33,69.33,69.13,69.13,69.13,69.36,69.36,69.26,69.08,69.08,69.03,69.03,69.23,69.23,69.23,68.93,68.93,68.63
26,25,0,68.98,69.33,69.33,69.13,69.13,69.13,69.36,69.36,69.26,69.08,69.08,69.03,69.03,69.23,69.23,69.23,68.93,68.93,68.63
27,26,0,68.98,69.33,69.33,69.13,69.13,69.13,69.36,69.36,69.26,69.08,69.08,69.03,69.03,69.23,69.23,69.23,68.93,68.93,68.63
28,27,0,68.98,69.33,69.33,69.13,69.13,69.13,69.36,69.36,69.26,69.08,69.08,69.03,69.03,69.23,69.23,69.23,68.93,68.93,68.63
29,28,0,68.98,69.33,69.33,69.13,69.13,69.13,69.36,69.36,69.26,69.08,69.08,69.03,69.23,69.23,69.23,69.23,68.93,68.93,68.63
30,29,0,68.98,69.33,69.33,69.13,69.13,69.13,69.36,69.36,69.26,69.08,69.08,69.03,69.23,69.23,69.23,69.23,68.93,68.93,68.63
31,30,0,68.98,69.33,69.33,69.13,69.13,69.13,69.36,69.36,69.26,69.08,69.08,69.03,69.23,69.23,69.23,69.23,68.93,68.93,68.63
32,31,0,68.98,69.33,69.33,69.13,69.13,69.13,69.36,69.36,69.26,69.08,69.08,69.03,69.23,69.23,69.23,69.23,68.93,68.93,68.63
33,32,0,68.98,69.33,69.33,69.13,69.13,69.13,69.36,69.36,69.26,69.08,69.08,69.03,69.23,69.23,69.23,69.23,68.93,68.93,68.63
34,33,0,68.98,69.33,69.33,69.13,69.13,69.13,69.36,69.36,69.26,69.08,69.08,69.03,69.23,69.23,69.23,69.23,68.93,68.93,68.63
35,34,0,68.98,69.33,69.33,69.13,69.13,69.13,69.36,69.36,69.26,69.08,69.08,69.03,69.23,69.23,69.23,69.23,68.93,68.93,68.63
36,35,0,68.98,69.33,69.33,69.13,69.13,69.13,69.36,69.36,69.26,69.08,69.08,69.03,69.23,69.23,69.23,69.23,68.93,68.93,68.63
37,36,0,68.98,69.33,69.33,69.13,69.13,69.13,69.36,69.36,69.26,68.93,69.08,69.03,69.03,69.23,69.23,69.23,68.93,68.93,68.63
38,37,0,68.98,69.33,69.33,69.13,69.13,69.13,69.36,69.36,69.26,68.93,69.08,69.03,69.03,69.23,69.23,69.23,68.93,68.93,68.63
39,38,0,68.98,69.33,69.33,69.13,69.13,69.13,69.36,69.36,69.26,68.93,69.08,69.03,69.03,69.23,69.23,69.23,68.93,68.93,68.63
40,39,0,68.98,69.33,69.33,69.13,69.13,69.13,69.36,69.36,69.26,68.93,69.08,69.03,69.03,69.23,69.23,69.23,68.93,68.93,68.63
41,40,0,68.98,69.33,69.33,69.13,69.13,69.13,69.36,69.36,69.26,69.08,69.08,69.03,69.03,69.23,69.23,69.23,68.93,68.93,68.63
42,41,0,68.98,69.33,69.33,69.13,69.13,69.13,69.36,69.36,69.26,69.08,69.08,69.03,69.03,69.23,69.23,69.23,68.93,68.93,68.63
43,42,0,68.98,69.33,69.33,69.13,69.13,69.13,69.36,69.36,69.26,69.08,69.08,69.03,69.03,69.23,69.23,69.23,68.93,68.93,68.63
44,43,0,68.98,69.33,69.33,69.13,69.13,69.13,69.36,69.36,69.26,69.08,69.08,69.03,69.03,69.23,69.23,69.23,68.93,68.93,68.63
45,44,0,68.98,69.33,69.33,69.13,69.13,69.13,69.36,69.36,69.26,69.08,69.08,69.03,69.03,69.23,69.23,69.23,68.93,68.93,69.48
46,45,0,68.98,69.33,69.33,69.13,69.13,69.13,69.36,69.36,69.26,69.08,69.08,69.03,69.03,69.23,69.23,69.23,68.93,68.93,69.48
47,46,0,68.98,69.33,69.33,69.13,69.13,69.13,69.36,69.36,69.26,69.08,69.08,69.03,69.03,69.23,69.23,69.23,68.93,68.93,69.48
48,47,0,68.98,69.33,69.33,69.13,69.13,69.13,69.36,69.36,69.26,69.08,69.08,69.03,69.03,69.23,69.23,69.23,68.93,68.93,69.48
49,48,0,68.98,69.33,69.33,69.13,69.13,69.13,69.36,69.36,69.26,69.08,69.08,69.03,69.03,69.23,69.23,69.23,68.93,68.93,68.63
50,49,0,68.98,69.33,69.33,69.13,69.13,69.13,69.36,69.36,69.26,69.08,69.08,69.03,69.03,69.23,69.23,69.23,68.93,68.93,68.63
51,50,0,68.98,69.33,69.33,69.13,69.13,69.13,69.36,69.36,69.26,69.08,69.08,69.03,69.03,69.23,69.23,69.23,68.93,68.93,68.63
52,51,0,68.98,69.33,69.33,69.13,69.13,69.13,69.36,69.36,69.26,69.08,69.08,69.03,69.03,69.23,69.23,69.23,68.93,68.93,68.63
53,52,0,68.98,69.33,69.33,69.13,69.13,69.13,69.36,69.36,69.26,69.08,69.08,69.03,69.03,69.23,69.23,69.23,68.93,68.93,68.63
54,53,0,68.98,69.33,69.33,69.13,69.13,69.13,69.36,69.36,69.26,69.08,69.08,69.03,69.03,69.23,69.23,69.23,68.93,68.93,68.63
55,54,0,68.98,69.33,69.33,69.13,69.13,69.13,69.36,69.36,69.26,69.08,69.08,69.03,69.03,69.23,69.23,69.23,68.93,68.93,68.63
56,55,0,68.98,69.33,69.33,69.13,69.13,69.13,69.36,69.36,69.26,69.08,69.08,69.03,69.03,69.23,69.23,69.23,68.93,68.93,68.63
57,56,0,68.98,69.33,69.33,69.13,69.13,69.13,69.36,69.36,69.26,69.08,69.08,69.03,69.03,69.23,69.23,69.23,68.93,68.93,68.63
58,57,0,68.98,69.33,69.33,69.13,69.13,69.13,69.36,69.36,69.26,69.08,69.08,69.03,69.03,69.23,69.23,69.23,68.93,68.93,68.63
59,58,0,68.98,69.33,69.33,69.13,69.13,69.13,69.36,69.36,69.26,69.08,69.08,69.03,69.03,69.23,69.23,69.23,68.93,68.93,68.63
60,59,0,68.98,69.33,69.33,69.13,69.13,69.13,69.36,69.36,69.26,69.08,69.08,69.03,69.03,69.23,69.23,69.23,68.93,68.93,68.63
61,60,0,68.98,69.33,69.33,69.13,69.13,69.13,69.36,69.36,69.26,69.08,69.08,69.03,69.03,69.23,69.23,69.23,68.93,68.93,68.63
62,61,0,68.98,69.33,69.33,69.13,69.13,69.13,69.36,69.36,69.26,69.08,69.08,69.03,69.03,69.23,69.23,69.23,68.93,68.93,68.63
63,62,0,68.98,69.33,69.33,69.13,69.13,69.13,69.36,69.36,69.26,69.08,69.08,69.03,69.03,69.23,69.23,69.23,68.93,68.93,68.63
64,63,0,68.98,69.33,69.33,69.13,69.13,69.13,69.36,69.36,69.26,69.08,69.08,69.03,69.03,69.23,69.23,69.23,68.93,68.93,68.63
1,64,1,68.98,69.33,69.33,69.13,69.13,69.13,69.36,69.36,69.26,69.08,69.08,69.03,69.03,69.23,69.23,69.23,68.93,68.93,68.63
2,65,1,68.98,69.33,69.33,69.13,69.13,69.13,69.36,69.36,69.26,69.08,69.08,69.03,69.03,69.23,69.23,69.23,68.93,68.93,68.63
3,66,1,68.98,69.33,69.33,69.13,69.13,69.13,69.36,69.36,69.26,69.08,69.08,69.03,69.03,69.23,69.23,69.23,68.93,68.93,68.63
4,67,1,68.98,69.33,69.33,69.13,69.13,69.13,69.36,69.36,69.26,69.08,69.08,69.03,69.03,69.23,69.23,69.23,68.93,68.93,68.63
5,68,1,68.98,69.33,69.33,69.13,69.13,69.13,69.36,69.36,69.26,69.08,69.08,69.03,69.03,69.23,69.23,69.23,68.93,68.93,69.48
6,69,1,68.98,69.33,69.33,69.13,69.13,69.13,69.36,69.36,69.26,69.08,69.08,69.03,69.03,69.23,69.23,69.23,68.93,68.93,69.48
7,70,1,68.98,69.33,69.33,69.13,69.13,69.13,69.36,69.36,69.26,69.08,69.08,69.03,69.03,69.23,69.23,69.23,68.93,68.93,69.48
8,71,1,68.98,69.33,69.33,69.13,69.13,69.13,69.36,69.36,69.26,69.08,69.08,69.03,69.03,69.23,69.23,69.23,68.93,68.93,69.48
9,72,1,68.98,69.33,69.33,69.13,69.13,69.13,69.36,69.36,69.26,69.08,69.08,69.03,69.03,69.23,69.23,69.23,68.93,68.93,68.63
10,73,1,68.98,69.33,69.33,69.13,69.13,69.13,69.36,69.36,69.26,69.08,69.08,69.03,69.03,69.23,69.23,69.23,68.93,68.93,68.63
11,74,1,68.98,69.33,69.33,69.13,69.13,69.13,69.36,69.36,69.26,69.08,69.08,69.03,69.03,69.23,69.23,69.23,68.93,68.93,68.63
12,75,1,68.98,69.33,69.33,69.13,69.13,69.13,69.36,69.36,69.26,69.08,69.08,69.03,69.03,69.23,69.23,69.23,68.93,68.93,68.63
13,76,1,68.98,69.33,69.33,69.13,69.13,69.13,69.36,69.36,69.26,69.08,69.08,69.03,69.03,69.23,69.23,69.23,68.93,68.93,68.63
14,77,1,68.98,69.33,69.33,69.13,69.13,69.13,69.36,69.36,69.26,69.08,69.08,69.03,69.03,69.23,69.23,69.23,68.93,68.93,68.63
15,78,1,68.98,69.33,69.33,69.13,69.13,69.13,69.36,69.36,69.26,69.08,69.08,69.03,69.03,69.23,69.23,69.23,68.93,68.93,68.63
16,79,1,68.98,69.33,69.33,69.13,69.13,69.13,69.36,69.36,69.26,69.08,69.08,69.03,69.03,69.23,69.23,69.23,68.93,68.93,68.63
17,80,1,68.98,69.33,69.33,69.13,69.13,69.13,69.36,69.36,69.26,69.08,69.08,69.03,69.03,69.23,69.23,69.23,68.93,68.93,68.63
18,81,1,68.98,69.33,69.33,69.13,69.13,69.13,69.36,69.36,69.26,69.08,69.08,69.03,69.03,69.23,69.23,69.23,68.93,68.93,68.63
19,82,1,68.98,69.33,69.33,69.13,69.13,69.13,69.36,69.36,69.26,69.08,69.08,69.03,69.03,69.23,69.23,69.23,68.93,68.93,68.63
20,83,1,68.98,69.33,69.33,69.13,69.13,69.13,69.36,69.36,69.26,69.08,69.08,69.03,69.03,69.23,69.23,69.23,68.93,68.93,68.63
21,84,1,68.98,69.33,69.33,69.13,69.13,69.13,69.36,69.36,69.26,69.08,69.08,69.03,69.03,69.23,69.23,69.23,68.93,68.93,68.63
22,85,1,68.98,69.33,69.33,69.13,69.13,69.13,69.36,69.36,69.26,69.08,69.08,69.03,69.03,69.23,69.23,69.23,68.93,68.93,68.63
23,86,1,68.98,69.33,69.33,69.13,69.13,69.13,69.36,69.36,69.26,69.08,69.08,69.03,69.03,69.23,69.23,69.23,68.93,68.93,68.63
24,87,1,68.98,69.33,69.33,69.13,69.13,69.13,69.36,69.36,69.26,69.08,69.08,69.03,69.03,69.23,69.23,69.23,68.93,68.93,68.63
25,88,1,68.98,69.33,69.33,69.13,69.13,69.13,69.36,69.36,69.26,69.08,69.08,69.03,69.03,69.23,69.23,69.23,68.93,68.93,69.48
26,89,1,68.98,69.33,69.33,69.13,69.13,69.13,69.36,69.36,69.26,69.08,69.08,69.03,69.03,69.23,69.23,69.23,68.93,68.93,69.48
27,90,1,68.98,69.33,69.33,69.13,69.13,69.13,69.36,69.36,69.26,69.08,69.08,69.03,69.03,69.23,69.23,69.23,68.93,68.93,69.48
28,91,1,68.98,69.33,69.33,69.13,69.13,69.13,69.36,69.36,69.26,69.08,69.08,69.03,69.03,69.23,69.23,69.23,68.93,68.93,69.48
29,92,1,68.98,69.33,69.33,69.13,69.13,69.13,69.36,69.36,69.26,69.08,69.08,69.03,69.03,69.23,69.23,69.23,68.93,68.93,68.63
30,93,1,68.98,69.33,69.33,69.13,69.13,69.13,69.36,69.36,69.26,69.08,69.08,69.03,69.03,69.23,69.23,69.23,68.93,68.93,68.63
31,94,1,68.98,69.33,69.33,69.13,69.13,69.13,69.36,69.36,69.26,69.08,69.08,69.03,69.03,69.23,69.23,69.23,68.93,68.93,68.63
32,95,1,68.98,69.33,69.33,69.13,69.13,69.13,69.36,69.36,69.26,69.08,69.08,69.03,69.03,69.23,69.23,69.23,68.93,68.93,68.63
33,96,1,68.98,69.33,69.33,69.13,69.13,69.36,69.36,69.36,69.26,69.08,69.08,69.03,69.03,69.23,69.23,69.23,68.93,68.93,68.63
34,97,1,68.98,69.33,69.33,69.13,69.13,69.36,69.36,69.36,69.26,69.08,69.08,69.03,69.03,69.23,69.23,69.23,68.93,68.93,68.63
35,98,1,68.98,69.33,69.33,69.13,69.13,69.36,69.36,69.36,69.26,69.08,69.08,69.03,69.03,69.23,69.23,69.23,68.93,68.93,68.63
36,99,1,68.98,69.33,69.33,69.13,69.13,69.36,69.36,69.36,69.26,69.08,69.08,69.03,69.03,69.23,69.23,69.23,68.93,68.93,68.63
37,100,1,68.98,69.33,69.33,69.13,69.13,69.36,69.36,69.36,69.26,69.08,69.08,69.03,69.03,69.23,69.23,69.23,68.93,68.93,68.63
38,101,1,68.98,69.33,69.33,69.13,69.13,69.36,69.36,69.36,69.26,69.08,69.08,69.03,69.03,69.23,69.23,69.23,68.93,68.93,68.63
39,102,1,68.98,69.33,69.33,69.13,69.13,69.36,69.36,69.36,69.26,69.08,69.08,69.03,69.03,69.23,69.23,69.23,68.93,68.93,68.63
40,103,1,68.98,69.33,69.33,69.13,69.13,69.36,69.36,69.36,69.26,69.08,69.08,69.03,69.03,69.23,69.23,69.23,68.93,68.93,68.63
41,104,1,68.98,69.33,69.33,69.13,69.13,69.36,69.36,69.36,69.26,69.08,69.08,69.03,69.03,69.23,69.23,69.23,68.93,68.93,68.63
42,105,1,68.98,69.33,69.33,69.13,69.13,69.36,69.36,69.36,69.26,69.08,69.08,69.03,69.03,69.23,69.23,69.23,68.93,68.93,68.63
43,106,1,68.98,69.33,69.33,69.13,69.13,69.36,69.36,69.36,69.26,69.08,69.08,69.03,69.03,69.23,69.23,69.23,68.93,68.93,68.63
44,107,1,68.98,69.33,69.33,69.13,69.13,69.36,69.36,69.36,69.26,69.08,69.08,69.03,69.03,69.23,69.23,69.23,68.93,68.93,68.63
45,108,1,68.98,69.33,69.33,69.13,69.13,69.36,69.36,69.36,69.26,69.08,69.08,69.03,69.03,69.23,69.23,69.23,68.93,68.93,68.63
46,109,1,68.98,69.33,69.33,69.13,69.13,69.36,69.36,69.36,69.26,69.08,69.08,69.03,69.03,69.23,69.23,69.23,68.93,68.93,68.63
47,110,1,68.98,69.33,69.33,69.13,69.13,69.36,69.36,69.36,69.26,69.08,69.08,69.03,69.03,69.23,69.23,69.23,68.93,68.93,68.63
48,111,1,68.98,69.33,69.33,69.13,69.13,69.36,69.36,69.36,69.26,69.08,69.08,69.03,69.03,69.23,69.23,69.23,68.93,68.93,68.63
49,112,1,68.98,69.33,69.33,69.13,69.13,69.36,69.36,69.36,69.26,69.08,69.08,69.03,69.03,69.23,69.23,69.23,68.93,68.93,68.63
50,113,1,68.98,69.33,69.33,69.13,69.13,69.36,69.36,69.36,69.26,69.08,69.08,69.03,69.03,69.23,69.23,69.23,68.93,68.93,68.63
51,114,1,68.98,69.33,69.33,69.13,69.13,69.36,69.36,69.36,69.26,69.08,69.08,69.03,69.03,69.23,69.23,69.23,68.93,68.93,68.63
52,115,1,68.98,69.33,69.33,69.13,69.13,69.36,69.36,69.36,69.26,69.08,69.08,69.03,69.03,69.23,69.23,69.23,68.93,68.93,68.63
53,116,1,68.98,69.33,69.33,69.13,69.13,69.36,69.36,69.36,69.26,69.08,69.08,69.03,69.03,69.23,69.23,69.23,68.93,68.93,68.63
54,117,1,68.98,69.33,69.33,69.13,69.13,69.36,69.36,69.36,69.26,69.08,69.08,69.03,69.03,69.23,69.23,69.23,68.93,68.93,68.63
55,118,1,68.98,69.33,69.33,69.13,69.13,69.36,69.36,69.36,69.26,69.08,69.08,69.03,69.03,69.23,69.23,69.23,68.93,68.93,68.63
56,119,1,68.98,69.33,69.33,69.13,69.13,69.36,69.36,69.36,69.26,69.08,69.08,69.03,69.03,69.23,69.23,69.23,68.93,68.93,68.63
57,120,1,68.98,69.33,69.33,69.13,69.13,69.36,69.36,69.36,69.26,69.08,69.08,69.03,69.03,69.23,69.23,69.23,68.93,68.93,68.63
58,121,1,68.98,69.33,69.33,69.13,69.13,69.36,69.36,69.36,69.26,69.08,69.08,69.03,69.03,69.23,69.23,69.23,68.93,68.93,68.63
59,122,1,68.98,69.33,69.33,69.13,69.13,69.36,69.36,69.36,69.26,69.08,69.08,69.03,69.03,69.23,69.23,69.23,68.93,68.93,68.63
60,123,1,68.98,69.33,69.33,69.13,69.13,69.36,69.36,69.36,69.26,69.08,69.08,69.03,69.03,69.23,69.23,69.23,68.93,68.93,68.63
61,124,1,68.98,69.33,69.33,69.13,69.13,69.13,69.36,69.36,69.26,69.08,69.03,69.03,69.03,69.23,69.23,69.23,68.93,68.93,68.63
62,125,1,68.98,69.33,69.33,69.13,69.13,69.13,69.36,69.36,69.26,69.08,69.03,69.03,69.03,69.23,69.23,69.23,68.93,68.93,68.63
63,126,1,68.98,69.33,69.33,69.13,69.13,69.13,69.36,69.36,69.26,69.08,69.03,69.03,69.03,69.23,69.23,69.23,68.93,68.93,68.63
64,127,1,68.98,69.33,69.33,69.13,69.13,69.13,69.36,69.36,69.26,69.08,69.03,69.03,69.03,69.23,69.23,69.23,68.93,68.93,68.63
1,128,2,68.98,69.33,69.33,69.13,69.13,69.36,69.36,69.36,69.26,69.08,69.08,69.03,69.03,69.23,69.23,69.23,68.93,68.93,68.63
2,129,2,68.98,69.33,69.33,69.13,69.13,69.36,69.36,69.36,69.26,69.08,69.08,69.03,69.03,69.23,69.23,69.23,68.93,68.93,68.63
3,130,2,68.98,69.33,69.33,69.13,69.13,69.36,69.36,69.36,69.26,69.08,69.08,69.03,69.03,69.23,69.23,69.23,68.93,68.93,68.63
4,131,2,68.98,69.33,69.33,69.13,69.13,69.36,69.36,69.36,69.26,69.08,69.08,69.03,69.03,69.23,69.23,69.23,68.93,68.93,68.63
5,132,2,68.98,69.33,69.33,69.13,69.13,69.36,69.36,69.36,69.26,69.08,69.08,69.03,69.03,69.23,69.23,69.23,68.93,68.93,68.63
6,133,2,68.98,69.33,69.33,69.13,69.13,69.36,69.36,69.36,69.26,69.08,69.08,69.03,69.03,69.23,69.23,69.23,68.93,68.93,68.63
7,134,2,68.98,69.33,69.33,69.13,69.13,69.36,69.36,69.36,69.26,69.08,69.08,69.03,69.03,69.23,69.23,69.23,68.93,68.93,68.63
8,135,2,68.98,69.33,69.33,69.13,69.13,69.36,69.36,69.36,69.26,69.08,69.08,69.03,69.03,69.23,69.23,69.23,68.93,68.93,68.63
9,136,2,68.98,69.33,69.33,69.13,69.13,69.36,69.36,69.36,69.26,69.08,69.08,69.03,69.03,69.23,69.23,69.23,68.93,68.93,68.63
10,137,2,68.98,69.33,69.33,69.13,69.13,69.36,69.36,69.36,69.26,69.08,69.08,69.03,69.03,69.23,69.23,69.23,68.93,68.93,68.63
11,138,2,68.98,69.33,69.33,69.13,69.13,69.36,69.36,69.36,69.26,69.08,69.08,69.03,69.03,69.23,69.23,69.23,68.93,68.93,68.63
12,139,2,68.98,69.33,69.33,69.13,69.13,69.36,69.36,69.36,69.26,69.08,69.08,69.03,69.03,69.23,69.23,69.23,68.93,68.93,68.63
13,140,2,68.98,69.33,69.33,69.13,69.13,69.36,69.36,69.36,69.26,69.08,69.08,69.03,69.03,69.23,69.23,69.23,68.93,68.93,68.63
14,141,2,68.98,69.33,69.33,69.13,69.13,69.36,69.36,69.36,69.26,69.08,69.08,69.03,69.03,69.23,69.23,69.23,68.93,68.93,68.63
15,142,2,68.98,69.33,69.33,69.13,69.13,69.36,69.36,69.36,69.26,69.08,69.08,69.03,69.03,69.23,69.23,69.23,68.93,68.93,68.63
16,143,2,68.98,69.33,69.33,69.13,69.13,69.36,69.36,69.36,69.26,69.08,69.08,69.03,69.03,69.23,69.23,69.23,68.93,68.93,68.63
17,144,2,68.98,69.33,69.33,69.13,69.13,69.36,69.36,69.36,69.26,69.08,69.08,69.03,69.03,69.23,69.23,69.23,68.93,68.93,68.63
18,145,2,68.98,69.33,69.33,69.13,69.13,69.36,69.36,69.36,69.26,69.08,69.08,69.03,69.03,69.23,69.23,69.23,68.93,68.93,68.63
19,146,2,68.98,69.33,69.33,69.13,69.13,69.36,69.36,69.36,69.26,69.08,69.08,69.03,69.03,69.23,69.23,69.23,68.93,68.93,68.63
20,147,2,68.98,69.33,69.33,69.13,69.13,69.36,69.36,69.36,69.26,69.08,69.08,69.03,69.03,69.23,69.23,69.23,68.93,68.93,68.63
21,148,2,68.98,69.33,69.33,69.13,69.13,69.36,69.36,69.36,69.26,69.08,69.08,69.03,69.03,69.23,69.23,69.23,68.93,68.93,68.63
22,149,2,68.98,69.33,69.33,69.13,69.13,69.36,69.36,69.36,69.26,69.08,69.08,69.03,69.03,69.23,69.23,69.23,68.93,68.93,68.63
23,150,2,68.98,69.33,69.33,69.13,69.13,69.36,69.36,69.36,69.26,69.08,69.08,69.03,69.03,69.23,69.23,69.23,68.93,68.93,68.63
24,151,2,68.98,69.33,69.33,69.13,69.13,69.36,69.36,69.36,69.26,69.08,69.08,69.03,69.03,69.23,69.23,69.23,68.93,68.93,68.63
25,152,2,68.98,69.33,69.33,69.13,69.13,69.36,69.36,69.36,69.26,69.08,69.08,69.03,69.03,69.23,69.23,69.23,68.93,68.93,68.63
26,153,2,68.98,69.33,69.33,69.13,69.13,69.36,69.36,69.36,69.26,69.08,69.08,69.03,69.03,69.23,69.23,69.23,68.93,68.93,68.63
27,154,2,68.98,69.33,69.33,69.13,69.13,69.36,69.36,69.36,69.26,69.08,69.08,69.03,69.03,69.23,69.23,69.23,68.93,68.93,68.63
28,155,2,68.98,69.33,69.33,69.13,69.13,69.36,69.36,69.36,69.26,69.08,69.08,69.03,69.03,69.23,69.23,69.23,68.93,68.93,68.63
29,156,2,68.98,69.33,69.33,69.13,69.13,69.36,69.36,69.36,69.26,69.08,69.08,69.03,69.03,69.23,69.23,69.23,68.93,68.93,68.63
30,157,2,68.98,69.33,69.33,69.13,69.13,69.36,69.36,69.36,69.26,69.08,69.08,69.03,69.03,69.23,69.23,69.23,68.93,68.93,68.63
31,158,2,68.98,69.33,69.33,69.13,69.13,69.36,69.36,69.36,69.26,69.08,69.08,69.03,69.03,69.23,69.23,69.23,68.93,68.93,68.63
32,159,2,68.98,69.33,69.33,69.13,69.13,69.36,69.36,69.36,69.26,69.08,69.08,69.03,69.03,69.23,69.23,69.23,68.93,68.93,68.63
33,160,2,68.98,69.33,69.33,69.13,69.13,69.36,69.36,69.36,69.26,69.08,69.08,69.03,69.03,69.23,69.23,69.23,68.93,68.93,68.63
34,161,2,68.98,69.33,69.33,69.13,69.13,69.36,69.36,69.36,69.26,69.08,69.08,69.03,69.03,69.23,69.23,69.23,68.93,68.93,68.63
35,162,2,68.98,69.33,69.33,69.13,69.13,69.36,69.36,69.36,69.26,69.08,69.08,69.03,69.03,69.23,69.23,69.23,68.93,68.93,68.63
36,163,2,68.98,69.33,69.33,69.13,69.13,69.36,69.36,69.36,69.26,69.08,69.08,69.03,69.03,69.23,69.23,69.23,68.93,68.93,68.63
37,164,2,68.98,69.33,69.33,69.13,69.13,69.36,69.36,69.36,69.26,69.08,69.08,69.03,69.03,69.23,69.23,69.23,68.93,68.93,68.63
38,165,2,68.98,69.33,69.33,69.13,69.13,69.36,69.36,69.36,69.26,69.08,69.08,69.03,69.03,69.23,69.23,69.23,68.93,68.93,68.63
39,166,2,68.98,69.33,69.33,69.13,69.13,69.36,69.36,69.36,69.26,69.08,69.08,69.03,69.03,69.23,69.23,69.23,68.93,68.93,68.63
40,167,2,68.98,69.33,69.33,69.13,69.13,69.36,69.36,69.36,69.26,69.08,69.08,69.03,69.03,69.23,69.23,69.23,68.93,68.93,68.63
41,168,2,68.98,69.33,69.33,69.13,69.13,69.36,69.36,69.36,69.26,69.08,69.08,69.03,69.03,69.23,69.23,69.23,68.93,68.93,68.63
42,169,2,68.98,69.33,69.33,69.13,69.13,69.36,69.36,69.36,69.26,69.08,69.08,69.03,69.03,69.23,69.23,69.23,68.93,68.93,68.63
43,170,2,68.98,69.33,69.33,69.13,69.13,69.36,69.36,69.36,69.26,69.08,69.08,69.03,69.03,69.23,69.23,69.23,68.93,68.93,68.63
44,171,2,68.98,69.33,69.33,69.13,69.13,69.36,69.36,69.36,69.26,69.08,69.08,69.03,69.03,69.23,69.23,69.23,68.93,68.93,68.63
45,172,2,68.98,69.33,69.33,69.13,69.13,69.36,69.36,69.36,69.26,69.08,69.08,69.03,69.03,69.23,69.23,69.23,68.93,68.93,68.63
46,173,2,68.98,69.33,69.33,69.13,69.13,69.36,69.36,69.36,69.26,69.08,69.08,69.03,69.03,69.23,69.23,69.23,68.93,68.93,68.63
47,174,2,68.98,69.33,69.33,69.13,69.13,69.36,69.36,69.36,69.26,69.08,69.08,69.03,69.03,69.23,69.23,69.23,68.93,68.93,68.63
48,175,2,68.98,69.33,69.33,69.13,69.13,69.36,69.36,69.36,69.26,69.08,69.08,69.03,69.03,69.23,69.23,69.23,68.93,68.93,68.63
49,176,2,68.98,69.33,69.33,69.13,69.13,69.36,69.36,69.36,69.26,69.08,69.03,69.03,69.03,69.23,69.23,69.23,68.93,68.93,68.63
50,177,2,68.98,69.33,69.33,69.13,69.13,69.36,69.36,69.36,69.26,69.08,69.03,69.03,69.03,69.23,69.23,69.23,68.93,68.93,68.63
51,178,2,68.98,69.33,69.33,69.13,69.13,69.36,69.36,69.36,69.26,69.08,69.03,69.03,69.03,69.23,69.23,69.23,68.93,68.93,68.63
52,179,2,68.98,69.33,69.33,69.13,69.13,69.36,69.36,69.36,69.26,69.08,69.03,69.03,69.03,69.23,69.23,69.23,68.93,68.93,68.63
53,180,2,68.98,69.33,69.33,69.13,69.13,69.36,69.36,69.36,69.26,69.08,69.08,69.03,69.03,69.23,69.23,69.23,68.93,68.93,68.63
54,181,2,68.98,69.33,69.33,69.13,69.13,69.36,69.36,69.36,69.26,69.08,69.08,69.03,69.03,69.23,69.23,69.23,68.93,68.93,68.63
55,182,2,68.98,69.33,69.33,69.13,69.13,69.36,69.36,69.36,69.26,69.08,69.08,69.03,69.03,69.23,69.23,69.23,68.93,68.93,68.63
56,183,2,68.98,69.33,69.33,69.13,69.13,69.36,69.36,69.36,69.26,69.08,69.08,69.03,69.03,69.23,69.23,69.23,68.93,68.93,68.63
57,184,2,68.98,69.33,69.33,69.13,69.13,69.36,69.36,69.36,69.26,69.08,69.08,69.03,69.03,69.23,69.23,69.23,68.93,68.93,68.63
58,185,2,68.98,69.33,69.33,69.13,69.13,69.36,69.36,69.36,69.26,69.08,69.08,69.03,69.03,69.23,69.23,69.23,68.93,68.93,68.63
59,186,2,68.98,69.33,69.33,69.13,69.13,69.36,69.36,69.36,69.26,69.08,69.08,69.03,69.03,69.23,69.23,69.23,68.93,68.93,68.63
60,187,2,68.98,69.33,69.33,69.13,69.13,69.36,69.36,69.36,69.26,69.08,69.08,69.03,69.03,69.23,69.23,69.23,68.93,68.93,68.63
61,188,2,68.98,69.33,69.33,69.13,69.13,69.36,69.36,69.36,69.26,69.08,69.08,69.03,69.03,69.23,69.23,69.23,68.93,68.93,68.63
62,189,2,68.98,69.33,69.33,69.13,69.13,69.36,69.36,69.36,69.26,69.08,69.08,69.03,69.03,69.23,69.23,69.23,68.93,68.93,68.63
63,190,2,68.98,69.33,69.33,69.13,69.13,69.36,69.36,69.36,69.26,69.08,69.08,69.03,69.03,69.23,69.23,69.23,68.93,68.93,68.63
64,191,2,68.98,69.33,69.33,69.13,69.13,69.36,69.36,69.36,69.26,69.08,69.08,69.03,69.03,69.23,69.23,69.23,68.93,68.93,68.63
1,192,3,68.98,69.33,69.33,69.13,69.13,69.36,69.36,69.26,69.26,69.08,69.03,69.03,69.03,69.23,69.23,69.23,68.93,68.93,68.63
2,193,3,68.98,69.33,69.33,69.13,69.13,69.36,69.36,69.26,69.26,69.08,69.03,69.03,69.03,69.23,69.23,69.23,68.93,68.93,68.63
3,194,3,68.98,69.33,69.33,69.13,69.13,69.36,69.36,69.26,69.26,69.08,69.03,69.03,69.03,69.23,69.23,69.23,68.93,68.93,68.63
4,195,3,68.98,69.33,69.33,69.13,69.13,69.36,69.36,69.26,69.26,69.08,69.03,69.03,69.03,69.23,69.23,69.23,68.93,68.93,68.63
5,196,3,68.98,69.33,69.33,69.13,69.13,69.36,69.36,69.26,69.26,69.08,69.03,69.03,69.03,69.23,69.23,69.23,68.93,68.93,69.48
6,197,3,68.98,69.33,69.33,69.13,69.13,69.36,69.36,69.26,69.26,69.08,69.03,69.03,69.03,69.23,69.23,69.23,68.93,68.93,69.48
7,198,3,68.98,69.33,69.33,69.13,69.13,69.36,69.36,69.26,69.26,69.08,69.03,69.03,69.03,69.23,69.23,69.23,68.93,68.93,69.48
8,199,3,68.98,69.33,69.33,69.13,69.13,69.36,69.36,69.26,69.26,69.08,69.03,69.03,69.03,69.23,69.23,69.23,68.93,68.93,69.48
9,200,3,68.98,69.33,69.33,69.13,69.13,69.36,69.36,69.36,69.26,69.08,69.03,69.03,69.03,69.23,69.23,69.23,68.93,68.93,68.63
10,201,3,68.98,69.33,69.33,69.13,69.13,69.36,69.36,69.36,69.26,69.08,69.03,69.03,69.03,69.23,69.23,69.23,68.93,68.93,68.63
11,202,3,68.98,69.33,69.33,69.13,69.13,69.36,69.36,69.36,69.26,69.08,69.03,69.03,69.03,69.23,69.23,69.23,68.93,68.93,68.63
12,203,3,68.98,69.33,69.33,69.13,69.13,69.36,69.36,69.36,69.26,69.08,69.03,69.03,69.03,69.23,69.23,69.23,68.93,68.93,68.63
13,204,3,68.98,69.33,69.33,69.13,69.13,69.36,69.36,69.26,69.26,69.08,69.03,69.03,69.03,69.23,69.23,69.23,68.93,68.93,69.48
14,205,3,68.98,69.33,69.33,69.13,69.13,69.36,69.36,69.26,69.26,69.08,69.03,69.03,69.03,69.23,69.23,69.23,68.93,68.93,69.48
15,206,3,68.98,69.33,69.33,69.13,69.13,69.36,69.36,69.26,69.26,69.08,69.03,69.03,69.03,69.23,69.23,69.23,68.93,68.93,69.48
16,207,3,68.98,69.33,69.33,69.13,69.13,69.36,69.36,69.26,69.26,69.08,69.03,69.03,69.03,69.23,69.23,69.23,68.93,68.93,69.48
17,208,3,68.98,69.33,69.33,69.13,69.13,69.36,69.36,69.36,69.26,69.08,69.03,69.03,69.03,69.23,69.23,69.23,68.93,68.63,68.63
18,209,3,68.98,69.33,69.33,69.13,69.13,69.36,69.36,69.36,69.26,69.08,69.03,69.03,69.03,69.23,69.23,69.23,68.93,68.63,68.63
19,210,3,68.98,69.33,69.33,69.13,69.13,69.36,69.36,69.36,69.26,69.08,69.03,69.03,69.03,69.23,69.23,69.23,68.93,68.63,68.63
20,211,3,68.98,69.33,69.33,69.13,69.13,69.36,69.36,69.36,69.26,69.08,69.03,69.03,69.03,69.23,69.23,69.23,68.93,68.63,68.63
21,212,3,68.98,69.33,69.33,69.13,69.13,69.36,69.36,69.36,69.26,69.08,69.03,69.03,69.03,69.23,69.23,69.23,68.93,68.93,68.63
22,213,3,68.98,69.33,69.33,69.13,69.13,69.36,69.36,69.36,69.26,69.08,69.03,69.03,69.03,69.23,69.23,69.23,68.93,68.93,68.63
23,214,3,68.98,69.33,69.33,69.13,69.13,69.36,69.36,69.36,69.26,69.08,69.03,69.03,69.03,69.23,69.23,69.23,68.93,68.93,68.63
24,215,3,68.98,69.33,69.33,69.13,69.13,69.36,69.36,69.36,69.26,69.08,69.03,69.03,69.03,69.23,69.23,69.23,68.93,68.93,68.63
25,216,3,68.98,69.33,69.33,69.13,69.13,69.36,69.36,69.36,69.26,69.08,69.03,69.03,69.03,69.23,69.23,69.23,68.93,68.93,68.63
26,217,3,68.98,69.33,69.33,69.13,69.13,69.36,69.36,69.36,69.26,69.08,69.03,69.03,69.03,69.23,69.23,69.23,68.93,68.93,68.63
27,218,3,68.98,69.33,69.33,69.13,69.13,69.36,69.36,69.36,69.26,69.08,69.03,69.03,69.03,69.23,69.23,69.23,68.93,68.93,68.63
28,219,3,68.98,69.33,69.33,69.13,69.13,69.36,69.36,69.36,69.26,69.08,69.03,69.03,69.03,69.23,69.23,69.23,68.93,68.93,68.63
29,220,3,68.98,69.33,69.33,69.13,69.13,69.36,69.36,69.36,69.26,69.08,69.03,69.03,69.03,69.23,69.23,69.23,68.93,68.93,68.63
30,221,3,68.98,69.33,69.33,69.13,69.13,69.36,69.36,69.36,69.26,69.08,69.03,69.03,69.03,69.23,69.23,69.23,68.93,68.93,68.63
31,222,3,68.98,69.33,69.33,69.13,69.13,69.36,69.36,69.36,69.26,69.08,69.03,69.03,69.03,69.23,69.23,69.23,68.93,68.93,68.63
32,223,3,68.98,69.33,69.33,69.13,69.13,69.36,69.36,69.36,69.26,69.08,69.03,69.03,69.03,69.23,69.23,69.23,68.93,68.93,68.63
33,224,3,68.98,69.33,69.33,69.13,69.13,69.36,69.36,69.36,69.26,69.08,69.03,69.03,69.03,69.23,69.23,69.23,68.93,68.93,68.63
34,225,3,68.98,69.33,69.33,69.13,69.13,69.36,69.36,69.36,69.26,69.08,69.03,69.03,69.03,69.23,69.23,69.23,68.93,68.93,68.63
35,226,3,68.98,69.33,69.33,69.13,69.13,69.36,69.36,69.36,69.26,69.08,69.03,69.03,69.03,69.23,69.23,69.23,68.93,68.93,68.63
36,227,3,68.98,69.33,69.33,69.13,69.13,69.36,69.36,69.36,69.26,69.08,69.03,69.03,69.03,69.23,69.23,69.23,68.93,68.93,68.63
37,228,3,68.98,69.33,69.33,69.13,69.13,69.36,69.36,69.36,69.26,69.08,69.03,69.03,69.03,69.23,69.23,69.23,68.93,68.93,69.48
38,229,3,68.98,69.33,69.33,69.13,69.13,69.36,69.36,69.36,69.26,69.08,69.03,69.03,69.03,69.23,69.23,69.23,68.93,68.93,69.48
39,230,3,68.98,69.33,69.33,69.13,69.13,69.36,69.36,69.36,69.26,69.08,69.03,69.03,69.03,69.23,69.23,69.23,68.93,68.93,69.48
40,231,3,68.98,69.33,69.33,69.13,69.13,69.36,69.36,69.36,69.26,69.08,69.03,69.03,69.03,69.23,69.23,69.23,68.93,68.93,69.48
41,232,3,68.98,69.33,69.13,69.13,69.13,69.36,69.36,69.36,69.26,69.08,69.03,69.03,69.03,69.23,69.23,69.23,68.93,68.93,69.48
42,233,3,68.98,69.33,69.13,69.13,69.13,69.36,69.36,69.36,69.26,69.08,69.03,69.03,69.03,69.23,69.23,69.23,68.93,68.93,69.48
43,234,3,68.98,69.33,69.13,69.13,69.13,69.36,69.36,69.36,69.26,69.08,69.03,69.03,69.03,69.23,69.23,69.23,68.93,68.93,69.48
44,235,3,68.98,69.33,69.13,69.13,69.13,69.36,69.36,69.36,69.26,69.08,69.03,69.03,69.03,69.23,69.23,69.23,68.93,68.93,69.48
45,236,3,68.98,69.33,69.33,69.13,69.13,69.36,69.36,69.36,69.26,69.08,69.03,69.03,69.03,69.23,69.23,69.23,68.93,68.93,68.63
46,237,3,68.98,69.33,69.33,69.13,69.13,69.36,69.36,69.36,69.26,69.08,69.03,69.03,69.03,69.23,69.23,69.23,68.93,68.93,68.63
47,238,3,68.98,69.33,69.33,69.13,69.13,69.36,69.36,69.36,69.26,69.08,69.03,69.03,69.03,69.23,69.23,69.23,68.93,68.93,68.63
48,239,3,68.98,69.33,69.33,69.13,69.13,69.36,69.36,69.36,69.26,69.08,69.03,69.03,69.03,69.23,69.23,69.23,68.93,68.93,68.63
49,240,3,68.98,69.33,69.33,69.13,69.13,69.36,69.36,69.36,69.26,69.08,69.03,69.03,69.03,69.23,69.23,69.23,68.93,69.48,68.63
50,241,3,68.98,69.33,69.33,69.13,69.13,69.36,69.36,69.36,69.26,69.08,69.03,69.03,69.03,69.23,69.23,69.23,68.93,69.48,68.63
51,242,3,68.98,69.33,69.33,69.13,69.13,69.36,69.36,69.36,69.26,69.08,69.03,69.03,69.03,69.23,69.23,69.23,68.93,69.48,68.63
52,243,3,68.98,69.33,69.33,69.13,69.13,69.36,69.36,69.36,69.26,69.08,69.03,69.03,69.03,69.23,69.23,69.23,68.93,69.48,68.63
53,244,3,68.98,69.33,69.33,69.13,69.13,69.36,69.36,69.36,69.26,69.08,69.03,69.03,69.03,69.23,69.23,69.23,68.93,69.48,68.63
54,245,3,68.98,69.33,69.33,69.13,69.13,69.36,69.36,69.36,69.26,69.08,69.03,69.03,69.03,69.23,69.23,69.23,68.93,69.48,68.63
55,246,3,68.98,69.33,69.33,69.13,69.13,69.36,69.36,69.36,69.26,69.08,69.03,69.03,69.03,69.23,69.23,69.23,68.93,69.48,68.63
56,247,3,68.98,69.33,69.33,69.13,69.13,69.36,69.36,69.36,69.26,69.08,69.03,69.03,69.03,69.23,69.23,69.23,68.93,69.48,68.63
57,248,3,68.98,69.33,69.33,69.13,69.13,69.36,69.36,69.36,69.26,69.08,69.03,69.03,69.03,69.23,69.23,69.23,68.93,69.48,68.63
58,249,3,68.98,69.33,69.33,69.13,69.13,69.36,69.36,69.36,69.26,69.08,69.03,69.03,69.03,69.23,69.23,69.23,68.93,69.48,68.63
59,250,3,68.98,69.33,69.33,69.13,69.13,69.36,69.36,69.36,69.26,69.08,69.03,69.03,69.03,69.23,69.23,69.23,68.93,69.48,68.63
60,251,3,68.98,69.33,69.33,69.13,69.13,69.36,69.36,69.36,69.26,69.08,69.03,69.03,69.03,69.23,69.23,69.23,68.93,69.48,68.63
61,252,3,68.98,69.33,69.33,69.13,69.13,69.36,69.36,69.36,69.26,69.08,69.03,69.03,69.03,69.23,69.23,69.23,68.93,69.48,68.63
62,253,3,68.98,69.33,69.33,69.13,69.13,69.36,69.36,69.36,69.26,69.08,69.03,69.03,69.03,69.23,69.23,69.23,68.93,69.48,68.63
63,254,3,68.98,69.33,69.33,69.13,69.13,69.36,69.36,69.36,69.26,69.08,69.03,69.03,69.03,69.23,69.23,69.23,68.93,69.48,68.63
64,255,3,68.98,69.33,69.33,69.13,69.13,69.36,69.36,69.36,69.26,69.08,69.03,69.03,69.03,69.23,69.23,69.23,68.93,69.48,68.63
1,256,4,68.98,69.33,69.33,69.13,69.13,69.36,69.36,69.36,69.26,69.08,69.03,69.03,69.03,69.23,69.23,69.23,68.93,69.48,68.63
2,257,4,68.98,69.33,69.33,69.13,69.13,69.36,69.36,69.36,69.26,69.08,69.03,69.03,69.03,69.23,69.23,69.23,68.93,69.48,68.63
3,258,4,68.98,69.33,69.33,69.13,69.13,69.36,69.36,69.36,69.26,69.08,69.03,69.03,69.03,69.23,69.23,69.23,68.93,69.48,68.63
4,259,4,68.98,69.33,69.33,69.13,69.13,69.36,69.36,69.36,69.26,69.08,69.03,69.03,69.03,69.23,69.23,69.23,68.93,69.48,68.63
5,260,4,68.98,69.33,69.13,69.13,69.13,69.36,69.36,69.36,69.26,69.08,69.03,69.03,69.03,69.23,69.23,69.23,68.93,69.48,68.63
6,261,4,68.98,69.33,69.13,69.13,69.13,69.36,69.36,69.36,69.26,69.08,69.03,69.03,69.03,69.23,69.23,69.23,68.93,69.48,68.63
7,262,4,68.98,69.33,69.13,69.13,69.13,69.36,69.36,69.36,69.26,69.08,69.03,69.03,69.03,69.23,69.23,69.23,68.93,69.48,68.63
8,263,4,68.98,69.33,69.13,69.13,69.13,69.36,69.36,69.36,69.26,69.08,69.03,69.03,69.03,69.23,69.23,69.23,68.93,69.48,68.63
9,264,4,68.98,69.33,69.13,69.13,69.13,69.36,69.36,69.36,69.26,69.08,69.03,69.03,69.03,69.23,69.23,69.23,68.93,68.63,68.63
10,265,4,68.98,69.33,69.13,69.13,69.13,69.36,69.36,69.36,69.26,69.08,69.03,69.03,69.03,69.23,69.23,69.23,68.93,68.63,68.63
11,266,4,68.98,69.33,69.13,69.13,69.13,69.36,69.36,69.36,69.26,69.08,69.03,69.03,69.03,69.23,69.23,69.23,68.93,68.63,68.63
12,267,4,68.98,69.33,69.13,69.13,69.13,69.36,69.36,69.36,69.26,69.08,69.03,69.03,69.03,69.23,69.23,69.23,68.93,68.63,68.63
13,268,4,68.98,69.33,69.13,69.13,69.13,69.36,69.36,69.36,69.26,69.08,69.03,69.03,69.03,69.23,69.23,69.23,68.93,68.63,68.63
14,269,4,68.98,69.33,69.13,69.13,69.13,69.36,69.36,69.36,69.26,69.08,69.03,69.03,69.03,69.23,69.23,69.23,68.93,68.63,68.63
15,270,4,68.98,69.33,69.13,69.13,69.13,69.36,69.36,69.36,69.26,69.08,69.03,69.03,69.03,69.23,69.23,69.23,68.93,68.63,68.63
16,271,4,68.98,69.33,69.13,69.13,69.13,69.36,69.36,69.36,69.26,69.08,69.03,69.03,69.03,69.23,69.23,69.23,68.93,68.63,68.63
17,272,4,68.98,69.33,69.13,69.13,69.13,69.36,69.36,69.36,69.26,69.08,69.03,69.03,69.03,69.23,69.23,68.93,68.93,68.63,68.63
18,273,4,68.98,69.33,69.13,69.13,69.13,69.36,69.36,69.36,69.26,69.08,69.03,69.03,69.03,69.23,69.23,68.93,68.93,68.63,68.63
19,274,4,68.98,69.33,69.13,69.13,69.13,69.36,69.36,69.36,69.26,69.08,69.03,69.03,69.03,69.23,69.23,68.93,68.93,68.63,68.63
20,275,4,68.98,69.33,69.13,69.13,69.13,69.36,69.36,69.36,69.26,69.08,69.03,69.03,69.03,69.23,69.23,68.93,68.93,68.63,68.63
21,276,4,68.98,69.33,69.13,69.13,69.13,69.36,69.36,69.36,69.26,69.08,69.03,69.03,69.03,69.23,69.23,68.93,68.93,68.63,68.63
22,277,4,68.98,69.33,69.13,69.13,69.13,69.36,69.36,69.36,69.26,69.08,69.03,69.03,69.03,69.23,69.23,68.93,68.93,68.63,68.63
23,278,4,68.98,69.33,69.13,69.13,69.13,69.36,69.36,69.36,69.26,69.08,69.03,69.03,69.03,69.23,69.23,68.93,68.93,68.63,68.63
24,279,4,68.98,69.33,69.13,69.13,69.13,69.36,69.36,69.36,69.26,69.08,69.03,69.03,69.03,69.23,69.23,68.93,68.93,68.63,68.63
25,280,4,68.98,69.33,69.13,69.13,69.13,69.36,69.36,69.36,69.26,69.08,69.03,69.03,69.03,69.23,69.23,68.93,68.93,68.63,68.63
26,281,4,68.98,69.33,69.13,69.13,69.13,69.36,69.36,69.36,69.26,69.08,69.03,69.03,69.03,69.23,69.23,68.93,68.93,68.63,68.63
27,282,4,68.98,69.33,69.13,69.13,69.13,69.36,69.36,69.36,69.26,69.08,69.03,69.03,69.03,69.23,69.23,68.93,68.93,68.63,68.63
28,283,4,68.98,69.33,69.13,69.13,69.13,69.36,69.36,69.36,69.26,69.08,69.03,69.03,69.03,69.23,69.23,68.93,68.93,68.63,68.63
29,284,4,68.98,69.33,69.13,69.13,69.13,69.36,69.36,69.36,69.26,69.08,69.03,69.03,69.03,69.23,69.23,69.23,68.93,68.63,68.63
30,285,4,68.98,69.33,69.13,69.13,69.13,69.36,69.36,69.36,69.26,69.08,69.03,69.03,69.03,69.23,69.23,69.23,68.93,68.63,68.63
31,286,4,68.98,69.33,69.13,69.13,69.13,69.36,69.36,69.36,69.26,69.08,69.03,69.03,69.03,69.23,69.23,69.23,68.93,68.63,68.63
32,287,4,68.98,69.33,69.13,69.13,69.13,69.36,69.36,69.36,69.26,69.08,69.03,69.03,69.03,69.23,69.23,69.23,68.93,68.63,68.63
33,288,4,68.98,69.33,69.13,69.13,69.13,69.36,69.36,69.36,69.26,69.08,69.03,69.03,69.03,69.23,69.23,68.93,68.93,68.63,68.63
34,289,4,68.98,69.33,69.13,69.13,69.13,69.36,69.36,69.36,69.26,69.08,69.03,69.03,69.03,69.23,69.23,68.93,68.93,68.63,68.63
35,290,4,68.98,69.33,69.13,69.13,69.13,69.36,69.36,69.36,69.26,69.08,69.03,69.03,69.03,69.23,69.23,68.93,68.93,68.63,68.63
36,291,4,68.98,69.33,69.13,69.13,69.13,69.36,69.36,69.36,69.26,69.08,69.03,69.03,69.03,69.23,69.23,68.93,68.93,68.63,68.63
37,292,4,68.98,69.33,69.13,69.13,69.13,69.36,69.36,69.26,69.26,69.08,69.03,69.03,69.03,69.23,69.23,68.93,68.93,68.63,68.63
38,293,4,68.98,69.33,69.13,69.13,69.13,69.36,69.36,69.26,69.26,69.08,69.03,69.03,69.03,69.23,69.23,68.93,68.93,68.63,68.63
39,294,4,68.98,69.33,69.13,69.13,69.13,69.36,69.36,69.26,69.26,69.08,69.03,69.03,69.03,69.23,69.23,68.93,68.93,68.63,68.63
40,295,4,68.98,69.33,69.13,69.13,69.13,69.36,69.36,69.26,69.26,69.08,69.03,69.03,69.03,69.23,69.23,68.93,68.93,68.63,68.63
41,296,4,68.98,69.33,69.13,69.13,69.13,69.36,69.36,69.26,69.26,69.08,69.03,69.03,69.03,69.23,69.23,68.93,68.93,69.48,68.63
42,297,4,68.98,69.33,69.13,69.13,69.13,69.36,69.36,69.26,69.26,69.08,69.03,69.03,69.03,69.23,69.23,68.93,68.93,69.48,68.63
43,298,4,68.98,69.33,69.13,69.13,69.13,69.36,69.36,69.26,69.26,69.08,69.03,69.03,69.03,69.23,69.23,68.93,68.93,69.48,68.63
44,299,4,68.98,69.33,69.13,69.13,69.13,69.36,69.36,69.26,69.26,69.08,69.03,69.03,69.03,69.23,69.23,68.93,68.93,69.48,68.63
45,300,4,68.98,69.33,69.13,69.13,69.13,69.36,69.36,69.26,69.26,69.08,69.03,69.03,69.03,69.23,69.23,68.93,68.93,68.63,68.63
46,301,4,68.98,69.33,69.13,69.13,69.13,69.36,69.36,69.26,69.26,69.08,69.03,69.03,69.03,69.23,69.23,68.93,68.93,68.63,68.63
47,302,4,68.98,69.33,69.13,69.13,69.13,69.36,69.36,69.26,69.26,69.08,69.03,69.03,69.03,69.23,69.23,68.93,68.93,68.63,68.63
48,303,4,68.98,69.33,69.13,69.13,69.13,69.36,69.36,69.26,69.26,69.08,69.03,69.03,69.03,69.23,69.23,68.93,68.93,68.63,68.63
49,304,4,68.98,69.33,69.13,69.13,69.13,69.36,69.36,69.26,69.26,69.08,69.03,69.03,69.03,69.23,69.23,68.93,68.93,69.48,68.63
50,305,4,68.98,69.33,69.13,69.13,69.13,69.36,69.36,69.26,69.26,69.08,69.03,69.03,69.03,69.23,69.23,68.93,68.93,69.48,68.63
51,306,4,68.98,69.33,69.13,69.13,69.13,69.36,69.36,69.26,69.26,69.08,69.03,69.03,69.03,69.23,69.23,68.93,68.93,69.48,68.63
52,307,4,68.98,69.33,69.13,69.13,69.13,69.36,69.36,69.26,69.26,69.08,69.03,69.03,69.03,69.23,69.23,68.93,68.93,69.48,68.63
53,308,4,68.98,69.33,69.13,69.13,69.13,69.36,69.36,69.26,69.26,69.08,69.03,69.03,69.03,69.23,69.23,68.93,68.93,69.48,68.63
54,309,4,68.98,69.33,69.13,69.13,69.13,69.36,69.36,69.26,69.26,69.08,69.03,69.03,69.03,69.23,69.23,68.93,68.93,69.48,68.63
55,310,4,68.98,69.33,69.13,69.13,69.13,69.36,69.36,69.26,69.26,69.08,69.03,69.03,69.03,69.23,69.23,68.93,68.93,69.48,68.63
56,311,4,68.98,69.33,69.13,69.13,69.13,69.36,69.36,69.26,69.26,69.08,69.03,69.03,69.03,69.23,69.23,68.93,68.93,69.48,68.63
57,312,4,68.98,69.33,69.13,69.13,69.13,69.36,69.36,69.26,69.26,69.08,69.03,69.03,69.03,69.23,69.23,68.93,68.93,68.63,68.63
58,313,4,68.98,69.33,69.13,69.13,69.13,69.36,69.36,69.26,69.26,69.08,69.03,69.03,69.03,69.23,69.23,68.93,68.93,68.63,68.63
59,314,4,68.98,69.33,69.13,69.13,69.13,69.36,69.36,69.26,69.26,69.08,69.03,69.03,69.03,69.23,69.23,68.93,68.93,68.63,68.63
60,315,4,68.98,69.33,69.13,69.13,69.13,69.36,69.36,69.26,69.26,69.08,69.03,69.03,69.03,69.23,69.23,68.93,68.93,68.63,68.63
61,316,4,68.98,69.33,69.13,69.13,69.13,69.36,69.36,69.26,69.26,69.08,69.03,69.03,69.03,69.23,69.23,68.93,68.93,69.48,68.63
62,317,4,68.98,69.33,69.13,69.13,69.13,69.36,69.36,69.26,69.26,69.08,69.03,69.03,69.03,69.23,69.23,68.93,68.93,69.48,68.63
63,318,4,68.98,69.33,69.13,69.13,69.13,69.36,69.36,69.26,69.26,69.08,69.03,69.03,69.03,69.23,69.23,68.93,68.93,69.48,68.63
64,319,4,68.98,69.33,69.13,69.13,69.13,69.36,69.36,69.26,69.26,69.08,69.03,69.03,69.03,69.23,69.23,68.93,68.93,69.48,68.63
1,320,5,68.98,69.33,69.13,69.13,69.13,69.36,69.36,69.26,69.26,69.08,69.03,69.03,69.03,69.23,69.23,68.93,68.93,68.63,68.63
2,321,5,68.98,69.33,69.13,69.13,69.13,69.36,69.36,69.26,69.26,69.08,69.03,69.03,69.03,69.23,69.23,68.93,68.93,68.63,68.63
3,322,5,68.98,69.33,69.13,69.13,69.13,69.36,69.36,69.26,69.26,69.08,69.03,69.03,69.03,69.23,69.23,68.93,68.93,68.63,68.63
4,323,5,68.98,69.33,69.13,69.13,69.13,69.36,69.36,69.26,69.26,69.08,69.03,69.03,69.03,69.23,69.23,68.93,68.93,68.63,68.63
5,324,5,68.98,69.33,69.13,69.13,69.13,69.36,69.36,69.26,69.26,69.08,69.03,69.03,69.03,69.23,69.23,68.93,68.93,68.63,68.63
6,325,5,68.98,69.33,69.13,69.13,69.13,69.36,69.36,69.26,69.26,69.08,69.03,69.03,69.03,69.23,69.23,68.93,68.93,68.63,68.63
7,326,5,68.98,69.33,69.13,69.13,69.13,69.36,69.36,69.26,69.26,69.08,69.03,69.03,69.03,69.23,69.23,68.93,68.93,68.63,68.63
8,327,5,68.98,69.33,69.13,69.13,69.13,69.36,69.36,69.26,69.26,69.08,69.03,69.03,69.03,69.23,69.23,68.93,68.93,68.63,68.63
9,328,5,68.98,69.33,69.13,69.13,69.13,69.36,69.36,69.26,69.26,69.08,69.03,69.03,69.03,69.23,69.23,68.93,68.93,68.63,68.63
10,329,5,68.98,69.33,69.13,69.13,69.13,69.36,69.36,69.26,69.26,69.08,69.03,69.03,69.03,69.23,69.23,68.93,68.93,68.63,68.63
11,330,5,68.98,69.33,69.13,69.13,69.13,69.36,69.36,69.26,69.26,69.08,69.03,69.03,69.03,69.23,69.23,68.93,68.93,68.63,68.63
12,331,5,68.98,69.33,69.13,69.13,69.13,69.36,69.36,69.26,69.26,69.08,69.03,69.03,69.03,69.23,69.23,68.93,68.93,68.63,68.63
13,332,5,68.98,69.33,69.13,69.13,69.13,69.36,69.36,69.26,69.26,69.08,69.03,69.03,69.03,69.23,69.23,68.93,68.93,68.63,68.63
14,333,5,68.98,69.33,69.13,69.13,69.13,69.36,69.36,69.26,69.26,69.08,69.03,69.03,69.03,69.23,69.23,68.93,68.93,68.63,68.63
15,334,5,68.98,69.33,69.13,69.13,69.13,69.36,69.36,69.26,69.26,69.08,69.03,69.03,69.03,69.23,69.23,68.93,68.93,68.63,68.63
16,335,5,68.98,69.33,69.13,69.13,69.13,69.36,69.36,69.26,69.26,69.08,69.03,69.03,69.03,69.23,69.23,68.93,68.93,68.63,68.63
17,336,5,68.98,69.33,69.13,69.13,69.13,69.13,69.36,69.26,69.26,69.08,69.03,69.03,69.03,69.23,69.23,68.93,68.93,69.48,68.63
18,337,5,68.98,69.33,69.13,69.13,69.13,69.13,69.36,69.26,69.26,69.08,69.03,69.03,69.03,69.23,69.23,68.93,68.93,69.48,68.63
19,338,5,68.98,69.33,69.13,69.13,69.13,69.13,69.36,69.26,69.26,69.08,69.03,69.03,69.03,69.23,69.23,68.93,68.93,69.48,68.63
20,339,5,68.98,69.33,69.13,69.13,69.13,69.13,69.36,69.26,69.26,69.08,69.03,69.03,69.03,69.23,69.23,68.93,68.93,69.48,68.63
21,340,5,68.98,69.33,69.13,69.13,69.13,69.36,69.36,69.26,69.26,69.08,69.03,69.03,69.03,69.23,69.23,68.93,68.93,68.63,68.63
22,341,5,68.98,69.33,69.13,69.13,69.13,69.36,69.36,69.26,69.26,69.08,69.03,69.03,69.03,69.23,69.23,68.93,68.93,68.63,68.63
23,342,5,68.98,69.33,69.13,69.13,69.13,69.36,69.36,69.26,69.26,69.08,69.03,69.03,69.03,69.23,69.23,68.93,68.93,68.63,68.63
24,343,5,68.98,69.33,69.13,69.13,69.13,69.36,69.36,69.26,69.26,69.08,69.03,69.03,69.03,69.23,69.23,68.93,68.93,68.63,68.63
25,344,5,68.98,69.33,69.13,69.13,69.13,69.36,69.36,69.26,69.26,69.08,69.03,69.03,69.03,69.23,69.23,68.93,68.93,68.63,68.63
26,345,5,68.98,69.33,69.13,69.13,69.13,69.36,69.36,69.26,69.26,69.08,69.03,69.03,69.03,69.23,69.23,68.93,68.93,68.63,68.63
27,346,5,68.98,69.33,69.13,69.13,69.13,69.36,69.36,69.26,69.26,69.08,69.03,69.03,69.03,69.23,69.23,68.93,68.93,68.63,68.63
28,347,5,68.98,69.33,69.13,69.13,69.13,69.36,69.36,69.26,69.26,69.08,69.03,69.03,69.03,69.23,69.23,68.93,68.93,68.63,68.63
29,348,5,68.98,69.33,69.13,69.13,69.13,69.36,69.36,69.26,69.26,69.08,69.03,69.03,69.03,69.23,69.23,68.93,68.93,68.63,68.63
30,349,5,68.98,69.33,69.13,69.13,69.13,69.36,69.36,69.26,69.26,69.08,69.03,69.03,69.03,69.23,69.23,68.93,68.93,68.63,68.63
31,350,5,68.98,69.33,69.13,69.13,69.13,69.36,69.36,69.26,69.26,69.08,69.03,69.03,69.03,69.23,69.23,68.93,68.93,68.63,68.63
32,351,5,68.98,69.33,69.13,69.13,69.13,69.36,69.36,69.26,69.26,69.08,69.03,69.03,69.03,69.23,69.23,68.93,68.93,68.63,68.63
33,352,5,68.98,69.33,69.13,69.13,69.13,69.13,69.36,69.26,69.26,69.08,69.03,69.03,69.03,69.23,69.23,69.28,68.93,69.48,68.63
34,353,5,68.98,69.33,69.13,69.13,69.13,69.13,69.36,69.26,69.26,69.08,69.03,69.03,69.03,69.23,69.23,69.28,68.93,69.48,68.63
35,354,5,68.98,69.33,69.13,69.13,69.13,69.13,69.36,69.26,69.26,69.08,69.03,69.03,69.03,69.23,69.23,69.28,68.93,69.48,68.63
36,355,5,68.98,69.33,69.13,69.13,69.13,69.13,69.36,69.26,69.26,69.08,69.03,69.03,69.03,69.23,69.23,69.28,68.93,69.48,68.63
37,356,5,68.98,69.33,69.13,69.13,69.13,69.36,69.36,69.26,69.26,69.08,69.03,69.03,69.03,69.23,69.23,68.93,68.93,69.48,68.63
38,357,5,68.98,69.33,69.13,69.13,69.13,69.36,69.36,69.26,69.26,69.08,69.03,69.03,69.03,69.23,69.23,68.93,68.93,69.48,68.63
39,358,5,68.98,69.33,69.13,69.13,69.13,69.36,69.36,69.26,69.26,69.08,69.03,69.03,69.03,69.23,69.23,68.93,68.93,69.48,68.63
40,359,5,68.98,69.33,69.13,69.13,69.13,69.36,69.36,69.26,69.26,69.08,69.03,69.03,69.03,69.23,69.23,68.93,68.93,69.48,68.63
41,360,5,68.98,69.33,69.13,69.13,69.13,69.36,69.36,69.26,69.26,69.08,69.03,69.03,69.03,69.23,69.23,68.93,68.93,68.63,68.63
42,361,5,68.98,69.33,69.13,69.13,69.13,69.36,69.36,69.26,69.26,69.08,69.03,69.03,69.03,69.23,69.23,68.93,68.93,68.63,68.63
43,362,5,68.98,69.33,69.13,69.13,69.13,69.36,69.36,69.26,69.26,69.08,69.03,69.03,69.03,69.23,69.23,68.93,68.93,68.63,68.63
44,363,5,68.98,69.33,69.13,69.13,69.13,69.36,69.36,69.26,69.26,69.08,69.03,69.03,69.03,69.23,69.23,68.93,68.93,68.63,68.63
45,364,5,68.98,69.33,69.13,69.13,69.13,69.36,69.36,69.26,69.26,69.08,69.03,69.03,69.03,69.23,69.23,68.93,68.93,69.48,68.63
46,365,5,68.98,69.33,69.13,69.13,69.13,69.36,69.36,69.26,69.26,69.08,69.03,69.03,69.03,69.23,69.23,68.93,68.93,69.48,68.63
47,366,5,68.98,69.33,69.13,69.13,69.13,69.36,69.36,69.26,69.26,69.08,69.03,69.03,69.03,69.23,69.23,68.93,68.93,69.48,68.63
48,367,5,68.98,69.33,69.13,69.13,69.13,69.36,69.36,69.26,69.26,69.08,69.03,69.03,69.03,69.23,69.23,68.93,68.93,69.48,68.63
49,368,5,68.98,69.33,69.13,69.13,69.13,69.13,69.36,69.26,69.26,69.08,69.03,69.03,69.03,69.23,69.23,68.93,68.93,69.48,69.48
50,369,5,68.98,69.33,69.13,69.13,69.13,69.13,69.36,69.26,69.26,69.08,69.03,69.03,69.03,69.23,69.23,68.93,68.93,69.48,69.48
51,370,5,68.98,69.33,69.13,69.13,69.13,69.13,69.36,69.26,69.26,69.08,69.03,69.03,69.03,69.23,69.23,68.93,68.93,69.48,69.48
52,371,5,68.98,69.33,69.13,69.13,69.13,69.13,69.36,69.26,69.26,69.08,69.03,69.03,69.03,69.23,69.23,68.93,68.93,69.48,69.48
53,372,5,68.98,69.33,69.13,69.13,69.13,69.13,69.36,69.26,69.26,69.08,69.03,69.03,69.03,69.23,69.23,68.93,68.93,69.48,68.63
54,373,5,68.98,69.33,69.13,69.13,69.13,69.13,69.36,69.26,69.26,69.08,69.03,69.03,69.03,69.23,69.23,68.93,68.93,69.48,68.63
55,374,5,68.98,69.33,69.13,69.13,69.13,69.13,69.36,69.26,69.26,69.08,69.03,69.03,69.03,69.23,69.23,68.93,68.93,69.48,68.63
56,375,5,68.98,69.33,69.13,69.13,69.13,69.13,69.36,69.26,69.26,69.08,69.03,69.03,69.03,69.23,69.23,68.93,68.93,69.48,68.63
57,376,5,68.98,69.33,69.13,69.13,69.13,69.36,69.36,69.26,69.26,69.08,69.03,69.03,69.03,69.23,69.23,68.93,68.93,69.48,69.48
58,377,5,68.98,69.33,69.13,69.13,69.13,69.36,69.36,69.26,69.26,69.08,69.03,69.03,69.03,69.23,69.23,68.93,68.93,69.48,69.48
59,378,5,68.98,69.33,69.13,69.13,69.13,69.36,69.36,69.26,69.26,69.08,69.03,69.03,69.03,69.23,69.23,68.93,68.93,69.48,69.48
60,379,5,68.98,69.33,69.13,69.13,69.13,69.36,69.36,69.26,69.26,69.08,69.03,69.03,69.03,69.23,69.23,68.93,68.93,69.48,69.48
61,380,5,68.98,69.33,69.13,69.13,69.13,69.36,69.36,69.26,69.26,69.08,69.03,69.03,69.03,69.23,69.23,68.93,68.93,69.48,68.63
62,381,5,68.98,69.33,69.13,69.13,69.13,69.36,69.36,69.26,69.26,69.08,69.03,69.03,69.03,69.23,69.23,68.93,68.93,69.48,68.63
63,382,5,68.98,69.33,69.13,69.13,69.13,69.36,69.36,69.26,69.26,69.08,69.03,69.03,69.03,69.23,69.23,68.93,68.93,69.48,68.63
64,383,5,68.98,69.33,69.13,69.13,69.13,69.36,69.36,69.26,69.26,69.08,69.03,69.03,69.03,69.23,69.23,68.93,68.93,69.48,68.63
