channel_num, sp_gap, chisqr/ndf, gauss1 mean, gauss1 ampl, gauss1 sigma, gauss2 ampl, gauss2 sigma, gauss3 ampl, gauss3 sigma, gauss4 ampl, gauss4 sigma, gauss5 ampl, gauss5 sigma, landau ampl, landau mpv, landau sigma
0, 25.655663, 24.740026, 30.635521, 12445.671556, 7.296864, 5107.024581, 7.121289, 428.757085, 8.818968, 428.757085, 8.818968, 0.000000, 0.000000, 69364.363579, 7.996628, 2.910765
1, 24.611391, 31.308226, 30.093156, 12341.598869, 7.331190, 4893.387296, 6.700575, 398.768302, 8.732883, 398.768302, 8.732883, 0.000000, 0.000000, 72529.311004, 7.926259, 2.928011
2, 25.984579, 22.881449, 31.125767, 12237.331115, 7.464100, 5322.184028, 7.345076, 492.712322, 9.081810, 492.712322, 9.081810, 0.000000, 0.000000, 62057.502390, 8.249043, 3.025978
3, 25.978313, 21.822754, 31.236261, 12611.049905, 6.653959, 4583.372606, 7.129339, 363.668688, 8.510112, 363.668688, 8.510112, 0.000000, 0.000000, 79223.018522, 8.076788, 2.938020
4, 28.051901, 56.457435, 31.850718, 9240.878697, 4.986877, 2183.748522, 6.482219, 122.668838, 5.481777, 122.668838, 5.481777, 0.000000, 0.000000, 148347.020101, 7.609275, 2.649208
5, 27.630090, 73.281697, 31.883532, 8570.173864, 4.800526, 1999.701010, 5.982337, 83.326171, 4.465943, 83.326171, 4.465943, 0.000000, 0.000000, 160703.353299, 7.471409, 2.565405
6, 28.945218, 59.947100, 32.609451, 10350.508223, 5.233477, 2536.240550, 7.057738, 151.007235, 8.091187, 151.007235, 8.091187, 0.000000, 0.000000, 139523.087323, 7.460001, 2.565680
7, 28.386839, 60.850366, 32.300890, 9990.402026, 5.151916, 2520.951100, 6.688435, 137.644085, 7.045098, 137.644085, 7.045098, 0.000000, 0.000000, 141844.294729, 7.525094, 2.594248
8, 27.601972, 47.460203, 32.356262, 10531.563166, 5.336019, 2718.750173, 7.106867, 139.883265, 8.200179, 139.883265, 8.200179, 0.000000, 0.000000, 131593.195806, 7.700240, 2.680148
9, 26.798691, 46.077874, 31.308171, 9746.053044, 5.084199, 2452.864922, 6.310019, 103.142205, 7.019784, 103.142205, 7.019784, 0.000000, 0.000000, 142124.416028, 7.622423, 2.693784
10, 28.631488, 44.825438, 32.844606, 10651.225289, 5.461071, 2779.965154, 7.292675, 153.355575, 8.467201, 153.355575, 8.467201, 0.000000, 0.000000, 126673.227563, 7.776850, 2.711995
11, 27.834805, 46.612982, 32.461043, 10662.265276, 5.406324, 2803.187763, 6.907604, 159.607191, 8.264484, 159.607191, 8.264484, 0.000000, 0.000000, 128921.937292, 7.641242, 2.678900
12, 25.579157, 22.600289, 30.999830, 11936.127340, 7.553706, 5058.932573, 7.280999, 455.851073, 9.146783, 455.851073, 9.146783, 0.000000, 0.000000, 67916.648450, 8.148703, 3.005564
13, 25.678995, 25.906436, 30.195496, 12052.918100, 7.510046, 4964.449765, 7.215455, 416.537968, 8.920193, 416.537968, 8.920193, 0.000000, 0.000000, 70807.730825, 7.977889, 2.932339
14, 25.775880, 26.993230, 30.597131, 12000.767996, 7.752139, 5356.414416, 7.339337, 498.849813, 9.179058, 498.849813, 9.179058, 0.000000, 0.000000, 61108.401412, 8.149146, 3.027228
15, 25.758699, 19.494352, 30.952290, 12453.496382, 6.680088, 4484.500173, 7.058072, 321.829465, 8.559720, 321.829465, 8.559720, 0.000000, 0.000000, 83412.799137, 8.076976, 2.935964
16, 29.523594, 78.159670, 33.274368, 9439.634087, 5.032683, 2208.132853, 6.960503, 123.658931, 8.347295, 123.658931, 8.347295, 0.000000, 0.000000, 147418.427269, 7.629770, 2.569003
17, 27.281113, 55.253560, 32.071294, 10306.232989, 5.182375, 2660.901525, 6.596716, 158.414782, 7.920832, 158.414782, 7.920832, 0.000000, 0.000000, 139196.395558, 7.368989, 2.565020
18, 28.256390, 35.663206, 32.190409, 11334.361196, 5.628257, 3085.156934, 7.352103, 202.286726, 8.255717, 202.286726, 8.255717, 0.000000, 0.000000, 116847.327450, 7.777248, 2.729504
19, 26.924363, 25.046627, 31.283770, 11563.856464, 6.023659, 3570.903469, 7.343708, 260.763319, 8.263635, 260.763319, 8.263635, 0.000000, 0.000000, 107255.666432, 7.536826, 2.700857
20, 24.942381, 24.024619, 30.280904, 11598.244903, 5.904426, 3484.188554, 6.537708, 163.081127, 8.092118, 163.081127, 8.092118, 0.000000, 0.000000, 108623.664089, 8.072887, 2.915360
21, 24.768096, 23.271505, 29.962638, 12034.578504, 6.373744, 4063.568787, 6.546682, 240.941227, 8.269019, 240.941227, 8.269019, 0.000000, 0.000000, 95977.418551, 7.985255, 2.896093
22, 24.882226, 20.073059, 29.016831, 10798.299576, 5.604795, 3030.689444, 6.263325, 96.274707, 8.066650, 96.274707, 8.066650, 0.000000, 0.000000, 120132.412127, 8.116589, 2.939442
23, 25.176529, 20.631948, 29.853682, 11635.464577, 5.935575, 3470.012672, 6.670974, 174.036467, 8.073875, 174.036467, 8.073875, 0.000000, 51542036849557107371641009566037083268475382095135941931951507800325514375058517830669097638501702863388493731680358219394805388102571325335850127762407280345088.000000, 109939.015327, 7.849343, 2.850608
24, 28.696490, 87.601875, 32.985414, 8921.660276, 4.937101, 2125.760751, 6.340192, 116.066781, 5.343872, 116.066781, 5.343872, 0.000000, 0.000000, 158579.077003, 7.424163, 2.513562
25, 27.662184, 82.789595, 33.192908, 8188.552948, 4.632426, 1878.892473, 5.664691, 96.983004, 3.794549, 96.983004, 3.794549, 0.000000, 0.000000, 155173.214014, 8.037012, 2.747718
26, 28.359478, 39.236856, 32.703627, 10819.865774, 5.494752, 2909.651156, 7.421512, 189.958615, 8.435045, 189.958615, 8.435045, 0.000000, 0.000000, 121734.697112, 7.830053, 2.746527
27, 27.541646, 70.355786, 31.398827, 9055.046934, 4.768357, 2175.770449, 6.038553, 106.371696, 4.792630, 106.371696, 4.792630, 0.000000, 0.000000, 159045.528168, 7.400920, 2.541671
28, 27.014018, 51.351052, 32.234117, 9727.042165, 5.294655, 2636.584887, 6.778911, 127.769145, 8.348565, 127.769145, 8.348565, 0.000000, 0.000000, 139565.162121, 7.655375, 2.658523
29, 27.855039, 73.937801, 32.710076, 9154.490713, 4.962753, 2149.296942, 6.342249, 106.470833, 5.570255, 106.470833, 5.570255, 0.000000, 0.000000, 152827.179738, 7.566565, 2.598517
30, 28.937426, 85.479253, 32.780235, 8392.068406, 4.867037, 1964.301333, 6.205635, 91.180559, 4.273659, 91.180559, 4.273659, 0.000000, 0.000000, 162847.634700, 7.542147, 2.554546
31, 28.357289, 87.664545, 32.694793, 8946.215805, 4.819005, 2060.741350, 6.084809, 84.704089, 5.004515, 84.704089, 5.004515, 0.000000, 0.000000, 161422.546900, 7.456733, 2.525873
32, 28.360146, 70.102284, 33.472106, 9351.339979, 5.337370, 2375.825502, 6.697873, 139.985777, 7.838008, 139.985777, 7.838008, 0.000000, 0.000000, 144291.464636, 7.530093, 2.571318
33, 28.136511, 47.534655, 32.557809, 10716.816992, 5.436467, 2934.669341, 7.164844, 209.103210, 8.149412, 209.103210, 8.149412, 0.000000, 0.000000, 125780.997564, 7.486917, 2.631209
34, 28.816009, 48.906798, 33.057300, 10363.165059, 5.418325, 2761.794196, 7.201038, 190.683032, 8.556306, 190.683032, 8.556306, 0.000000, 0.000000, 126617.977522, 7.731795, 2.702962
35, 28.902554, 54.234101, 32.767489, 10228.056679, 5.276373, 2639.749733, 7.037029, 170.402309, 8.161071, 170.402309, 8.161071, 0.000000, 0.000000, 134247.136155, 7.588014, 2.625588
36, 25.635884, 23.459826, 30.738166, 12531.224567, 6.581754, 4647.278595, 6.886845, 364.417859, 8.412324, 364.417859, 8.412324, 0.000000, 0.000000, 85884.294001, 7.752026, 2.799542
37, 26.198842, 17.439446, 31.507384, 12109.313154, 6.677366, 4513.613952, 7.252512, 369.914494, 8.782760, 369.914494, 8.782760, 0.000000, 0.000000, 82524.188440, 8.070363, 2.923447
38, 25.996142, 25.969986, 31.258865, 12403.074550, 6.209101, 4078.069469, 6.959828, 293.282538, 8.265734, 293.282538, 8.265734, 0.000000, 0.000000, 94548.058815, 7.877066, 2.831006
39, 25.933025, 21.168809, 31.389177, 12303.983526, 7.017059, 4904.250468, 7.281826, 443.231686, 8.867661, 443.231686, 8.867661, 0.000000, 0.000000, 70221.956145, 8.290699, 3.047462
40, 27.081017, 41.594105, 31.539470, 10931.733201, 5.482712, 3191.459403, 6.897702, 195.201732, 7.908652, 195.201732, 7.908652, 0.000000, 0.000000, 129387.329058, 7.338966, 2.568501
41, 27.680340, 58.546440, 32.064252, 10169.858214, 5.017749, 2491.862480, 6.662736, 140.471882, 6.808329, 140.471882, 6.808329, 0.000000, 0.000000, 143478.468109, 7.485608, 2.588075
42, 27.196468, 32.465563, 32.831036, 11401.955636, 5.724228, 3165.608792, 7.259083, 193.762198, 8.594171, 193.762198, 8.594171, 0.000000, 0.000000, 113702.480600, 7.884842, 2.793830
43, 27.949483, 52.368068, 31.903521, 10371.994641, 5.185609, 2563.864015, 6.742751, 126.304019, 7.955592, 126.304019, 7.955592, 0.000000, 0.000000, 140131.462274, 7.493397, 2.595687
44, 27.903980, 74.816417, 32.389720, 9029.559811, 4.837100, 2067.846407, 6.305212, 103.179600, 3.519678, 103.179600, 3.519678, 0.000000, 0.000000, 157174.939454, 7.585357, 2.590221
45, 27.379100, 61.197963, 32.738893, 9912.516707, 5.170203, 2469.556908, 6.669813, 117.961601, 8.289674, 117.961601, 8.289674, 0.000000, 0.000000, 144205.685473, 7.495251, 2.587957
46, 27.535527, 45.630306, 31.737543, 10187.225581, 5.169634, 2467.859583, 6.697925, 96.223785, 6.853682, 96.223785, 6.853682, 0.000000, 0.000000, 137516.764691, 7.778981, 2.733598
47, 28.356104, 92.807520, 32.473744, 8344.464375, 4.679266, 1769.911571, 5.972074, 84.441516, 3.553350, 84.441516, 3.553350, 0.000000, 0.000000, 167060.341981, 7.519771, 2.547126
48, 28.560766, 60.956931, 33.038701, 10009.416407, 5.188878, 2459.576016, 6.860248, 139.394172, 8.423151, 139.394172, 8.423151, 0.000000, 0.000000, 139638.912454, 7.625665, 2.609514
49, 27.150716, 58.142684, 32.312166, 10073.467751, 5.238785, 2684.176098, 6.497112, 154.182798, 8.080896, 154.182798, 8.080896, 0.000000, 0.000000, 137807.610623, 7.487454, 2.598753
50, 28.827164, 47.677862, 32.836539, 10440.821594, 5.431059, 2771.815016, 7.329052, 188.376293, 8.362951, 188.376293, 8.362951, 0.000000, 0.000000, 126404.008584, 7.697547, 2.687627
51, 28.459142, 52.256044, 32.683015, 10159.548421, 5.340460, 2659.472735, 7.129829, 177.095013, 8.346102, 177.095013, 8.346102, 0.000000, 0.000000, 132364.038869, 7.568986, 2.639987
52, 28.510842, 65.710572, 34.046434, 10120.649289, 5.180237, 2447.817780, 6.873623, 135.498857, 7.917153, 135.498857, 7.917153, 0.000000, 0.000000, 136312.448201, 7.840539, 2.678507
53, 28.251483, 91.247434, 32.018005, 8065.884914, 4.620917, 1828.199458, 5.729494, 91.008033, 4.311335, 91.008033, 4.311335, 0.000000, 0.000000, 170087.002783, 7.413457, 2.501132
54, 27.676489, 95.084847, 32.051338, 8314.037379, 4.660695, 1847.186131, 5.688533, 80.028316, 3.948285, 80.028316, 3.948285, 0.000000, 0.000000, 169540.214040, 7.377010, 2.493353
55, 28.343503, 64.117416, 32.470177, 9259.012742, 5.109801, 2193.112946, 6.651955, 117.032829, 7.408448, 117.032829, 7.408448, 0.000000, 0.000000, 150949.976363, 7.435854, 2.561758
56, 28.553151, 72.466258, 32.413424, 9221.120541, 4.995848, 2245.212269, 6.478718, 126.022652, 6.189394, 126.022652, 6.189394, 0.000000, 0.000000, 153263.256888, 7.498360, 2.552985
57, 27.609556, 59.226878, 32.541264, 9997.297844, 5.148480, 2544.620293, 6.478193, 132.292629, 8.105748, 132.292629, 8.105748, 0.000000, 0.000000, 142096.155144, 7.512295, 2.604632
58, 28.653031, 52.053453, 33.294316, 10854.685757, 5.443165, 2832.450318, 7.251650, 181.581396, 8.516697, 181.581396, 8.516697, 0.000000, 0.000000, 127742.700345, 7.650155, 2.635556
59, 28.266186, 92.462757, 31.562906, 8486.960969, 4.679372, 1957.189574, 5.960556, 99.870044, 4.593916, 99.870044, 4.593916, 0.000000, 0.000000, 174991.187100, 7.021987, 2.371892
60, 27.927712, 78.788692, 31.873386, 9007.150767, 4.856365, 2145.671805, 6.153781, 95.404751, 4.950488, 95.404751, 4.950488, 0.000000, 0.000000, 162205.916161, 7.349934, 2.497185
61, 28.441386, 82.845033, 32.530346, 9241.280321, 4.945183, 2158.418878, 6.432284, 107.408778, 6.184252, 107.408778, 6.184252, 0.000000, 0.000000, 158850.033082, 7.332138, 2.484440
62, 28.311052, 72.085515, 32.661411, 8915.911212, 4.902142, 2118.792535, 6.259481, 99.496059, 5.243687, 99.496059, 5.243687, 0.000000, 0.000000, 156370.603298, 7.528497, 2.590098
63, 27.517020, 55.797782, 31.786409, 9503.306329, 4.993400, 2298.835151, 6.544204, 105.187369, 6.073063, 105.187369, 6.073063, 0.000000, 0.000000, 146968.424842, 7.575606, 2.655581
64, 26.806905, 47.479309, 32.279412, 10148.848278, 5.372128, 2709.194861, 6.663048, 174.727046, 8.283950, 174.727046, 8.283950, 0.000000, 0.000000, 130424.735184, 7.698532, 2.688105
65, 27.489221, 56.525654, 32.145125, 9367.070244, 5.028036, 2227.380856, 6.414300, 114.739534, 6.823874, 114.739534, 6.823874, 0.000000, 51542036849557107371641009566037083268475382095135941931951507800325514375058517830669097638501702863388493731680358219394805388102571325335850127762407280345088.000000, 143956.141962, 7.642446, 2.660318
66, 29.081587, 80.956568, 33.238872, 9358.138889, 5.011687, 2162.216892, 6.529577, 130.924917, 6.934345, 130.924917, 6.934345, 0.000000, 0.000000, 147783.653221, 7.658708, 2.583413
67, 28.670950, 97.210164, 32.696005, 8764.655499, 4.777118, 1959.009425, 6.094091, 111.059739, 5.664286, 111.059739, 5.664286, 0.000000, 0.000000, 161750.589618, 7.395174, 2.472114
68, 28.253521, 43.654075, 32.748943, 10807.198968, 5.569921, 2967.122315, 7.218435, 213.739218, 8.421022, 213.739218, 8.421022, 0.000000, 0.000000, 120806.986281, 7.665913, 2.678938
69, 27.997580, 49.421723, 32.727569, 10139.872053, 5.313948, 2562.473196, 7.028252, 170.418300, 8.388838, 170.418300, 8.388838, 0.000000, 0.000000, 128613.572785, 7.832439, 2.731041
70, 26.618605, 31.338695, 31.377206, 10223.690075, 5.450149, 2560.844336, 7.049179, 138.970054, 8.238587, 138.970054, 8.238587, 0.000000, 0.000000, 125203.950143, 7.953065, 2.824775
71, 26.919719, 25.456783, 31.883751, 11233.292188, 5.854532, 3129.930053, 7.291620, 203.533156, 8.466689, 203.533156, 8.466689, 0.000000, 0.000000, 109966.577185, 7.920673, 2.821546
72, 28.627257, 46.491202, 33.253241, 10023.220370, 5.445709, 2612.399987, 7.218160, 169.094576, 8.850591, 169.094576, 8.850591, 0.000000, 0.000000, 128067.501918, 7.842361, 2.727665
73, 27.435951, 43.056991, 31.832356, 10179.791611, 5.324559, 2691.095804, 6.807397, 174.703362, 8.114509, 174.703362, 8.114509, 0.000000, 0.000000, 130951.433973, 7.628676, 2.688407
74, 27.668901, 24.522230, 32.447074, 11808.751686, 6.017987, 3557.516117, 7.628884, 279.243378, 8.595599, 279.243378, 8.595599, 0.000000, 0.000000, 99081.630109, 8.073668, 2.853419
75, 27.689879, 29.208839, 32.309812, 11761.530208, 5.817434, 3345.775815, 7.345404, 242.742360, 8.430109, 242.742360, 8.430109, 0.000000, 0.000000, 108166.186556, 7.822746, 2.757849
76, 28.349802, 77.752581, 32.602138, 8152.406212, 4.862419, 1909.130320, 6.094156, 102.018401, 5.456599, 102.018401, 5.456599, 0.000000, 0.000000, 156841.561155, 7.707554, 2.636992
77, 27.297043, 50.290460, 31.970339, 9570.520657, 5.240246, 2480.434554, 6.520363, 130.697341, 8.108766, 130.697341, 8.108766, 0.000000, 0.000000, 139104.223758, 7.643378, 2.670680
78, 27.530939, 32.477798, 32.703528, 11526.415561, 5.769400, 3219.801337, 7.178683, 231.045845, 8.533287, 231.045845, 8.533287, 0.000000, 0.000000, 110776.208846, 7.928021, 2.789530
79, 26.717334, 26.726563, 31.474882, 12252.213901, 6.234246, 3814.935944, 7.420785, 313.584137, 8.286477, 313.584137, 8.286477, 0.000000, 0.000000, 96671.341009, 7.642993, 2.716649
80, 28.860993, 46.385873, 33.320647, 10590.554405, 5.476839, 2748.893591, 7.245858, 178.463552, 8.736884, 178.463552, 8.736884, 0.000000, 0.000000, 121587.714029, 7.921839, 2.745334
81, 27.866759, 131.269102, 32.789864, 7193.299170, 4.434281, 1495.611690, 5.378457, 86.560922, 3.830229, 86.560922, 3.830229, 0.000000, 0.000000, 182253.568521, 7.282362, 2.392138
82, 28.616226, 61.473929, 32.493850, 10064.237461, 5.318652, 2631.856766, 6.906580, 183.344884, 8.109435, 183.344884, 8.109435, 0.000000, 0.000000, 140785.507976, 7.206079, 2.475064
83, 28.393879, 87.383343, 32.854747, 9080.854333, 4.952443, 2137.479766, 6.246675, 123.203246, 6.743680, 123.203246, 6.743680, 0.000000, 0.000000, 154609.461266, 7.416703, 2.494162
84, 28.485924, 87.998234, 32.505213, 8697.217056, 4.811653, 2038.168675, 6.059051, 139.121666, 5.803251, 139.121666, 5.803251, 0.000000, 0.000000, 161701.509202, 7.382662, 2.473243
85, 28.204906, 83.597416, 32.531676, 9101.926218, 4.882280, 2109.363760, 6.448761, 130.326110, 7.079217, 130.326110, 7.079217, 0.000000, 0.000000, 154630.506378, 7.393491, 2.502322
86, 28.635318, 56.773387, 32.999045, 10108.501719, 5.308059, 2560.803203, 7.098001, 180.325595, 8.384049, 180.325595, 8.384049, 0.000000, 0.000000, 132783.509038, 7.620062, 2.631894
87, 28.907276, 33.866114, 33.087626, 10993.199692, 5.717719, 3135.708379, 7.718475, 257.832152, 8.670582, 257.832152, 8.670582, 0.000000, 0.000000, 111080.228361, 7.829121, 2.754021
88, 26.468312, 19.904648, 31.330397, 12150.269509, 6.543916, 4120.287380, 7.428439, 322.750767, 8.591552, 322.750767, 8.591552, 0.000000, 0.000000, 84646.033419, 8.193144, 2.966964
89, 25.466997, 27.770113, 29.858885, 12048.197528, 6.418305, 4130.177142, 6.900050, 306.694967, 8.185088, 306.694967, 8.185088, 0.000000, 0.000000, 95470.202939, 7.546363, 2.744797
90, 25.933025, 19.946221, 30.836455, 11928.184031, 6.761080, 4392.946541, 7.213372, 360.578421, 8.677019, 360.578421, 8.677019, 0.000000, 0.000000, 81486.721473, 8.173189, 2.980147
91, 25.677864, 24.126126, 30.876773, 12340.122967, 6.721677, 4530.997155, 7.074694, 374.368648, 8.511302, 374.368648, 8.511302, 0.000000, 0.000000, 79996.089952, 8.013088, 2.914590
92, 26.569745, 22.504304, 31.153696, 11931.426381, 6.240349, 3767.915292, 7.293093, 274.061827, 8.402140, 274.061827, 8.402140, 0.000000, 0.000000, 96027.835711, 8.026447, 2.878496
93, 27.314339, 62.832644, 31.772648, 9285.758140, 5.035926, 2289.225569, 6.232162, 110.625898, 6.753843, 110.625898, 6.753843, 0.000000, 0.000000, 151720.678118, 7.371337, 2.544197
94, 27.339852, 71.994870, 32.333864, 8783.859241, 4.938615, 2029.713383, 6.141728, 87.096216, 8.316176, 87.096216, 8.316176, 0.000000, 0.000000, 153622.844491, 7.633490, 2.625499
95, 26.411830, 21.976849, 31.408965, 11795.730448, 6.121417, 3711.371810, 7.129806, 250.639088, 8.452509, 250.639088, 8.452509, 0.000000, 0.000000, 97221.860425, 8.143011, 2.930189
96, 28.464790, 58.692079, 33.325218, 9970.843863, 5.242145, 2505.762352, 7.104876, 163.450434, 8.504166, 163.450434, 8.504166, 0.000000, 0.000000, 132649.465072, 7.791568, 2.675573
97, 27.111130, 51.569919, 30.300189, 8910.939058, 4.815793, 2309.611829, 5.940997, 125.792311, 5.576982, 125.792311, 5.576982, 0.000000, 0.000000, 151434.070434, 7.447570, 2.612925
98, 29.634048, 52.812891, 33.676412, 10308.188796, 5.405305, 2655.638282, 7.428192, 190.756072, 8.771061, 190.756072, 8.771061, 0.000000, 0.000000, 125671.943964, 7.804115, 2.697328
99, 28.573716, 69.276307, 32.317354, 9745.835944, 5.032964, 2386.506030, 6.761911, 150.326790, 7.772101, 150.326790, 7.772101, 0.000000, 0.000000, 143021.865038, 7.506045, 2.567492
100, 28.464743, 59.076185, 32.744185, 9616.500403, 5.170606, 2409.760506, 6.807260, 146.390934, 8.310401, 146.390934, 8.310401, 0.000000, 0.000000, 138620.141544, 7.707006, 2.658788
101, 28.047105, 56.250299, 32.743798, 9825.544101, 5.244795, 2533.634477, 6.863077, 161.818249, 8.364311, 161.818249, 8.364311, 0.000000, 0.000000, 134851.325217, 7.694163, 2.668452
102, 29.453634, 45.217204, 33.789229, 10742.172359, 5.587138, 2887.506323, 7.601841, 214.106360, 8.843667, 214.106360, 8.843667, 0.000000, 0.000000, 119740.890652, 7.745628, 2.681336
103, 28.712251, 68.205635, 33.001446, 9512.253531, 5.106572, 2305.333812, 6.678369, 141.057638, 7.937584, 141.057638, 7.937584, 0.000000, 0.000000, 145449.783075, 7.525648, 2.560072
104, 27.840253, 42.852241, 32.352212, 10394.467112, 5.407180, 2829.410050, 7.019023, 185.183584, 8.254386, 185.183584, 8.254386, 0.000000, 0.000000, 126876.423626, 7.680843, 2.690054
105, 27.821612, 48.086399, 32.428786, 10392.331631, 5.421300, 2818.654651, 6.993025, 208.440493, 8.239852, 208.440493, 8.239852, 0.000000, 0.000000, 126952.708948, 7.592013, 2.660823
106, 28.501001, 50.205918, 32.358219, 10147.337172, 5.312920, 2615.358939, 7.039612, 160.028226, 8.212434, 160.028226, 8.212434, 0.000000, 0.000000, 133683.129285, 7.585203, 2.637858
107, 27.892678, 68.492177, 32.575229, 9472.956130, 4.994539, 2282.854158, 6.483186, 136.826759, 7.779877, 136.826759, 7.779877, 0.000000, 0.000000, 147334.904441, 7.494318, 2.567296
108, 28.598009, 97.947635, 32.421679, 8137.293481, 4.646187, 1848.414785, 5.848976, 100.228094, 5.184693, 100.228094, 5.184693, 0.000000, 0.000000, 168663.059246, 7.413517, 2.478176
109, 28.307397, 35.945915, 32.671971, 10642.587243, 5.629088, 3021.246511, 7.360606, 239.370224, 8.543466, 239.370224, 8.543466, 0.000000, 0.000000, 117365.361352, 7.812025, 2.756986
110, 28.770741, 47.781367, 33.427727, 10671.706630, 5.517952, 2790.316494, 7.380514, 201.476419, 8.680353, 201.476419, 8.680353, 0.000000, 0.000000, 123908.214525, 7.707470, 2.674997
111, 28.607848, 43.897100, 32.935674, 10988.401518, 5.569476, 3060.755791, 7.303649, 236.821042, 8.379539, 236.821042, 8.379539, 0.000000, 0.000000, 120719.109459, 7.556388, 2.628977
112, 29.292848, 90.247212, 33.453166, 9230.150194, 4.978248, 2124.883659, 6.401508, 140.121659, 6.397388, 140.121659, 6.397388, 0.000000, 0.000000, 152717.568435, 7.510524, 2.506359
113, 28.387314, 34.888269, 32.746164, 11150.914265, 5.690794, 3235.389314, 7.497401, 269.568918, 8.408898, 269.568918, 8.408898, 0.000000, 0.000000, 112525.048662, 7.623672, 2.691494
114, 28.695823, 60.564449, 33.387025, 10082.488066, 5.358663, 2596.198773, 6.899343, 162.320572, 8.663428, 162.320572, 8.663428, 0.000000, 0.000000, 135081.645960, 7.589375, 2.589844
115, 28.469451, 104.023906, 32.351560, 7782.870425, 4.511244, 1678.670446, 5.601993, 92.553278, 4.185301, 92.553278, 4.185301, 0.000000, 0.000000, 170794.893774, 7.477156, 2.499543
116, 28.012548, 48.705244, 32.926420, 10712.868778, 5.308893, 2755.742710, 6.979425, 189.089678, 8.310593, 189.089678, 8.310593, 0.000000, 0.000000, 126465.155118, 7.772700, 2.686336
117, 28.851698, 48.165237, 32.984372, 10244.947349, 5.411152, 2709.495855, 7.315196, 202.592589, 8.471851, 202.592589, 8.471851, 0.000000, 0.000000, 129270.281938, 7.554666, 2.627372
118, 28.981348, 65.395405, 33.149169, 9640.906877, 5.221663, 2358.372554, 6.974456, 157.822657, 7.888551, 157.822657, 7.888551, 0.000000, 0.000000, 142373.343192, 7.492118, 2.562110
119, 26.591992, 32.107882, 31.821278, 10618.804731, 5.634824, 2787.534365, 7.218945, 174.326607, 8.394077, 174.326607, 8.394077, 0.000000, 0.000000, 119842.078296, 7.907403, 2.788462
120, 28.980524, 72.420278, 33.321920, 9890.615852, 5.127797, 2374.425084, 6.798221, 146.480001, 8.325253, 146.480001, 8.325253, 0.000000, 0.000000, 143827.521999, 7.509582, 2.540374
121, 28.054992, 80.928466, 32.468800, 8560.672411, 4.810709, 2053.117322, 5.988576, 119.838447, 5.266089, 119.838447, 5.266089, 0.000000, 0.000000, 158778.826585, 7.440686, 2.537743
122, 28.645590, 59.480706, 33.015595, 9167.743333, 5.184535, 2225.048949, 6.844743, 124.071395, 8.073276, 124.071395, 8.073276, 0.000000, 0.000000, 140864.566951, 7.787819, 2.694650
123, 28.122540, 62.420943, 32.643384, 9747.354305, 5.112965, 2488.800728, 6.561227, 155.578041, 8.199530, 155.578041, 8.199530, 0.000000, 0.000000, 141796.932860, 7.546332, 2.586850
124, 28.332457, 34.327066, 32.379410, 10745.205060, 5.547466, 2972.566916, 7.445732, 214.423006, 8.348125, 214.423006, 8.348125, 0.000000, 0.000000, 117630.957111, 7.830374, 2.774214
125, 27.952131, 81.736328, 32.900466, 8417.967426, 4.805851, 1969.384062, 6.017010, 119.943253, 4.826680, 119.943253, 4.826680, 0.000000, 0.000000, 155250.374066, 7.703971, 2.625955
126, 28.977541, 64.971519, 32.660022, 9145.128376, 5.062832, 2247.068184, 6.636570, 137.162622, 6.796621, 137.162622, 6.796621, 0.000000, 0.000000, 146230.880069, 7.633434, 2.626742
127, 28.949361, 80.686933, 33.208809, 9126.105869, 4.981649, 2142.311405, 6.573486, 143.857340, 6.298842, 143.857340, 6.298842, 0.000000, 0.000000, 150398.950742, 7.577590, 2.568583
128, 29.242862, 66.249513, 33.469826, 9063.669913, 5.095646, 2106.635970, 6.706597, 116.357301, 8.171694, 116.357301, 8.171694, 0.000000, 0.000000, 142546.136025, 7.879384, 2.689416
129, 28.032250, 86.212470, 32.293257, 8052.025571, 4.742848, 1776.679800, 5.893183, 102.717761, 5.049544, 102.717761, 5.049544, 0.000000, 0.000000, 164647.999817, 7.396038, 2.512860
130, 28.155564, 38.531699, 32.813977, 10359.919991, 5.626070, 2840.871946, 7.167141, 206.576315, 8.659064, 206.576315, 8.659064, 0.000000, 0.000000, 120801.803510, 7.809944, 2.738424
131, 28.251057, 67.067130, 32.302588, 8671.130731, 4.893135, 2025.902918, 6.309142, 128.929358, 5.304344, 128.929358, 5.304344, 0.000000, 0.000000, 149215.923750, 7.783123, 2.676093
132, 28.139075, 57.751899, 32.121358, 9226.608843, 5.039284, 2254.216787, 6.563613, 134.561110, 7.005064, 134.561110, 7.005064, 0.000000, 0.000000, 142512.180566, 7.726101, 2.675878
133, 27.641587, 54.017205, 32.622387, 9695.561847, 5.183853, 2454.738742, 6.584406, 137.867702, 8.325707, 137.867702, 8.325707, 0.000000, 0.000000, 135739.446800, 7.760030, 2.696291
134, 28.745122, 74.432293, 32.854614, 9407.927305, 5.126520, 2313.258284, 6.591917, 150.193912, 7.783644, 150.193912, 7.783644, 0.000000, 0.000000, 146027.987791, 7.497123, 2.548509
135, 29.297274, 81.460911, 33.382809, 8702.743061, 4.943260, 1993.676186, 6.407068, 128.916253, 5.596332, 128.916253, 5.596332, 0.000000, 0.000000, 150128.346747, 7.732245, 2.623403
136, 26.395941, 19.896255, 31.184080, 11874.401394, 6.433777, 3996.688630, 7.249331, 307.467037, 8.552907, 307.467037, 8.552907, 0.000000, 0.000000, 88972.657153, 8.177443, 2.937622
137, 25.988232, 25.960209, 30.883175, 12164.723423, 6.969159, 4680.336653, 7.299626, 411.161808, 8.674221, 411.161808, 8.674221, 0.000000, 0.000000, 72433.564811, 8.193359, 2.999923
138, 25.922921, 23.130274, 30.966164, 12000.374983, 6.867906, 4631.422117, 7.155413, 413.861720, 8.704080, 413.861720, 8.704080, 0.000000, 0.000000, 73503.493068, 8.396026, 3.078450
139, 25.900953, 23.167556, 30.895675, 11901.257438, 6.182700, 3808.884388, 6.958887, 271.489023, 8.318343, 271.489023, 8.318343, 0.000000, 0.000000, 96746.752611, 8.017699, 2.869183
140, 26.114472, 21.303323, 31.077123, 12022.284724, 7.112848, 4851.239938, 7.346032, 435.549385, 8.888592, 435.549385, 8.888592, 0.000000, 0.000000, 69296.491656, 8.291207, 3.042421
141, 25.313314, 23.627555, 30.653745, 11859.786656, 6.842407, 4424.941655, 6.954614, 368.401200, 8.634837, 368.401200, 8.634837, 0.000000, 0.000000, 79568.100603, 8.235607, 3.013604
142, 25.732707, 22.417548, 30.206313, 11702.743259, 6.280821, 3911.142539, 6.947149, 266.453352, 8.256126, 266.453352, 8.256126, 0.000000, 0.000000, 96071.151183, 7.968178, 2.874344
143, 26.113737, 21.322762, 31.269426, 12215.820286, 6.892657, 4701.860046, 7.341846, 420.972579, 8.759677, 420.972579, 8.759677, 0.000000, 0.000000, 73142.276705, 8.247304, 2.988329
144, 29.247727, 54.628849, 33.306510, 10449.248127, 5.324788, 2640.582617, 7.101165, 187.823557, 8.490046, 187.823557, 8.490046, 0.000000, 0.000000, 127745.530303, 7.793064, 2.677540
145, 28.553749, 66.144280, 32.218164, 8915.499350, 4.906189, 2066.059889, 6.416391, 129.511186, 6.588843, 129.511186, 6.588843, 0.000000, 0.000000, 150516.024193, 7.526597, 2.603440
146, 28.836305, 55.344158, 32.652181, 9387.201876, 5.191624, 2269.415039, 7.073397, 150.945774, 8.434081, 150.945774, 8.434081, 0.000000, 0.000000, 138666.481643, 7.677250, 2.672326
147, 28.664846, 68.789689, 32.636162, 8667.149508, 4.921465, 2117.332705, 6.251711, 135.713647, 6.266849, 135.713647, 6.266849, 0.000000, 0.000000, 150230.088479, 7.674064, 2.627554
148, 27.406648, 23.042474, 32.594987, 11952.189290, 6.201134, 3828.638196, 7.532210, 321.654127, 8.769475, 321.654127, 8.769475, 0.000000, 0.000000, 92360.263465, 8.023328, 2.865047
149, 27.866889, 49.691393, 32.403769, 9953.128962, 5.236511, 2568.391739, 6.748102, 166.461497, 8.166394, 166.461497, 8.166394, 7200.000000, 0.000000, 134052.206695, 7.643837, 2.657226
150, 26.889486, 33.791514, 31.754302, 10912.504010, 5.611646, 2995.321699, 6.915353, 197.354242, 8.183840, 197.354242, 8.183840, 0.000000, 0.000000, 120854.287673, 7.696916, 2.706350
151, 28.178983, 51.549623, 32.936612, 10142.032920, 5.279574, 2638.462336, 6.879278, 181.047834, 8.418443, 181.047834, 8.418443, 0.000000, 0.000000, 131634.553744, 7.676446, 2.654647
152, 28.476684, 75.948113, 33.094632, 8917.966121, 4.957063, 2094.419292, 6.319120, 125.922346, 6.778190, 125.922346, 6.778190, 0.000000, 0.000000, 149369.513079, 7.723154, 2.614174
153, 28.381952, 74.507605, 32.801596, 8970.121371, 4.985330, 2140.791906, 6.363582, 127.741630, 6.759836, 127.741630, 6.759836, 0.000000, 0.000000, 150166.726916, 7.562533, 2.579760
154, 28.373714, 59.552162, 33.049654, 9530.007010, 5.161908, 2351.197751, 6.758669, 154.081238, 8.542998, 154.081238, 8.542998, 0.000000, 0.000000, 137660.226419, 7.775996, 2.682251
155, 28.802068, 64.867806, 33.159902, 9436.582397, 5.158455, 2304.562437, 6.966729, 147.789040, 8.473723, 147.789040, 8.473723, 0.000000, 0.000000, 139488.943840, 7.701340, 2.640269
156, 27.221763, 20.162717, 31.973835, 11954.061393, 6.244688, 3886.480042, 7.438150, 311.519552, 8.613632, 311.519552, 8.613632, 0.000000, 0.000000, 90590.423500, 8.202607, 2.936549
157, 27.982796, 46.274827, 32.805625, 10434.193296, 5.478609, 2820.002949, 7.007618, 198.193310, 8.431411, 198.193310, 8.431411, 0.000000, 0.000000, 127407.323490, 7.595469, 2.627778
158, 26.682302, 24.047512, 31.205134, 11524.356718, 6.182634, 3681.623192, 7.326014, 293.473709, 8.404159, 293.473709, 8.404159, 0.000000, 0.000000, 100371.796305, 7.802974, 2.793044
159, 26.619201, 34.296620, 31.074242, 10662.722676, 5.496878, 2866.966495, 6.712478, 170.043913, 8.041685, 170.043913, 8.041685, 0.000000, 0.000000, 125476.937651, 7.738791, 2.717407
160, 28.623058, 46.104385, 32.272217, 9519.533593, 5.316090, 2464.198865, 6.999979, 167.094398, 8.471421, 167.094398, 8.471421, 0.000000, 0.000000, 130727.057205, 7.869675, 2.759673
161, 26.601330, 23.357780, 31.174912, 11895.702513, 6.456351, 4201.385444, 7.348999, 348.353905, 8.496354, 348.353905, 8.496354, 0.000000, 0.000000, 86244.088150, 7.967863, 2.895288
162, 28.074173, 27.594665, 32.762445, 10663.643390, 5.903298, 3056.283589, 7.766936, 240.073827, 8.903623, 240.073827, 8.903623, 0.000000, 0.000000, 106366.715554, 8.203859, 2.917768
163, 26.644780, 23.333172, 32.149277, 11786.305680, 6.185082, 3693.149770, 7.338053, 295.237794, 8.664659, 295.237794, 8.664659, 0.000000, 0.000000, 93183.076521, 8.167685, 2.929802
164, 28.706392, 59.174931, 33.121662, 9305.951161, 5.212496, 2375.707679, 6.804490, 141.456810, 8.210484, 141.456810, 8.210484, 0.000000, 0.000000, 137267.216719, 7.881770, 2.701668
165, 28.797655, 64.743834, 33.016344, 9158.490999, 5.099942, 2223.530336, 6.790471, 143.645521, 7.720873, 143.645521, 7.720873, 0.000000, 0.000000, 141971.108627, 7.752477, 2.658294
166, 28.079229, 62.250218, 32.920882, 9336.704340, 5.163928, 2292.606729, 6.717266, 132.608087, 8.497404, 132.608087, 8.497404, 0.000000, 0.000000, 140841.989984, 7.734334, 2.659240
167, 28.106718, 46.031087, 32.787164, 10442.413523, 5.412591, 2630.050896, 7.068035, 165.971378, 8.404228, 165.971378, 8.404228, 0.000000, 0.000000, 127094.448463, 7.771430, 2.697134
168, 28.690185, 77.456712, 32.685476, 8487.994728, 4.833203, 2011.775432, 6.240847, 122.328034, 5.535577, 122.328034, 5.535577, 0.000000, 0.000000, 153744.357396, 7.703482, 2.611605
169, 27.851998, 85.647018, 32.862498, 8589.443659, 4.875740, 1954.988112, 6.241745, 112.111379, 6.607250, 112.111379, 6.607250, 0.000000, 0.000000, 155827.384031, 7.508444, 2.552060
170, 29.252867, 48.553025, 34.104081, 10419.415274, 5.446239, 2722.226963, 7.415072, 207.585418, 9.173136, 207.585418, 9.173136, 0.000000, 0.000000, 120127.371759, 8.044973, 2.769782
171, 28.843853, 43.710829, 32.863518, 10485.254774, 5.506548, 2879.274235, 7.433720, 232.575012, 8.443497, 232.575012, 8.443497, 0.000000, 0.000000, 121241.389794, 7.721884, 2.689942
172, 26.371759, 20.347716, 32.059598, 11678.862708, 6.257838, 3814.450877, 7.086510, 294.263155, 8.756382, 294.263155, 8.756382, 0.000000, 0.000000, 92100.902229, 8.373409, 3.002716
173, 26.147793, 21.032284, 31.350240, 11708.081879, 6.793552, 4516.521049, 7.330680, 397.375215, 8.828715, 397.375215, 8.828715, 0.000000, 0.000000, 77734.907434, 8.290889, 3.020205
174, 26.268952, 21.893166, 31.007134, 12013.152008, 6.676153, 4436.230679, 7.382038, 395.770052, 8.576550, 395.770052, 8.576550, 0.000000, 0.000000, 77273.438817, 8.320690, 3.055425
175, 27.075618, 18.643086, 31.354600, 11871.952509, 6.609288, 4237.777289, 7.538032, 361.319053, 8.692264, 361.319053, 8.692264, 0.000000, 0.000000, 81941.907152, 8.228547, 2.984404
176, 27.387324, 29.254560, 32.484804, 10446.716532, 5.792192, 2998.222111, 7.276693, 211.000503, 8.860917, 211.000503, 8.860917, 0.000000, 0.000000, 111158.836636, 8.282114, 2.926753
177, 26.777152, 24.693248, 30.197070, 10774.096174, 5.712363, 3142.490937, 7.110427, 224.538867, 8.033220, 224.538867, 8.033220, 0.000000, 0.000000, 112473.259690, 7.796134, 2.837652
178, 26.163609, 19.344510, 30.883574, 11313.054327, 6.206048, 3553.351476, 7.212994, 249.185742, 8.473026, 249.185742, 8.473026, 0.000000, 0.000000, 98135.238840, 8.140267, 2.951379
179, 26.103022, 22.984900, 31.013299, 11490.081608, 6.108979, 3658.751786, 7.002921, 271.597992, 8.342710, 271.597992, 8.342710, 0.000000, 0.000000, 97870.212105, 8.130748, 2.948022
180, 28.999895, 81.669405, 32.477215, 9048.510126, 4.888211, 2129.168333, 6.391602, 137.234509, 6.472441, 137.234509, 6.472441, 0.000000, 0.000000, 156411.672454, 7.411094, 2.482481
181, 26.150709, 20.798833, 31.064183, 11925.026151, 6.603061, 4262.883303, 7.275066, 355.792135, 8.592453, 355.792135, 8.592453, 0.000000, 0.000000, 84901.250447, 7.990093, 2.898739
182, 25.992286, 21.274530, 31.532910, 11751.444521, 6.370577, 3805.460212, 7.251334, 297.266965, 8.665907, 297.266965, 8.665907, 0.000000, 0.000000, 90894.340676, 8.207157, 2.971782
183, 26.485345, 19.986601, 30.540178, 11437.003739, 6.541033, 3881.356600, 7.507699, 313.558851, 8.593776, 313.558851, 8.593776, 0.000000, 0.000000, 89723.720563, 8.058056, 2.955106
184, 28.843290, 67.239829, 33.555769, 9465.356206, 5.137046, 2322.251318, 6.800733, 127.965270, 8.699652, 127.965270, 8.699652, 0.000000, 0.000000, 140685.222720, 7.784198, 2.634745
185, 28.120557, 75.734088, 32.538425, 8800.650695, 4.905685, 2097.916508, 6.207318, 135.759567, 6.469006, 135.759567, 6.469006, 0.000000, 0.000000, 152765.509173, 7.558773, 2.573899
186, 29.630361, 64.453714, 33.423982, 9173.399081, 5.142987, 2260.813750, 6.845922, 158.117337, 6.906102, 158.117337, 6.906102, 0.000000, 0.000000, 139524.631315, 7.853439, 2.690863
187, 28.796693, 71.405639, 33.135461, 9097.334833, 5.078936, 2223.181816, 6.603091, 147.190153, 6.868946, 147.190153, 6.868946, 0.000000, 0.000000, 145872.251868, 7.661307, 2.602307
188, 26.957670, 19.303400, 30.693117, 11707.128212, 6.449339, 4097.269581, 7.423502, 330.861585, 8.453639, 330.861585, 8.453639, 0.000000, 0.000000, 90024.789513, 7.992589, 2.885879
189, 25.683381, 23.567022, 30.764877, 11723.065665, 6.158848, 3790.409518, 6.919550, 277.187815, 8.304174, 277.187815, 8.304174, 0.000000, 0.000000, 97647.298211, 8.057414, 2.898222
190, 26.111796, 24.524501, 30.854131, 11613.559137, 6.029716, 3712.829458, 6.969285, 277.247609, 8.182172, 277.247609, 8.182172, 0.000000, 0.000000, 99919.087137, 8.033552, 2.894116
191, 26.078999, 23.370344, 31.088653, 11675.610014, 5.944123, 3602.726800, 6.958795, 258.388079, 8.238963, 258.388079, 8.238963, 0.000000, 0.000000, 100086.383934, 8.173818, 2.935906
192, 26.276457, 22.279487, 31.071550, 11833.098198, 7.151831, 4590.976116, 7.497408, 442.523403, 8.980745, 442.523403, 8.980745, 0.000000, 0.000000, 70834.600238, 8.409461, 3.072964
193, 25.863472, 24.793115, 30.205281, 11726.758951, 7.281367, 4630.407684, 7.260080, 416.334173, 8.937730, 416.334173, 8.937730, 0.000000, 0.000000, 73699.804013, 8.058334, 2.974661
194, 26.196067, 23.019469, 30.552446, 12001.062854, 6.803360, 4323.616069, 7.399429, 379.383751, 8.585135, 379.383751, 8.585135, 0.000000, 0.000000, 79053.310013, 8.217403, 2.995842
195, 26.087317, 24.828500, 31.190418, 12238.620208, 7.123030, 5000.815690, 7.326813, 469.967014, 8.906540, 469.967014, 8.906540, 0.000000, 0.000000, 67758.106134, 8.259884, 3.001683
196, 25.930242, 19.784557, 31.381136, 12019.937546, 6.581008, 4198.457561, 7.152324, 350.399116, 8.682998, 350.399116, 8.682998, 0.000000, 0.000000, 82577.647009, 8.297069, 3.015878
197, 26.045940, 21.199587, 30.558443, 11681.930299, 6.497730, 4007.557174, 7.168559, 301.427791, 8.500824, 301.427791, 8.500824, 0.000000, 0.000000, 91434.463895, 7.925000, 2.883030
198, 26.164477, 21.219648, 31.383565, 12210.932849, 6.644434, 4419.487525, 7.273077, 370.550312, 8.643309, 370.550312, 8.643309, 0.000000, 0.000000, 79889.119270, 8.132188, 2.949277
199, 26.047850, 21.563388, 31.383861, 12247.242247, 6.839006, 4630.749289, 7.301934, 428.414534, 8.756681, 428.414534, 8.756681, 0.000000, 0.000000, 72169.687167, 8.431736, 3.061847
200, 25.769694, 21.151739, 31.324216, 11872.313806, 7.178378, 4817.213816, 7.133561, 440.803212, 9.056178, 440.803212, 9.056178, 0.000000, 0.000000, 69834.779530, 8.365210, 3.064606
201, 25.205688, 27.883224, 30.771330, 11824.736504, 7.495345, 4893.119521, 7.058216, 462.972009, 9.032078, 462.972009, 9.032078, 0.000000, 0.000000, 66462.430236, 8.164538, 3.027873
202, 26.620160, 16.920338, 31.419882, 11666.636357, 6.853265, 4333.770200, 7.630067, 381.069956, 8.999515, 381.069956, 8.999515, 0.000000, 0.000000, 76214.554505, 8.503698, 3.110276
203, 26.711166, 19.024578, 31.718574, 11938.298676, 7.301691, 4939.419806, 7.828553, 473.030006, 9.251313, 473.030006, 9.251313, 0.000000, 0.000000, 62993.104731, 8.448630, 3.095482
204, 25.705170, 22.979956, 30.706440, 11868.608983, 7.249437, 4738.582588, 7.142952, 412.809985, 8.989221, 412.809985, 8.989221, 0.000000, 0.000000, 70399.214436, 8.360470, 3.067263
205, 25.173833, 28.400386, 30.489431, 11832.432960, 7.142764, 4642.894197, 7.013649, 439.670602, 8.802909, 439.670602, 8.802909, 0.000000, 0.000000, 72357.655526, 8.304590, 3.060300
206, 25.413192, 23.754405, 30.304648, 11850.896354, 6.608851, 4105.641194, 6.887699, 308.872933, 8.487868, 308.872933, 8.487868, 0.000000, 0.000000, 85841.365926, 8.221462, 3.008674
207, 26.338560, 23.015056, 31.818741, 11812.868385, 7.762319, 5430.480024, 7.720111, 581.540218, 9.495794, 581.540218, 9.495794, 0.000000, 0.000000, 51523.941095, 8.889339, 3.244195
208, 26.052609, 20.934461, 31.691743, 12256.700345, 6.813447, 4676.328102, 7.259596, 414.685142, 8.865698, 414.685142, 8.865698, 0.000000, 0.000000, 72883.438521, 8.445877, 3.063489
209, 26.108369, 17.727674, 32.205194, 11897.520123, 6.664048, 4304.771826, 7.277217, 351.038393, 9.071111, 351.038393, 9.071111, 0.000000, 0.000000, 76746.616513, 8.627879, 3.163805
210, 26.620760, 17.748645, 31.733674, 11953.454332, 6.459747, 4037.832838, 7.345169, 304.828122, 8.780605, 304.828122, 8.780605, 0.000000, 0.000000, 84425.491415, 8.466646, 3.050113
211, 26.260362, 22.159679, 31.408456, 12125.474427, 7.013308, 4772.304702, 7.467930, 436.054434, 8.863763, 436.054434, 8.863763, 0.000000, 0.000000, 69664.009237, 8.335744, 3.031122
212, 26.383864, 21.576635, 31.603889, 12011.920549, 7.167255, 4993.471900, 7.521215, 468.881596, 9.095031, 468.881596, 9.095031, 0.000000, 0.000000, 66548.902113, 8.336894, 3.030363
213, 25.678075, 24.698220, 30.784523, 11974.064167, 6.616511, 4335.623482, 7.015600, 372.316934, 8.483085, 372.316934, 8.483085, 0.000000, 0.000000, 83118.181528, 8.095743, 2.951418
214, 26.293137, 21.725824, 30.947619, 11958.222537, 6.958375, 4631.294480, 7.417780, 425.994259, 8.790202, 425.994259, 8.790202, 6792.000000, 0.000000, 73345.282055, 8.179695, 3.011045
215, 25.947356, 23.801314, 31.389880, 11736.740830, 6.353510, 3925.845461, 7.069755, 333.291142, 8.545782, 333.291142, 8.545782, 0.000000, 0.000000, 89754.079280, 8.226208, 2.994145
216, 26.352551, 22.150398, 30.975054, 12080.954108, 6.435281, 4183.425598, 7.211021, 342.031591, 8.463227, 342.031591, 8.463227, 0.000000, 0.000000, 87557.242404, 7.974326, 2.879599
217, 25.546842, 28.489633, 31.007128, 12266.058740, 6.933790, 4939.772161, 7.076662, 480.102065, 8.607026, 480.102065, 8.607026, 0.000000, 0.000000, 70708.394753, 8.234811, 2.995471
218, 26.207637, 22.560807, 30.469264, 11853.380397, 7.019583, 4611.285890, 7.376874, 408.021766, 8.791288, 408.021766, 8.791288, 0.000000, 0.000000, 74992.297681, 8.179738, 2.991729
219, 25.953332, 23.951993, 30.995421, 12199.399179, 6.340547, 4176.478564, 7.102351, 348.404909, 8.286967, 348.404909, 8.286967, 0.000000, 0.000000, 87499.545253, 8.055828, 2.915913
220, 26.376222, 21.137051, 31.367358, 12150.058691, 6.924330, 4702.709046, 7.462677, 445.535766, 8.798309, 445.535766, 8.798309, 0.000000, 0.000000, 69782.064624, 8.481304, 3.088240
221, 26.049287, 14.166715, 31.709058, 11537.574899, 7.004775, 4458.185338, 7.332360, 358.358591, 9.398776, 358.358591, 9.398776, 0.000000, 0.000000, 81570.977777, 7.917332, 2.881897
222, 25.735557, 24.456823, 30.374991, 11864.120453, 6.510227, 4142.167451, 6.959308, 342.002578, 8.384011, 342.002578, 8.384011, 0.000000, 0.000000, 87576.288407, 8.086183, 2.945223
223, 26.260233, 21.777621, 31.514450, 11798.875225, 6.313150, 3830.262131, 7.282168, 299.643351, 8.560117, 299.643351, 8.560117, 0.000000, 0.000000, 90967.853655, 8.222580, 2.958995
224, 26.479537, 19.792595, 31.919082, 12034.032899, 6.837658, 4548.920682, 7.454689, 422.061345, 8.990472, 422.061345, 8.990472, 0.000000, 0.000000, 71402.141802, 8.529481, 3.105028
225, 26.586699, 22.593287, 31.557632, 11816.148210, 6.362264, 4070.900148, 7.208450, 349.798525, 8.547152, 349.798525, 8.547152, 0.000000, 0.000000, 88871.913004, 8.091060, 2.913480
226, 27.292612, 28.405064, 32.280998, 10523.108928, 5.700918, 3001.717122, 7.034947, 207.357660, 8.670208, 207.357660, 8.670208, 0.000000, 0.000000, 111481.581622, 8.356779, 2.958589
227, 26.774229, 20.253756, 32.190770, 12091.440377, 6.787786, 4437.142872, 7.553654, 414.449033, 9.061722, 414.449033, 9.061722, 0.000000, 0.000000, 72615.706048, 8.478733, 3.087211
228, 25.982766, 22.000547, 31.254559, 11867.320779, 7.198103, 4820.717743, 7.330341, 465.985536, 9.035964, 465.985536, 9.035964, 0.000000, 0.000000, 69138.529894, 8.331164, 3.033602
229, 26.448702, 18.810619, 31.458603, 11771.180687, 6.425968, 4017.569305, 7.305725, 301.854525, 8.669916, 301.854525, 8.669916, 0.000000, 0.000000, 87575.897816, 8.268476, 2.988751
230, 26.349263, 18.745856, 31.464877, 12023.597234, 6.499986, 4166.252700, 7.217323, 330.090552, 8.649534, 330.090552, 8.649534, 0.000000, 0.000000, 85359.831582, 8.150373, 2.950192
231, 26.738267, 17.417886, 31.312599, 11847.048967, 6.767593, 4234.508644, 7.671500, 364.354258, 8.804763, 364.354258, 8.804763, 0.000000, 0.000000, 78337.974741, 8.318057, 3.028311
232, 26.710015, 17.907753, 31.945117, 11760.179801, 6.455079, 4007.748804, 7.370477, 328.649968, 8.895825, 328.649968, 8.895825, 0.000000, 0.000000, 86011.684959, 8.428787, 3.026602
233, 25.976808, 21.746887, 30.621037, 11865.953735, 6.709964, 4306.271548, 7.149639, 361.848657, 8.532789, 361.848657, 8.532789, 0.000000, 0.000000, 83439.668797, 8.032957, 2.921622
234, 26.824709, 18.930673, 31.605898, 11738.125967, 6.319722, 3780.504188, 7.350473, 289.664152, 8.670602, 289.664152, 8.670602, 0.000000, 0.000000, 90457.184817, 8.333565, 3.001184
235, 26.094013, 23.430096, 31.313764, 12058.159169, 7.033899, 4789.201221, 7.370793, 465.230622, 8.872641, 465.230622, 8.872641, 0.000000, 0.000000, 69190.808408, 8.382241, 3.054232
236, 26.415172, 28.278984, 30.690746, 10497.390286, 5.576345, 2873.031738, 6.799333, 182.566147, 8.124375, 182.566147, 8.124375, 0.000000, 0.000000, 125880.592248, 7.684887, 2.720240
237, 25.880572, 18.811140, 31.193597, 11083.491551, 6.234722, 3574.748020, 7.085080, 262.854759, 8.609520, 262.854759, 8.609520, 0.000000, 0.000000, 96234.316392, 8.400029, 3.045593
238, 26.879634, 18.787212, 32.195187, 11613.101985, 6.439401, 3982.896018, 7.420598, 357.524949, 8.930813, 357.524949, 8.930813, 0.000000, 0.000000, 86850.993798, 8.308278, 2.992477
239, 27.541400, 18.517839, 31.980997, 11800.370949, 6.319353, 3818.688422, 7.646172, 315.234567, 8.726079, 315.234567, 8.726079, 0.000000, 0.000000, 88520.471579, 8.300386, 2.976168
240, 26.410826, 19.672091, 31.282337, 11826.930346, 7.320780, 4817.697829, 7.582452, 425.153141, 9.218463, 425.153141, 9.218463, 0.000000, 0.000000, 65295.074798, 8.572389, 3.136561
241, 25.784736, 24.800931, 30.750074, 12001.000072, 7.106289, 4766.639747, 7.249051, 424.896527, 8.807766, 424.896527, 8.807766, 0.000000, 0.000000, 71774.004328, 8.178608, 2.998847
242, 26.446990, 19.917518, 31.044118, 12023.023037, 6.719781, 4367.182500, 7.359479, 356.823843, 8.714420, 356.823843, 8.714420, 0.000000, 0.000000, 79598.843848, 8.242237, 3.004484
243, 25.797592, 21.623744, 30.918415, 11928.481140, 6.397786, 4010.885042, 7.074741, 298.055806, 8.456023, 298.055806, 8.456023, 0.000000, 0.000000, 86425.921569, 8.426113, 3.064745
244, 26.293291, 20.077824, 30.597435, 11585.356231, 6.393876, 3902.280119, 7.316875, 281.514409, 8.425657, 281.514409, 8.425657, 0.000000, 0.000000, 92071.776834, 8.059205, 2.930145
245, 26.029841, 22.500034, 30.601343, 11559.236806, 6.481207, 4045.982876, 7.149053, 318.928378, 8.483847, 318.928378, 8.483847, 0.000000, 0.000000, 90418.010423, 8.031701, 2.914142
246, 25.701533, 22.312929, 31.265909, 11837.349208, 6.303642, 3816.944711, 7.043841, 318.423390, 8.498451, 318.423390, 8.498451, 0.000000, 0.000000, 93436.535722, 8.066412, 2.912674
247, 27.347955, 13.212463, 32.452896, 11535.741909, 6.413638, 3902.686384, 7.789145, 324.325340, 9.099486, 324.325340, 9.099486, 0.000000, 0.000000, 84712.349842, 8.662316, 3.104791
248, 26.427970, 21.726678, 31.231944, 12035.927160, 6.976527, 4713.410142, 7.475011, 436.475372, 8.830916, 436.475372, 8.830916, 0.000000, 0.000000, 71444.342702, 8.314288, 3.021108
249, 25.330407, 28.080001, 30.499558, 11806.151257, 7.400519, 5033.650519, 7.043085, 468.037116, 8.930201, 468.037116, 8.930201, 0.000000, 0.000000, 70064.763767, 7.950907, 2.901255
250, 26.014299, 19.502619, 31.086994, 11705.419699, 6.477600, 3985.862641, 7.137187, 328.979458, 8.611464, 328.979458, 8.611464, 0.000000, 0.000000, 89310.382899, 8.096918, 2.954719
251, 26.430138, 20.439383, 31.081266, 11283.361369, 6.135466, 3625.640758, 7.127572, 273.965712, 8.429239, 273.965712, 8.429239, 0.000000, 0.000000, 98801.447458, 8.176894, 2.943903
252, 26.685544, 20.339978, 31.739984, 11987.276270, 7.285815, 4988.850948, 7.729645, 489.934380, 9.262752, 489.934380, 9.262752, 0.000000, 0.000000, 62404.683376, 8.501334, 3.104974
253, 26.547316, 19.096714, 31.762500, 11738.571963, 6.992657, 4537.825459, 7.628692, 437.666404, 9.130386, 437.666404, 9.130386, 0.000000, 0.000000, 71503.360287, 8.501555, 3.111841
254, 25.937136, 20.344335, 31.181178, 12068.457629, 6.905419, 4500.392699, 7.282181, 388.485690, 8.853185, 388.485690, 8.853185, 0.000000, 0.000000, 75852.565335, 8.277336, 3.028049
255, 26.344033, 20.466786, 31.429890, 11813.791421, 6.520248, 4044.872387, 7.386307, 341.933621, 8.687812, 341.933621, 8.687812, 0.000000, 0.000000, 84660.853941, 8.322964, 3.024350
256, 26.881525, 4.107796, 31.995016, 2278.088731, 6.272582, 724.123979, 7.417800, 50.749445, 8.893010, 50.749445, 8.893010, 0.000000, 0.000000, 18007.329414, 8.584680, 3.098662
257, 25.881730, 4.156003, 31.131960, 2372.103407, 6.594207, 843.274002, 7.094481, 63.461927, 8.621761, 63.461927, 8.621761, 0.000000, 0.000000, 16818.710348, 8.133155, 2.965212
258, 27.736015, 6.066081, 32.671241, 2030.680090, 5.758008, 533.883511, 7.246652, 27.136240, 9.187667, 27.136240, 9.187667, 0.000000, 0.000000, 22613.755004, 8.364345, 2.971465
259, 26.191868, 5.096283, 30.512917, 2274.248082, 6.239346, 733.624654, 6.973155, 47.812662, 8.304167, 47.812662, 8.304167, 0.000000, 0.000000, 19205.989519, 8.092433, 2.957029
260, 27.013425, 3.654554, 32.431931, 2401.757038, 6.763823, 857.388020, 7.727748, 70.158455, 9.103358, 70.158455, 9.103358, 0.000000, 0.000000, 15012.576698, 8.425555, 3.035055
261, 26.102074, 4.363111, 30.999349, 2252.319648, 6.677557, 806.281786, 7.248317, 57.956009, 8.861992, 57.956009, 8.861992, 0.000000, 0.000000, 17004.199976, 8.223856, 3.039792
262, 26.021866, 4.747318, 31.405344, 2306.604506, 6.933999, 850.805019, 7.593463, 72.035486, 9.008023, 72.035486, 9.008023, 0.000000, 0.000000, 14942.400345, 8.422718, 3.110053
263, 26.546822, 4.388415, 30.864766, 2370.865392, 6.854003, 846.342883, 7.620975, 74.799146, 8.681675, 74.799146, 8.681675, 0.000000, 0.000000, 15536.239566, 8.199085, 2.999427
264, 25.770148, 19.326891, 30.520225, 11530.871463, 6.478334, 3853.057817, 6.919323, 262.855323, 8.584829, 262.855323, 8.584829, 0.000000, 0.000000, 93865.892221, 8.129213, 2.944037
265, 24.579507, 28.544488, 30.507769, 12047.802800, 7.098151, 4762.366724, 6.686654, 409.349095, 8.687379, 409.349095, 8.687379, 0.000000, 0.000000, 75718.940295, 8.087049, 2.965356
266, 25.698822, 29.209106, 30.651743, 11994.085452, 7.654936, 5146.221158, 7.292981, 508.336527, 9.121593, 508.336527, 9.121593, 0.000000, 0.000000, 62173.827252, 8.211470, 2.990083
267, 26.277842, 20.731842, 31.267600, 12144.102280, 6.742329, 4453.842582, 7.405256, 381.756926, 8.700285, 381.756926, 8.700285, 0.000000, 0.000000, 75921.131715, 8.335362, 3.039731
268, 26.326756, 16.459960, 32.263111, 11935.082770, 7.071732, 4761.691718, 7.649233, 451.781646, 9.303887, 451.781646, 9.303887, 0.000000, 0.000000, 64303.846787, 8.870027, 3.256488
269, 25.941130, 22.338558, 30.960669, 11859.040776, 7.267199, 4794.197998, 7.333761, 464.490030, 9.033671, 464.490030, 9.033671, 0.000000, 0.000000, 68624.763430, 8.293587, 3.049357
270, 25.745142, 23.737941, 30.872654, 11886.061240, 6.899790, 4440.035896, 7.169320, 408.815366, 8.744632, 408.815366, 8.744632, 0.000000, 0.000000, 76598.774386, 8.289080, 3.044067
271, 26.162219, 22.045308, 31.089243, 11974.228153, 7.327284, 5078.786555, 7.435862, 460.940426, 9.098268, 460.940426, 9.098268, 0.000000, 0.000000, 65869.283079, 8.262478, 3.032338
272, 27.212503, 15.819372, 32.147705, 11940.045385, 6.519921, 4148.806965, 7.567047, 323.034542, 8.953294, 323.034542, 8.953294, 0.000000, 0.000000, 81053.092337, 8.534561, 3.070160
273, 27.113101, 24.094971, 32.136690, 11318.461085, 5.843896, 3339.538534, 7.132740, 225.319080, 8.511747, 225.319080, 8.511747, 0.000000, 0.000000, 103045.184030, 8.291963, 2.962135
274, 28.996179, 48.053606, 33.832851, 9645.779721, 5.393250, 2365.734439, 7.159429, 131.018848, 9.284054, 131.018848, 9.284054, 0.000000, 0.000000, 127027.678044, 8.081691, 2.821012
275, 26.373504, 17.483150, 31.266084, 11209.473273, 6.373421, 3633.639367, 7.310225, 262.940348, 8.796167, 262.940348, 8.796167, 0.000000, 0.000000, 93519.429352, 8.270671, 3.016733
276, 28.661020, 52.908462, 33.006321, 9408.277827, 5.324668, 2405.012095, 6.864910, 143.861202, 7.602242, 143.861202, 7.602242, 0.000000, 0.000000, 133375.012372, 7.840844, 2.722623
277, 28.145236, 51.980813, 32.864885, 9415.884710, 5.297934, 2384.148567, 6.763263, 116.841993, 8.131866, 116.841993, 8.131866, 0.000000, 0.000000, 136549.923291, 7.732040, 2.683851
278, 28.739305, 61.003143, 32.935966, 8930.870735, 5.129292, 2070.841295, 6.543042, 109.444994, 6.154055, 109.444994, 6.154055, 0.000000, 0.000000, 143347.104965, 7.814923, 2.699989
279, 28.701617, 47.044168, 33.463611, 9631.786859, 5.403198, 2406.600980, 7.024522, 129.503781, 8.600198, 129.503781, 8.600198, 0.000000, 0.000000, 128426.163929, 7.993917, 2.795510
280, 27.083195, 3.922959, 31.840762, 2247.963517, 6.673616, 816.540010, 7.676191, 65.552678, 8.984363, 65.552678, 8.984363, 0.000000, 0.000000, 14484.378181, 8.376664, 3.061299
281, 26.186724, 5.767411, 31.439460, 2046.949560, 5.715791, 579.630257, 6.642612, 33.705359, 8.422300, 33.705359, 8.422300, 0.000000, 0.000000, 21676.925884, 7.986342, 2.837478
282, 26.934198, 4.058763, 32.215446, 2198.781937, 6.352874, 734.973962, 7.416487, 62.194862, 8.859681, 62.194862, 8.859681, 0.000000, 0.000000, 15965.455597, 8.473998, 3.079718
283, 25.922602, 5.118603, 30.900639, 2171.541001, 6.260927, 708.740087, 7.074893, 50.848064, 8.359051, 50.848064, 8.359051, 0.000000, 0.000000, 17191.080490, 8.277901, 3.034395
284, 26.822668, 4.514581, 31.655462, 2248.530750, 6.477670, 781.823869, 7.349878, 61.214501, 8.681707, 61.214501, 8.681707, 0.000000, 0.000000, 15168.484031, 8.592391, 3.119611
285, 26.357266, 4.920766, 30.893694, 2218.091340, 6.689853, 806.871397, 7.453503, 66.115623, 8.691391, 66.115623, 8.691391, 0.000000, 0.000000, 15194.622706, 8.121916, 2.989612
286, 26.418155, 4.731874, 30.678092, 2006.897791, 5.928826, 589.641417, 6.905273, 40.836985, 8.522997, 40.836985, 8.522997, 0.000000, 0.000000, 20967.178523, 7.982373, 2.884969
287, 26.069680, 4.700698, 31.255888, 2262.016883, 7.163201, 881.184852, 7.437053, 83.058629, 9.022342, 83.058629, 9.022342, 0.000000, 0.000000, 12981.284060, 8.301252, 3.031493
288, 29.616665, 6.455322, 34.482967, 1304.939147, -5.698825, 351.067908, 7.657775, 20.905793, 10.040887, 20.905793, 10.040887, 0.000000, 0.000000, 14464.773377, 8.470068, 2.988418
289, 26.721382, 4.142647, 32.161360, 1333.058808, 5.832742, 370.450065, 7.079597, 20.374869, 8.765824, 20.374869, 8.765824, 0.000000, 0.000000, 14998.657572, 8.147082, 2.902740
290, 27.127841, 3.514168, 32.361526, 1491.429213, 6.467352, 490.221668, 7.565442, 36.741711, 9.369839, 36.741711, 9.369839, 0.000000, 0.000000, 11316.636297, 8.420462, 3.060092
291, 26.878793, 3.361612, 32.026239, 1457.080227, 6.122230, 435.748730, 7.469003, 29.517318, 8.818673, 29.517318, 8.818673, 0.000000, 0.000000, 12847.342166, 8.308954, 2.978373
292, 27.014479, 3.206028, 32.390717, 1511.923088, 6.337725, 507.518615, 7.271444, 34.305157, 9.153187, 34.305157, 9.153187, 0.000000, 0.000000, 11704.128062, 8.398921, 3.014766
293, 26.976176, 3.271948, 31.189867, 1512.240503, 6.543293, 537.426843, 7.500206, 43.033558, 8.498076, 43.033558, 8.498076, 0.000000, 0.000000, 11338.763786, 8.100549, 2.882202
294, 26.435048, 3.228965, 31.052306, 1534.490452, 6.916264, 571.187579, 7.243633, 46.927243, 8.786589, 46.927243, 8.786589, 0.000000, 0.000000, 10095.230617, 8.196684, 3.004880
295, 27.392160, 4.603483, 32.786319, 1420.617361, 5.757305, 383.696977, 7.559145, 22.038190, 8.777308, 22.038190, 8.777308, 0.000000, 0.000000, 14194.687398, 8.190162, 2.902882
296, 27.298481, 16.189544, 32.006726, 11878.142758, 6.648652, 4163.176573, 7.674381, 348.891022, 9.004215, 348.891022, 9.004215, 0.000000, 0.000000, 78576.411476, 8.591300, 3.102202
297, 26.223359, 20.552137, 31.518414, 11518.851589, 6.151075, 3631.716622, 6.966664, 251.812476, 8.562867, 251.812476, 8.562867, 0.000000, 0.000000, 97709.779625, 8.203386, 2.948039
298, 27.230509, 25.356240, 31.481613, 9681.699112, 5.580249, 2524.634007, 7.064432, 144.186544, 8.665620, 144.186544, 8.665620, 0.000000, 0.000000, 125461.983892, 8.116200, 2.884527
299, 26.169152, 20.580077, 31.433683, 11783.769387, 6.503034, 4123.048578, 7.240024, 345.692124, 8.648800, 345.692124, 8.648800, 0.000000, 0.000000, 84564.783159, 8.269221, 3.016300
300, 26.833453, 15.255563, 31.503665, 11735.639811, 6.951418, 4435.139989, 7.622381, 364.037309, 9.163349, 364.037309, 9.163349, 0.000000, 0.000000, 74333.978112, 8.524611, 3.113128
301, 26.687638, 16.124913, 32.362326, 11851.172677, 7.069753, 4843.585569, 7.692400, 478.015110, 9.382561, 478.015110, 9.382561, 0.000000, 0.000000, 66218.921423, 8.593984, 3.139223
302, 26.397821, 19.697408, 31.445129, 11918.071632, 7.035002, 4664.586004, 7.482601, 430.044908, 8.994109, 430.044908, 8.994109, 0.000000, 0.000000, 71224.382337, 8.321531, 3.051850
303, 27.620006, 20.143538, 32.059801, 11549.708881, 6.095718, 3519.497785, 7.538428, 256.935036, 8.735141, 256.935036, 8.735141, 0.000000, 0.000000, 95993.738674, 8.333656, 2.980057
304, 27.289917, 15.319007, 32.272745, 12112.156854, 6.464698, 4131.186702, 7.548573, 330.027621, 8.995906, 330.027621, 8.995906, 0.000000, 0.000000, 79261.344224, 8.647697, 3.126864
305, 26.353803, 18.726375, 30.849504, 11976.030642, 6.434520, 4041.889749, 7.301690, 285.411413, 8.404920, 285.411413, 8.404920, 0.000000, 0.000000, 89817.390135, 7.974399, 2.884009
306, 27.020241, 16.209313, 31.713690, 11803.637852, 6.614310, 4210.254603, 7.568993, 334.903983, 8.887588, 334.903983, 8.887588, 0.000000, 0.000000, 79923.954936, 8.539665, 3.088215
307, 26.327386, 19.820531, 32.107291, 12081.902334, 6.437623, 4086.892421, 7.225274, 308.528633, 8.850889, 308.528633, 8.850889, 0.000000, 0.000000, 83825.684020, 8.451351, 3.046683
308, 26.251022, 16.892004, 31.835581, 11877.594161, 6.657096, 4172.843462, 7.404418, 338.740871, 8.946980, 338.740871, 8.946980, 0.000000, 0.000000, 79950.981441, 8.393201, 3.052149
309, 27.320011, 23.641251, 31.979134, 10602.203924, 5.939642, 3030.239362, 7.585718, 199.953541, 8.756638, 199.953541, 8.756638, 0.000000, 0.000000, 107031.409052, 8.227912, 2.944182
310, 26.376496, 21.492364, 31.202732, 12174.439045, 7.027848, 4815.809451, 7.309945, 420.754423, 8.768446, 420.754423, 8.768446, 0.000000, 0.000000, 71077.665716, 8.088370, 2.959708
311, 26.247453, 17.892882, 31.057826, 11867.784879, 7.001829, 4459.047658, 7.374822, 343.521429, 8.930580, 343.521429, 8.930580, 0.000000, 0.000000, 74469.207200, 8.379733, 3.066450
312, 26.620287, 3.734998, 31.384710, 1866.777961, 6.557147, 647.122793, 7.438632, 51.884740, 8.678012, 51.884740, 8.678012, 0.000000, 0.000000, 12654.789961, 8.327428, 2.993384
313, 26.524502, 3.560549, 30.995139, 1833.411982, 5.970816, 576.514132, 7.128806, 38.871676, 8.213964, 38.871676, 8.213964, 0.000000, 0.000000, 14637.084817, 8.264091, 2.999955
314, 26.641413, 2.892000, 31.604385, 1825.173365, 7.000526, 717.948392, 7.469545, 62.824887, 9.203215, 62.824887, 9.203215, 0.000000, 0.000000, 10902.246490, 8.676436, 3.147205
315, 26.321075, 4.294850, 31.489414, 1842.377406, 7.433970, 789.988083, 7.573288, 72.418423, 9.088816, 72.418423, 9.088816, 0.000000, 0.000000, 9462.515004, 8.531362, 3.109064
316, 26.088034, 3.517179, 31.244902, 1819.752592, 6.525284, 636.996633, 7.058244, 49.482905, 8.727643, 49.482905, 8.727643, 0.000000, 0.000000, 13204.251248, 8.225148, 2.980379
317, 25.860575, 4.354970, 31.359486, 1817.743838, 7.477210, 743.261137, 7.420010, 70.859575, 9.306329, 70.859575, 9.306329, 0.000000, 0.000000, 9903.707501, 8.387016, 3.084012
318, 26.354248, 3.664077, 31.977901, 1822.877612, 7.060153, 712.015650, 7.556829, 59.834096, 9.176582, 59.834096, 9.176582, 0.000000, 0.000000, 10383.020766, 8.751936, 3.243922
319, 26.754333, 5.040472, 31.502851, 1531.730617, 5.594571, 406.469432, 6.916351, 19.696613, 8.495518, 19.696613, 8.495518, 0.000000, 0.000000, 18661.851218, 8.226931, 2.931873
320, 26.992741, 14.469066, 32.361425, 12187.417494, 6.502109, 4143.413099, 7.522556, 289.375311, 9.061634, 289.375311, 9.061634, 0.000000, 0.000000, 83709.738537, 8.577919, 3.083553
321, 26.361834, 17.140193, 31.196359, 12430.174313, 6.755601, 4627.717052, 7.329193, 359.399733, 8.693918, 359.399733, 8.693918, 0.000000, 0.000000, 77826.638660, 8.301972, 3.015648
322, 26.716581, 17.528502, 31.906443, 12459.390837, 6.490268, 4248.186703, 7.435965, 316.924939, 8.776116, 316.924939, 8.776116, 0.000000, 0.000000, 84037.141291, 8.363606, 3.001874
323, 27.054858, 15.073546, 31.603255, 12443.146155, 6.546601, 4386.644306, 7.521736, 317.894811, 8.724141, 317.894811, 8.724141, 0.000000, 0.000000, 82362.489962, 8.354116, 3.007623
324, 26.804470, 20.474023, 31.690554, 11293.388576, 6.001534, 3305.308804, 7.255729, 177.093789, 8.634957, 177.093789, 8.634957, 0.000000, 0.000000, 104177.923606, 8.254352, 2.987013
325, 26.119290, 18.367219, 30.897603, 11866.358659, 6.401645, 4004.734274, 7.191168, 261.599317, 8.541458, 261.599317, 8.541458, 0.000000, 0.000000, 90871.843496, 8.219263, 3.000428
326, 25.912339, 18.209114, 30.910709, 12016.465570, 6.391461, 3963.486431, 7.108497, 272.219839, 8.458029, 272.219839, 8.458029, 0.000000, 0.000000, 90587.753360, 8.218911, 2.993446
327, 26.668797, 15.786673, 32.379271, 12352.845470, 7.030025, 4850.205953, 7.804998, 419.531688, 9.247358, 419.531688, 9.247358, 0.000000, 0.000000, 66019.164861, 8.670545, 3.163268
328, 26.032899, 18.199086, 31.502855, 12021.165889, 7.032902, 4595.225379, 7.387772, 369.656310, 9.029641, 369.656310, 9.029641, 0.000000, 0.000000, 71104.198938, 8.608602, 3.151351
329, 25.625506, 20.544584, 30.279257, 11993.459575, 7.270197, 4747.395579, 7.095839, 354.662447, 8.892997, 354.662447, 8.892997, 0.000000, 0.000000, 75247.832318, 8.043611, 2.948592
330, 26.751627, 14.906495, 31.975549, 11977.744482, 7.030348, 4676.715970, 7.657933, 392.411098, 9.255859, 392.411098, 9.255859, 0.000000, 0.000000, 68196.045198, 8.792466, 3.210636
331, 26.697807, 19.561784, 31.282376, 12795.084176, 6.618426, 4563.029513, 7.573321, 367.495356, 8.415450, 367.495356, 8.415450, 0.000000, 0.000000, 75874.245232, 8.210867, 2.968586
332, 25.388928, 18.732765, 31.403620, 11948.227665, 7.102150, 4543.511418, 7.108980, 376.565952, 9.071664, 376.565952, 9.071664, 0.000000, 0.000000, 72102.008637, 8.502521, 3.127045
333, 25.606604, 20.810752, 31.481700, 11959.509653, 7.461776, 5021.985299, 7.259050, 448.903258, 9.288814, 448.903258, 9.288814, 0.000000, 0.000000, 64530.711766, 8.468937, 3.090866
334, 26.045853, 18.728257, 30.761186, 11906.874430, 6.821113, 4379.639364, 7.264567, 358.395427, 8.729077, 358.395427, 8.729077, 0.000000, 0.000000, 79117.916425, 8.266236, 3.017943
335, 26.230651, 23.139556, 31.430976, 11787.137310, 6.013420, 3604.783931, 7.006842, 230.742327, 8.309302, 230.742327, 8.309302, 0.000000, 0.000000, 101240.174827, 8.106350, 2.894210
336, 27.251399, 16.987690, 31.894423, 12544.779607, 6.328479, 4172.653627, 7.541848, 293.637491, 8.588641, 293.637491, 8.588641, 0.000000, 0.000000, 89431.863725, 8.110863, 2.901653
337, 25.990628, 21.804359, 30.721226, 12530.896669, 7.056452, 5063.338574, 7.229186, 435.798062, 8.678606, 435.798062, 8.678606, 0.000000, 0.000000, 71642.469090, 8.058873, 2.946397
338, 27.073361, 17.679443, 32.026807, 12412.116475, 6.372987, 4154.354120, 7.393014, 287.332166, 8.721719, 287.332166, 8.721719, 0.000000, 0.000000, 87281.205159, 8.350175, 2.990385
339, 27.019955, 16.002807, 31.857959, 12425.012696, 6.874328, 4986.954364, 7.551842, 429.095925, 8.955106, 429.095925, 8.955106, 0.000000, 0.000000, 72681.330114, 8.211275, 2.968794
340, 26.786590, 20.442284, 31.422875, 11508.473735, 6.053962, 3483.748035, 7.233707, 200.058490, 8.524731, 200.058490, 8.524731, 0.000000, 0.000000, 106114.489468, 7.942582, 2.849997
341, 27.132776, 41.954511, 31.586976, 10162.561781, 5.201663, 2496.182677, 6.505013, 81.054714, 7.739518, 81.054714, 7.739518, 0.000000, 0.000000, 136140.348376, 7.877360, 2.761743
342, 26.149677, 18.993720, 31.095411, 12145.872020, 6.990806, 4733.681617, 7.361910, 392.998696, 8.879907, 392.998696, 8.879907, 0.000000, 0.000000, 74070.337185, 8.211881, 3.008701
343, 26.590188, 16.622567, 31.494573, 12011.144458, 6.483053, 4190.991590, 7.311605, 302.656531, 8.682923, 302.656531, 8.682923, 0.000000, 0.000000, 89108.463298, 8.115243, 2.935392
344, 25.664236, 19.751883, 31.167657, 12183.205837, 6.902220, 4613.550264, 7.140371, 365.676460, 8.835983, 365.676460, 8.835983, 0.000000, 0.000000, 75229.389592, 8.307350, 3.027945
345, 25.585769, 18.729187, 30.994538, 12161.222882, 7.058307, 4713.466784, 6.998279, 352.133393, 8.941282, 352.133393, 8.941282, 0.000000, 0.000000, 77031.235936, 8.102856, 2.949865
346, 26.040921, 15.262098, 31.387233, 12139.331384, 6.787098, 4382.058384, 7.258873, 321.292418, 8.950471, 321.292418, 8.950471, 0.000000, 0.000000, 79255.717001, 8.361293, 3.045655
347, 26.019362, 17.845222, 30.894371, 12291.548481, 6.941039, 4701.857644, 7.221682, 357.295349, 8.789280, 357.295349, 8.789280, 0.000000, 0.000000, 74499.833697, 8.265773, 3.020323
348, 26.449252, 17.234104, 31.623829, 12123.464526, 7.152565, 4883.462324, 7.516756, 426.588885, 9.148570, 426.588885, 9.148570, 0.000000, 0.000000, 65867.902808, 8.544977, 3.106399
349, 26.994961, 15.110381, 31.689847, 12021.289450, 6.857669, 4445.568703, 7.765274, 361.622622, 8.952645, 361.622622, 8.952645, 0.000000, 0.000000, 75101.491289, 8.410118, 3.033437
350, 25.416876, 22.513680, 30.525144, 11885.862375, 7.041217, 4490.880279, 7.025248, 352.164679, 8.780036, 352.164679, 8.780036, 0.000000, 0.000000, 77435.624934, 8.177037, 3.004216
351, 26.137502, 19.837648, 30.830575, 11539.463267, 6.214233, 3690.384742, 6.992619, 224.011688, 8.415375, 224.011688, 8.415375, 0.000000, 0.000000, 99453.978711, 8.025974, 2.891255
352, 27.036010, 21.922640, 32.481138, 11127.867670, 6.044455, 3266.264110, 7.283806, 155.656462, 9.049756, 155.656462, 9.049756, 0.000000, 0.000000, 106320.993870, 8.419883, 2.988114
353, 26.318250, 18.338712, 31.986873, 11766.097107, 6.572019, 4170.851392, 7.401650, 315.881994, 8.908420, 315.881994, 8.908420, 0.000000, 0.000000, 86680.741723, 8.394303, 3.030215
354, 27.583259, 27.352557, 32.472276, 10703.768084, 5.557004, 2817.074996, 7.189632, 125.759267, 8.197819, 125.759267, 8.197819, 0.000000, 0.000000, 117627.664280, 8.407361, 2.972916
355, 27.248934, 17.484622, 32.558250, 11930.381733, 6.267857, 3835.997164, 7.522934, 244.430089, 9.082700, 244.430089, 9.082700, 0.000000, 0.000000, 90746.626562, 8.541630, 3.076658
356, 25.985359, 21.851870, 31.641706, 12123.796080, 6.050903, 3793.010330, 6.982372, 232.267687, 8.373182, 232.267687, 8.373182, 0.000000, 0.000000, 97176.882915, 8.217329, 2.945585
357, 26.204424, 23.435027, 31.567979, 10951.896404, 5.893332, 3141.263081, 7.018884, 156.039238, 8.598917, 156.039238, 8.598917, 0.000000, 0.000000, 110599.332705, 8.258254, 2.957371
358, 26.256369, 15.954364, 31.364499, 12128.995579, 6.571155, 4204.253815, 7.288708, 301.996862, 8.675317, 301.996862, 8.675317, 0.000000, 0.000000, 82250.913178, 8.503002, 3.104379
359, 25.923203, 20.350293, 31.327430, 11936.564730, 7.612915, 5255.611937, 7.467751, 481.967974, 9.372116, 481.967974, 9.372116, 0.000000, 0.000000, 60160.748439, 8.609831, 3.174107
360, 27.465643, 50.721435, 32.428534, 8256.602395, 5.027159, 1950.398921, 6.283266, 93.034290, 3.899855, 93.034290, 3.899855, 0.000000, 0.000000, 144506.689872, 8.196978, 2.861666
361, 27.203091, 42.468114, 32.063320, 9326.913120, 5.221643, 2318.385568, 6.549529, 102.299395, 6.384222, 102.299395, 6.384222, 0.000000, 0.000000, 138845.416213, 7.936205, 2.775397
362, 28.195353, 51.658573, 32.954912, 8545.059381, 5.107803, 1956.101541, 6.456820, 90.502465, 4.115328, 90.502465, 4.115328, 0.000000, 0.000000, 143284.792690, 8.173177, 2.833457
363, 27.572543, 31.587521, 32.768264, 10792.556564, 5.672449, 2926.709544, 7.196849, 153.082114, 8.774333, 153.082114, 8.774333, 0.000000, 0.000000, 115064.269132, 8.139321, 2.881400
364, 26.698334, 15.401924, 32.213187, 12019.333195, 6.792849, 4535.231867, 7.512589, 387.917933, 9.168052, 387.917933, 9.168052, 0.000000, 0.000000, 73852.605420, 8.529188, 3.092698
365, 26.600841, 17.149279, 31.592620, 11966.294994, 6.994797, 4550.355703, 7.657910, 354.398116, 9.063521, 354.398116, 9.063521, 0.000000, 0.000000, 72280.449172, 8.435934, 3.080451
366, 26.990909, 16.181895, 31.863081, 11702.994552, 6.474753, 3857.361945, 7.634159, 288.740374, 8.886323, 288.740374, 8.886323, 0.000000, 0.000000, 86953.765760, 8.310784, 3.018580
367, 26.010056, 21.485450, 31.502825, 11968.860829, 7.483995, 5065.081581, 7.540210, 475.871013, 9.284203, 475.871013, 9.284203, 0.000000, 0.000000, 61035.640361, 8.477638, 3.109292
368, 27.277340, 32.113737, 32.009620, 10552.015647, 5.621946, 2759.199948, 7.050925, 105.458790, 8.604641, 105.458790, 8.604641, 0.000000, 0.000000, 124491.692486, 8.020868, 2.826294
369, 26.010011, 23.665896, 30.080137, 12626.284035, 6.595733, 4364.798312, 7.099245, 311.945682, 8.242707, 311.945682, 8.242707, 0.000000, 0.000000, 88201.867802, 7.717901, 2.810567
370, 26.514256, 20.067022, 31.521411, 11424.581337, 5.930224, 3266.779901, 7.000351, 153.616003, 8.587246, 153.616003, 8.587246, 0.000000, 0.000000, 108142.327933, 8.307074, 2.972130
371, 27.599658, 36.749466, 31.703371, 10605.839223, 5.470949, 2689.651115, 6.924260, 119.612718, 6.562608, 119.612718, 6.562608, 0.000000, 0.000000, 129188.153019, 7.914885, 2.779472
372, 27.598736, 39.351767, 32.423459, 10102.997924, 5.381759, 2443.548361, 7.033466, 104.414922, 6.837659, 104.414922, 6.837659, 0.000000, 0.000000, 129074.739032, 8.067005, 2.845426
373, 27.122505, 37.109017, 32.268847, 9932.142717, 5.433325, 2521.635678, 6.922146, 95.068842, 8.576815, 95.068842, 8.576815, 0.000000, 0.000000, 130850.324910, 7.985236, 2.807089
374, 26.852183, 38.917952, 31.367198, 9439.396531, 5.253800, 2269.345506, 6.596845, 79.476115, 6.446584, 79.476115, 6.446584, 0.000000, 0.000000, 139975.741199, 7.746955, 2.759429
375, 27.507103, 40.660629, 31.940328, 9523.803291, 5.252179, 2327.183278, 6.623703, 82.589967, 5.522920, 82.589967, 5.522920, 0.000000, 0.000000, 136792.451924, 7.977753, 2.822577
376, 27.679014, 47.699481, 32.700578, 9148.342392, 5.223320, 2209.705788, 6.666921, 85.567740, 6.212411, 85.567740, 6.212411, 0.000000, 0.000000, 136503.598375, 8.123509, 2.837391
377, 26.565295, 32.832870, 31.493552, 10356.813287, 5.406078, 2704.710785, 6.697825, 117.483274, 8.192666, 117.483274, 8.192666, 0.000000, 0.000000, 128376.083446, 7.768223, 2.767896
378, 28.034172, 44.869106, 32.790012, 8805.907516, 5.133502, 2095.098289, 6.572490, 90.659467, 5.555016, 90.659467, 5.555016, 0.000000, 0.000000, 137802.109324, 8.272638, 2.887646
379, 26.566979, 41.154124, 32.125587, 9436.017005, 5.275684, 2335.466600, 6.506988, 83.000968, 7.007156, 83.000968, 7.007156, 0.000000, 0.000000, 134678.738847, 8.065226, 2.837354
380, 26.742196, 16.925570, 32.055961, 11989.945850, 7.294255, 5067.625323, 7.698076, 456.732555, 9.355078, 456.732555, 9.355078, 0.000000, 0.000000, 60890.626900, 8.700873, 3.188133
381, 26.238867, 14.689827, 31.688441, 12067.199434, 6.717703, 4328.728011, 7.422786, 337.407625, 8.920460, 337.407625, 8.920460, 0.000000, 0.000000, 76391.244242, 8.574154, 3.133957
382, 26.155948, 20.083928, 30.864444, 12007.344363, 7.246582, 4666.214801, 7.379420, 379.478865, 8.983945, 379.478865, 8.983945, 0.000000, 0.000000, 70837.429823, 8.221265, 3.014365
383, 26.802765, 15.905310, 31.211709, 11814.931208, 7.199481, 4718.673994, 7.680039, 396.200261, 9.127052, 396.200261, 9.127052, 0.000000, 0.000000, 70320.737390, 8.290297, 3.034267