DBN, MPV
235, 345.848320
267, 258.859380
1286, 283.509235
1297, 282.505265
1298, 300.774551
1300, 319.202040
1313, 283.335355
1361, 271.773233
277, 305.472801
275, 244.481473
279, 280.444104
287, 298.398207
291, 217.248341
298, 290.203044
303, 314.559985
1235, 322.819396
305, 261.532795
306, 271.852601
1209, 335.654996
1365, 285.712194
1161, 275.392517
1162, 306.266990
1178, 290.684609
1367, 260.833909
1140, 238.361051
1145, 324.161278
1151, 292.941719
1153, 268.806179
1102, 232.654956
1103, 286.985378
1109, 285.080477
1115, 329.636016
1067, 275.652747
1074, 305.323655
1083, 309.546404
1094, 303.589563
1040, 249.661242
1042, 235.986522
1055, 238.952305
1062, 255.309910
997, 228.636100
1007, 319.836796
1017, 322.891471
1029, 223.117456
418, 321.479662
431, 299.406501
979, 237.170497
1375, 232.198351
443, 366.893803
939, 332.189268
940, 296.071643
960, 340.220488
928, 342.192569
930, 316.624656
933, 346.104383
1379, 327.686642
874, 325.765854
878, 273.774484
879, 273.920069
880, 298.451322
487, 279.789033
492, 299.296795
846, 210.831488
849, 374.722964
499, 243.504666
501, 311.263915
809, 266.045795
812, 317.933279
513, 341.479853
777, 329.094839
788, 265.691748
789, 245.505954
536, 326.402999
547, 364.493175
559, 335.983310
623, 316.289335
577, 271.044081
643, 295.189450
747, 296.430067
769, 336.517488
600, 242.477143
679, 316.771776
650, 316.844570
684, 284.285618
604, 184.689772
636, 239.131364
666, 358.860074
670, 261.648303
704, 240.679892
714, 278.927653
719, 307.988103
733, 255.484291
202, 229.956319
244, 298.364739
261, 232.191297
220, 283.185442
221, 289.902035
1296, 254.893873
211, 340.457912
269, 246.504815
283, 220.981499
280, 291.807522
268, 168.142323
290, 321.254208
297, 218.805805
134, 300.141206
293, 298.695138
307, 262.437083
312, 306.947332
314, 356.305697
313, 303.480136
330, 254.918245
327, 279.085822
311, 333.203320
331, 259.084044
347, 300.223402
1128, 250.350914
338, 315.458377
346, 346.184030
1110, 234.704645
358, 252.666956
354, 345.083593
357, 347.816881
1072, 251.317645
372, 303.363924
1078, 246.700466
1087, 237.185097
388, 346.851124
1034, 305.077000
390, 355.922927
1061, 273.941498
417, 284.835523
409, 344.740237
1014, 322.944997
1009, 282.254459
419, 268.658562
414, 295.622338
422, 272.727685
423, 271.830760
946, 227.669909
948, 229.229409
435, 276.663468
442, 221.568843
910, 282.926945
459, 202.309284
464, 222.731553
461, 243.270812
478, 274.447596
881, 285.286317
467, 281.969198
468, 255.250918
482, 188.251900
484, 254.174691
493, 239.969103
483, 279.080963
834, 373.016584
498, 294.830436
502, 247.682162
507, 282.531643
514, 277.283692
516, 293.716635
523, 241.250395
787, 198.315941
558, 346.990249
541, 351.086079
550, 249.964095
549, 280.116054
570, 304.784105
563, 289.838782
569, 244.318953
1390, 328.495486
649, 223.875889
592, 275.262096
683, 294.905413
589, 316.392716
631, 248.545460
639, 304.557997
638, 291.824654
628, 246.949418
723, 256.628185
718, 250.646845
732, 327.669955
709, 286.463627
241, 154.983265
266, 250.511116
263, 222.028716
233, 309.461707
199, 223.644268
256, 248.164705
1306, 228.043570
257, 214.289787
265, 247.840465
1274, 230.112013
1261, 227.950303
272, 200.942951
1282, 241.782334
289, 306.769653
302, 271.600323
1242, 265.989334
1227, 130.399402
1204, 238.241171
309, 271.137007
1200, 212.285614
317, 315.537481
1184, 212.283904
1179, 240.197651
1173, 214.128280
1186, 179.178827
339, 200.560464
1135, 224.627036
352, 255.526006
344, 201.791450
356, 244.763681
1098, 187.643249
1116, 237.890296
1099, 208.812822
370, 212.345178
1068, 217.964971
376, 190.833904
379, 262.565645
391, 250.646076
1052, 184.139413
387, 223.152996
398, 267.988105
402, 155.343635
407, 237.850690
401, 194.410561
406, 222.014020
424, 184.629710
427, 257.199837
432, 241.417297
420, 271.716918
441, 238.271101
440, 252.869705
932, 265.015435
447, 252.030645
452, 258.400863
457, 210.289855
458, 199.871480
454, 270.618315
894, 297.699333
473, 246.165462
477, 261.816621
465, 222.931875
856, 238.006492
494, 258.771172
481, 282.865009
485, 257.215246
512, 246.998557
500, 253.584052
508, 278.779875
805, 274.612976
797, 257.214578
526, 206.406661
527, 224.982411
528, 282.452730
556, 302.561758
539, 296.710933
582, 289.752656
532, 246.078133
576, 207.178611
566, 261.912743
757, 308.651486
574, 280.344596
651, 234.114223
591, 212.580323
681, 184.779781
654, 231.355721
629, 214.954995
606, 192.179832
671, 180.576227
605, 230.054363
708, 228.550245
706, 217.219890
713, 215.013649
209, 186.621854
218, 200.053777
237, 245.313197
193, 247.990620
228, 222.681023
248, 239.547981
213, 273.241934
243, 218.105235
260, 268.006229
197, 254.013040
1279, 239.011560
273, 280.813945
1362, 229.249588
276, 240.195730
1237, 168.814257
299, 242.501058
288, 225.501484
300, 270.877755
318, 261.713852
316, 247.033059
315, 256.897464
1216, 264.647462
322, 176.555326
1190, 234.285717
336, 253.437369
1188, 266.392784
351, 241.330777
1134, 253.029151
350, 210.289869
1136, 208.951180
363, 287.806400
365, 312.919127
364, 214.400183
367, 239.038661
369, 206.620745
1077, 229.221800
375, 209.142869
374, 234.783219
1046, 229.095823
386, 224.012853
396, 168.616430
1041, 234.956378
415, 269.110169
411, 240.104284
408, 283.290626
410, 254.428862
421, 228.438974
994, 227.409136
982, 201.922924
429, 258.938629
434, 202.757208
436, 233.187257
935, 165.233517
439, 225.479913
460, 250.735242
911, 162.348754
921, 255.090850
902, 271.680847
479, 229.956674
480, 181.805623
871, 259.408600
892, 243.135342
838, 282.657943
843, 242.917572
854, 222.862640
810, 220.554954
815, 258.484359
510, 256.324081
828, 226.846663
521, 216.969241
773, 190.766358
785, 296.318285
517, 220.019854
584, 184.163694
540, 193.760369
542, 268.970968
581, 196.152396
571, 270.168346
743, 197.969572
760, 194.035210
768, 222.206124
587, 215.603226
593, 240.308499
659, 243.671864
596, 210.361260
617, 177.940230
637, 166.183615
663, 305.174233
676, 181.747086
695, 297.216886
726, 277.520163
703, 249.770028
196, 260.192419
230, 329.888977
194, 283.054679
222, 284.704623
251, 266.196429
264, 328.070350
259, 256.554249
258, 194.058060
1345, 220.149345
274, 206.436429
1284, 278.901501
1260, 197.721954
1363, 218.891517
296, 217.282027
1238, 156.313059
301, 256.413455
1225, 170.927526
1214, 210.602545
1222, 246.915071
308, 246.688993
319, 227.518830
1174, 219.758102
1164, 220.435437
1182, 235.901172
1191, 255.097781
348, 235.707998
1149, 279.132268
1157, 213.993627
337, 145.936844
1097, 236.175980
361, 254.234454
362, 243.207458
1123, 245.304852
1086, 299.683271
1065, 224.761028
384, 209.822631
1073, 173.956889
1054, 259.812027
1059, 291.126815
395, 262.642049
1038, 245.626072
1003, 272.171651
998, 261.361113
416, 253.190318
1018, 283.242674
969, 311.752797
987, 253.773241
986, 216.635118
988, 311.179318
444, 243.039038
941, 205.429615
937, 225.185707
942, 203.801671
912, 185.505571
924, 195.316313
927, 196.024636
929, 198.057873
466, 297.725775
875, 232.007088
891, 175.186414
476, 236.490735
841, 259.321546
866, 256.719100
867, 101.019234
808, 172.174211
509, 174.924020
505, 262.078795
835, 173.248602
518, 242.777299
794, 249.351147
522, 231.466786
799, 248.752431
620, 232.136876
529, 249.029379
531, 261.720834
575, 233.075500
770, 226.969432
740, 289.149520
562, 231.615961
647, 281.576295
689, 182.543301
598, 288.878742
687, 245.451351
635, 206.791221
640, 225.290914
675, 226.679467
672, 272.472351
720, 355.764094
724, 304.368906
725, 295.452795
710, 158.955458
1315, 255.849410
1307, 231.278692
1338, 285.576385
1317, 248.696684
252, 278.180446
1333, 228.076355
1312, 275.042630
1405, 280.083866
1347, 251.066407
1321, 250.414114
1262, 254.558478
1285, 273.301941
1276, 293.949070
1283, 288.371752
1241, 337.703075
1251, 333.889822
1253, 315.774183
1234, 285.733661
1210, 359.382217
1221, 332.987376
1220, 317.575929
1198, 311.561495
324, 309.400281
325, 320.121556
1168, 189.904081
1167, 367.226930
1155, 293.278202
1144, 252.153953
1147, 270.826864
1158, 304.551143
359, 282.900902
1121, 318.425391
1117, 287.834341
1150, 254.560214
1079, 265.364780
1082, 259.902565
378, 257.165334
1063, 215.919166
1035, 261.372088
1057, 226.195161
385, 169.879822
392, 299.140139
413, 317.291142
1020, 250.844363
1008, 218.172394
1016, 256.219312
975, 230.421466
977, 195.713043
976, 264.762341
981, 259.799459
947, 382.633996
963, 256.683224
944, 218.819770
961, 192.870592
453, 239.021512
450, 250.555631
451, 270.730018
449, 308.405922
472, 344.175462
873, 304.344989
900, 271.955421
475, 313.122225
850, 301.037797
868, 211.959048
490, 262.431659
495, 297.703070
814, 216.122902
511, 301.485206
816, 233.864056
813, 277.912240
795, 246.257728
524, 328.285781
779, 261.753272
786, 289.675556
546, 306.822280
580, 334.616346
548, 347.114405
583, 297.442495
753, 292.844447
765, 304.029389
746, 222.769478
751, 261.855647
588, 242.687002
585, 240.613106
657, 325.670272
644, 247.115900
602, 280.375352
669, 196.546008
609, 188.791765
619, 229.252671
699, 297.746930
700, 193.077551
1396, 253.019594
729, 333.882992
206, 242.428157
1309, 297.059914
1304, 197.845754
1314, 282.570594
1364, 288.063839
1322, 268.046695
1339, 317.351237
1352, 347.592180
1397, 289.261757
1359, 254.703760
1299, 344.271377
1273, 216.674534
278, 229.094620
1275, 280.657530
1280, 335.577945
1243, 277.238643
1240, 235.712320
1229, 254.608540
1257, 303.354040
1202, 276.545451
1211, 248.496710
1217, 229.143737
1206, 263.836084
1163, 210.149617
1187, 284.532752
1172, 249.167992
1176, 254.932908
1154, 240.308220
1156, 250.742275
1137, 274.865709
1139, 255.671415
1113, 247.469147
1095, 206.258447
1126, 259.337633
366, 284.308009
1064, 274.021210
1081, 215.144417
1075, 238.976709
1091, 262.481664
1060, 239.307863
1053, 153.817174
1033, 234.842717
1039, 229.504907
1010, 192.376448
1001, 272.631081
1026, 219.207228
1005, 286.484697
456, 230.388711
980, 242.884534
983, 203.759105
989, 124.981826
952, 237.120662
951, 260.693607
943, 245.897431
949, 231.155732
905, 200.023297
915, 238.421067
965, 318.659157
923, 256.657157
897, 261.765840
895, 279.397790
474, 237.347548
899, 253.674303
839, 334.265512
858, 226.677790
847, 222.564208
486, 297.369326
825, 238.830104
823, 247.210809
822, 241.711152
806, 269.633008
781, 208.176823
780, 208.935820
520, 281.229401
784, 249.496810
561, 204.031243
557, 232.218509
579, 264.317846
552, 260.159846
741, 294.128598
761, 244.984569
1391, 255.386189
763, 234.250985
655, 335.248872
658, 266.905467
677, 292.459106
678, 188.633814
674, 259.666599
615, 217.417270
673, 220.423644
627, 252.383300
771, 171.983947
705, 224.814102
735, 137.358577
696, 141.924818
1318, 300.458372
1311, 264.475676
1344, 312.790354
1340, 352.377518
1398, 249.407423
1310, 264.264190
1319, 279.440403
1327, 317.124425
1271, 354.370163
1270, 307.782376
1267, 250.256581
1278, 244.015480
1230, 325.105919
1245, 317.401739
1233, 324.713678
292, 266.885932
1219, 252.935023
1196, 258.007773
1193, 272.449229
1215, 282.496870
1165, 280.442361
1170, 298.193528
1177, 186.804726
1185, 249.019280
1130, 278.975839
1152, 236.499419
1368, 335.169416
1160, 225.443815
1124, 293.133584
1114, 260.006822
1106, 252.957936
1119, 286.659557
1090, 235.933631
382, 331.546727
1080, 243.277345
1069, 195.525507
1030, 267.199231
1032, 264.668830
1050, 238.852515
1037, 250.479164
405, 243.099283
1022, 249.115487
1004, 256.132858
1013, 206.812103
984, 305.990298
970, 251.406780
991, 270.802488
993, 225.048651
938, 266.954167
957, 263.189516
956, 285.992443
959, 282.131775
916, 264.479644
925, 205.874699
918, 260.367566
913, 233.193487
887, 177.566759
896, 279.919458
469, 349.824256
893, 187.159225
855, 223.668703
488, 259.479029
851, 290.082127
862, 276.109523
807, 216.274714
827, 296.635396
820, 297.231832
821, 200.009658
796, 268.542503
790, 221.007301
778, 255.004755
776, 257.424161
560, 226.570102
538, 304.418907
544, 275.678043
530, 248.440451
754, 196.787655
748, 303.570621
745, 280.040135
756, 198.129880
648, 233.782067
686, 245.791553
682, 316.600194
691, 206.067883
607, 251.530934
661, 290.142854
633, 238.037619
611, 267.801642
692, 283.682473
715, 210.986238
737, 248.121562
738, 315.087028
1406, 124.099473
1337, 139.952936
1356, 251.878004
1399, 366.565070
1302, 334.476785
1303, 371.887035
1401, 284.566566
1341, 375.329920
1316, 348.844152
1442, 280.755009
1269, 352.232294
1272, 350.667710
1263, 316.516126
1255, 217.350934
1256, 226.355448
1254, 255.290038
1226, 386.736832
1201, 195.285393
1195, 292.301271
1199, 287.509242
1194, 326.179014
1183, 305.221748
1166, 286.571132
332, 243.201637
1425, 334.360868
1429, 250.991453
1133, 250.526162
1427, 186.605211
1369, 295.563514
1096, 281.151863
1108, 229.112714
1107, 251.768972
1125, 280.284975
1084, 222.228655
1089, 212.391288
377, 265.032801
1076, 228.573898
1043, 275.780627
1058, 187.435494
1044, 306.229312
393, 355.574191
1027, 278.130625
1025, 244.381952
1373, 294.281171
1023, 235.295534
995, 205.195531
992, 182.856995
967, 206.974425
978, 281.664092
446, 257.511166
962, 227.489152
953, 210.616753
945, 255.459187
463, 316.435526
455, 248.885936
904, 228.718859
917, 224.526353
886, 237.276516
898, 332.817525
885, 284.073211
470, 277.956272
844, 201.940400
837, 271.009528
860, 201.340429
848, 225.131022
830, 184.161887
819, 283.420161
1385, 338.656746
824, 219.211863
802, 254.367584
793, 238.513840
792, 185.629298
798, 255.642384
537, 268.358997
624, 318.450775
554, 237.294736
621, 304.643584
744, 326.663736
1507, 305.606533
750, 231.205963
1508, 311.101817
680, 290.752233
653, 345.558558
652, 355.033268
645, 213.188826
632, 245.117794
630, 263.084399
616, 262.117814
665, 259.951664
730, 238.237364
698, 289.194644
739, 291.650354
736, 160.506762
1288, 309.437863
1330, 387.079534
1328, 381.354420
1326, 311.318568
1325, 386.153881
1353, 423.770922
1348, 380.662123
1334, 351.729562
1332, 387.174478
1446, 180.006478
1441, 359.050575
1439, 320.443532
1438, 353.458272
1248, 314.894929
1247, 343.443567
1246, 363.762579
1236, 370.751812
1213, 304.671548
1212, 319.468031
1208, 286.011469
310, 358.244046
1417, 251.629227
1416, 314.614541
1415, 320.728003
1413, 264.766241
1437, 334.538435
1435, 252.054247
1426, 260.242072
1159, 142.591492
1104, 211.995658
1105, 240.898595
1101, 257.728977
1100, 238.767958
1092, 243.445518
1088, 271.031996
1085, 238.289475
1066, 261.247258
1468, 239.126708
1045, 286.538053
1036, 271.009341
399, 173.552950
1374, 254.095857
1476, 298.112005
1019, 238.479987
999, 353.048234
972, 256.469862
968, 220.639013
966, 207.384254
425, 267.276903
1489, 281.187236
1488, 360.383635
1378, 230.383936
964, 284.443367
914, 354.324143
906, 275.066204
901, 272.141568
462, 246.195212
888, 221.400579
882, 194.689892
877, 273.572786
870, 341.668591
1548, 347.736397
1384, 230.654936
863, 364.834430
861, 283.822367
1501, 348.562982
833, 349.812050
831, 226.354045
829, 341.342123
791, 232.819218
783, 253.449553
782, 218.105716
774, 274.094648
618, 251.350191
578, 304.743845
545, 291.461319
533, 260.856314
764, 382.114536
755, 339.757479
564, 352.483597
565, 361.655221
1518, 378.481146
1516, 366.007571
690, 244.161431
646, 362.496953
642, 304.879791
613, 291.022366
612, 329.527741
610, 308.811452
1543, 344.274242
1538, 285.160489
1537, 330.805857
693, 347.306041
1289, 318.049884
1295, 362.588035
1354, 363.326336
1336, 361.041007
1350, 339.246778
1403, 315.503548
1294, 314.394159
1360, 314.923233
1444, 234.427118
1445, 266.501673
1266, 292.144063
1264, 296.139888
1450, 266.917823
1250, 285.498495
1239, 294.178096
1228, 284.719171
1218, 267.698396
1203, 257.079080
1197, 249.126596
1192, 264.927860
1424, 218.497564
1421, 278.772727
1423, 231.887729
1175, 230.133147
1428, 265.015493
1430, 257.608526
1432, 272.907156
1433, 307.650818
1458, 230.026157
1112, 238.487486
1459, 268.391477
1455, 267.248798
1372, 202.884233
1371, 215.056885
1463, 233.942385
1462, 268.308451
1028, 232.599440
1031, 240.605339
1470, 302.837985
1469, 309.506712
1479, 321.731766
1006, 303.306979
1478, 264.393114
1021, 207.740471
985, 188.751855
973, 336.353359
1376, 272.199623
1481, 327.021714
1487, 307.401540
1492, 207.981740
1490, 227.454102
954, 235.614923
920, 279.904807
922, 251.042864
908, 230.793210
919, 180.118209
889, 318.950669
883, 193.917306
890, 211.694099
884, 274.421821
865, 285.886177
852, 183.129253
842, 217.494861
857, 246.906515
1498, 415.467428
1499, 207.928275
826, 221.916128
1387, 317.193790
1386, 288.189832
803, 254.993001
804, 168.244476
800, 326.304766
1389, 257.180558
622, 316.697972
625, 244.511074
595, 218.682408
1512, 294.830326
1510, 281.123348
1511, 302.084770
1513, 295.094533
1521, 297.146414
1517, 290.255652
1524, 340.648393
1519, 309.445743
1528, 233.246010
1531, 333.292448
1530, 250.891875
1529, 262.429212
1540, 339.024576
701, 216.030011
694, 354.752740
1539, 299.820191
1409, 408.954908
1411, 359.902011
1407, 370.559147
1335, 321.667912
1290, 313.513004
1408, 372.027840
1404, 363.574528
1358, 337.378363
1355, 347.724178
1443, 263.206965
281, 299.021625
1440, 280.854888
1277, 283.611494
1249, 258.646456
1453, 273.514888
1452, 240.847711
1451, 265.308751
1223, 233.433919
1449, 275.312801
1448, 269.189035
1447, 227.029313
1527, 262.466065
1422, 227.832448
1414, 220.638750
1558, 268.817547
1436, 246.018690
1431, 232.426474
1142, 188.118922
1434, 237.257099
1120, 285.785322
1456, 261.888950
1457, 245.186492
1461, 252.878221
1465, 311.774656
1464, 191.208663
1467, 212.891512
1093, 146.975412
1048, 199.122675
1471, 280.777801
389, 202.640112
1472, 236.849947
1480, 221.090124
1475, 218.374042
1477, 186.930538
1024, 239.467586
1482, 159.839112
974, 265.070588
1483, 276.552668
1485, 284.059260
955, 239.510572
1486, 220.223604
1497, 295.576170
1491, 235.333672
903, 216.036141
1551, 329.355477
1380, 176.848547
909, 196.244925
1493, 182.907752
1381, 240.252111
1382, 219.131872
1494, 317.789247
864, 240.269505
1547, 249.563522
1383, 310.495673
1549, 244.325622
1500, 347.986623
1503, 340.762341
1502, 234.337564
1504, 422.822092
525, 216.282118
1553, 94.824703
1388, 312.354199
1554, 188.499425
1556, 291.094117
1559, 262.178805
626, 276.222987
1557, 282.910172
567, 206.675031
1509, 317.454653
1514, 264.903321
F11, 512.201635
1522, 282.049372
1525, 236.989286
1523, 280.670418
1526, 259.295634
614, 160.023058
668, 210.834146
1533, 322.795541
1532, 246.342751
1542, 258.277125
1544, 268.738187
1541, 231.672201
1545, 348.346294
2005, 206.125396
2012, 307.951541
2011, 269.777857
2010, 304.742303
2008, 230.071636
2022, 318.157916
2018, 289.081976
2017, 290.433102
2016, 262.754192
2698, 305.537362
2689, 296.697630
2663, 288.809780
2653, 273.209830
2734, 263.969860
2726, 273.819356
2712, 301.447698
2707, 260.461439
2790, 239.210786
2785, 298.396195
2766, 294.070701
2758, 259.908124
2852, 310.518566
2844, 260.652085
2825, 287.491986
1419, 242.708194
2901, 302.169270
2889, 261.813844
2883, 313.312363
2882, 291.305833
2951, 190.968777
2946, 263.311348
2938, 326.780426
2937, 265.257064
3014, 288.208114
2999, 271.406243
2986, 277.845385
2973, 252.882796
3044, 216.669155
3057, 321.586614
3064, 279.338422
3053, 295.100088
3117, 287.714604
3110, 262.109079
3108, 283.373517
3072, 274.362406
3151, 277.202954
3141, 289.534582
3136, 282.674562
3153, 264.345439
3183, 298.796340
3178, 278.136557
3177, 258.604198
3175, 252.588680
3201, 267.521557
3519, 299.587972
3550, 284.875848
3191, 238.344594
3498, 322.352830
3511, 310.676067
3507, 299.223857
1495, 296.218737
3372, 274.236674
3371, 312.836599
3221, 298.181453
3394, 256.163338
3267, 320.024992
3271, 286.352848
3268, 320.510288
3240, 282.134946
F111, 472.208786
F104, 383.829997
F61, 342.708122
F60, 455.398631
F51, 466.534700
F54, 460.825042
F53, 445.818509
F52, 414.807809
F58, 430.714036
F57, 450.886534
F55, 440.839208
F38, 473.172365
F45, 477.533349
F69, 429.655963
F68, 427.200358
F30, 303.970665
F71, 418.614338
F70, 460.906557
F47, 411.028495
F72, 464.003993
F64, 474.308133
F49, 521.882044
F65, 465.727513
F48, 411.173556
2014, 300.545205
2006, 299.286911
2002, 295.222909
214, 264.905787
2026, 312.375375
2020, 300.256840
2019, 290.715305
2015, 350.410111
2061, 254.303224
2029, 355.978041
2028, 328.071008
2027, 327.516426
2691, 349.052888
2677, 327.174937
2675, 304.260354
2700, 323.835007
2750, 312.461150
2746, 333.294019
2737, 332.993735
2729, 315.346617
2791, 286.664059
2756, 339.410491
2754, 290.782801
2793, 322.273826
2855, 305.709379
2831, 299.471440
2826, 329.513178
2812, 297.279363
2881, 288.703519
2880, 308.089807
2875, 325.115693
2876, 347.032914
2955, 335.376750
2950, 329.870676
2943, 314.455930
2926, 292.478812
2989, 314.801948
2984, 303.182701
2982, 360.206088
2987, 412.364714
3052, 345.103630
3049, 359.799618
3042, 327.705958
3028, 307.518339
3099, 327.106380
3092, 354.133009
3089, 340.991493
3096, 336.642291
3143, 297.565138
3142, 350.768426
3129, 311.179459
3164, 332.736951
3635, 267.664448
3181, 311.329462
3179, 287.577000
3176, 251.448675
3591, 276.864202
3551, 280.429506
3535, 283.177729
3531, 311.587575
3205, 300.474613
3481, 324.538081
3428, 353.237576
3212, 315.347965
3396, 291.558620
3379, 348.256732
3359, 337.525945
3331, 324.042668
3290, 382.561444
3282, 374.905008
3253, 347.524677
3237, 304.723074
F150, 340.350942
F100, 462.015373
F89, 490.602455
F82, 480.235168
F148, 501.838231
F144, 454.465534
F37, 396.564295
F163, 409.748342
F160, 447.175514
F88, 409.822094
F80, 447.061344
F133, 506.088820
F129, 430.327371
F93, 499.758601
F28, 254.925954
F180, 395.888075
F179, 438.093477
F113, 429.937158
1534, 308.976031
F126, 58.688757
F77, 175.036515
2013, 253.613897
2024, 311.986316
2025, 313.475017
2032, 245.136166
2062, 217.672843
2063, 334.634695
2064, 263.079575
2066, 266.625243
2070, 285.129417
2071, 350.674811
2021, 372.567490
2651, 285.004820
2656, 309.161441
2662, 329.056889
2699, 313.443773
2718, 295.650777
2727, 253.384216
2730, 286.172663
2744, 319.401295
2781, 340.072896
2765, 306.016778
2786, 313.798922
2799, 366.549128
2878, 280.665377
2837, 276.626935
2854, 273.161994
2846, 300.016300
2872, 335.203810
2885, 303.425633
2869, 311.261756
2866, 321.775165
2919, 294.809430
2924, 292.610093
2931, 304.581546
2936, 276.168740
2970, 324.521795
2991, 272.766200
3013, 331.166774
2997, 331.143423
3065, 293.933346
3050, 346.697064
3061, 325.742540
3068, 303.356771
3091, 296.015798
3074, 281.732351
3076, 319.264778
3115, 337.068515
3145, 283.653068
3161, 323.944858
3173, 284.021403
3126, 316.794258
3185, 304.473985
3186, 316.457060
3189, 406.417078
3187, 336.053387
3571, 338.345872
3592, 305.186062
3576, 346.969291
3558, 304.537278
3485, 313.820473
3494, 355.608385
3490, 317.100882
3491, 328.176726
3421, 312.978900
3367, 353.169013
3410, 374.153254
3415, 312.363251
3283, 362.224672
3293, 393.365416
3300, 373.315859
3305, 362.405544
F31, 506.178769
F101, 492.478721
F103, 497.057287
F152, 581.556314
F137, 542.825105
F142, 473.411025
F143, 557.710499
F146, 546.705599
F75, 447.447221
F85, 524.036654
F159, 491.413017
F161, 524.744301
F90, 534.873936
F92, 540.180496
F96, 437.629067
F128, 477.946092
F63, 441.895470
F112, 439.319260
F116, 553.646649
F120, 493.216572
F122, 473.928982
F40, 508.563342
F193, 497.187784
F194, 479.368787
2056, 276.322695
2052, 242.657028
2049, 301.683629
2042, 322.273411
2037, 296.178789
2047, 338.130659
2035, 324.234059
2059, 328.624129
2050, 333.310948
2051, 299.930129
2697, 353.994174
2683, 385.550079
2679, 370.702959
2659, 341.818431
2724, 384.360470
2748, 299.975380
2733, 298.931914
2747, 359.471007
2789, 344.188325
2767, 339.890226
2803, 352.081220
2768, 354.896925
2827, 408.286968
2822, 371.511396
2819, 369.659441
2814, 362.521248
2863, 369.675516
2862, 356.944592
2864, 421.205541
2870, 367.643352
2915, 371.069237
2917, 365.904360
2945, 346.960721
2940, 329.957448
2977, 340.522711
2985, 329.314998
3884, 389.192039
2979, 372.540921
3036, 359.732377
3039, 354.171568
3025, 331.878659
3040, 313.113154
3104, 367.085402
3114, 399.436551
3084, 382.815028
3090, 408.773952
3155, 332.708163
3148, 341.047884
3147, 365.964832
3128, 366.030613
3180, 406.432082
3174, 424.983367
3615, 338.094613
3182, 376.719361
3192, 336.496715
3200, 362.635097
3199, 385.994450
3197, 345.325425
3449, 360.743106
3439, 372.063087
3471, 383.932256
3204, 322.071428
3332, 395.236923
3330, 397.437679
3405, 330.033255
3398, 394.846600
3325, 308.957598
3270, 348.932557
3233, 322.345091
3273, 336.336438
F151, 498.517294
F110, 480.079308
F36, 481.838701
F23, 312.041748
F138, 446.333307
F109, 412.246174
F106, 425.486787
F105, 477.772394
F84, 365.792786
F59, 426.805099
F26, 295.183139
F50, 374.047409
F21, 314.885821
F34, 321.961216
F95, 414.079018
F97, 411.377213
F118, 465.515479
F46, 487.785560
F99, 501.622062
F44, 491.169092
F74, 489.899849
F29, 320.412059
F117, 497.474924
2033, 247.270858
2036, 259.924707
2038, 278.099951
2041, 301.061740
2043, 248.549373
2048, 262.472013
2060, 325.972951
2095, 288.058674
2139, 255.772416
2141, 248.994573
2146, 262.703752
2152, 293.494947
2687, 315.448842
2682, 286.216270
2670, 306.247101
2664, 278.966242
4146, 321.159461
2713, 290.540366
2702, 273.773670
2701, 262.680819
2796, 298.886220
2764, 315.013310
4104, 258.128849
4100, 267.386866
4051, 332.370446
4049, 302.457225
2836, 322.583096
2835, 325.094396
4004, 338.615843
3953, 360.700291
3961, 365.908883
2861, 313.807666
2962, 289.286218
2913, 317.295323
2925, 329.391755
3945, 316.099374
3868, 323.450085
3859, 351.118932
3010, 306.466966
2994, 315.209803
3822, 299.490355
3066, 346.217492
3035, 319.058783
3017, 334.421506
3111, 307.517989
3792, 339.321780
3073, 311.984268
3118, 313.747308
3154, 265.935481
3124, 283.565657
3132, 302.318252
3122, 267.548258
3627, 295.993297
3618, 293.113563
3616, 255.862641
3188, 272.765560
3198, 290.215339
3195, 303.898028
3190, 249.745461
3194, 278.415485
3484, 329.196931
3466, 297.080704
3444, 300.572267
3207, 219.961163
3404, 314.055465
3224, 302.175326
3381, 272.661846
3365, 261.048450
3238, 301.528274
3261, 280.894590
3245, 288.737220
3241, 266.156970
F154, 486.987186
F102, 467.104987
F67, 555.821218
F66, 482.664977
F139, 535.253448
F108, 460.991926
F107, 454.916451
F32, 525.325866
F79, 439.025460
F76, 476.825813
F56, 505.883621
F27, 321.448381
F127, 499.880857
F131, 484.618386
F91, 499.506514
F62, 438.163651
F182, 482.469779
F115, 465.373610
F114, 445.241867
F98, 439.098303
F192, 453.043339
F191, 418.055267
F121, 365.909959
F42, 419.793472
2180, 320.071554
2179, 662.192067
2117, 278.322225
2110, 267.013558
2196, 298.067084
2186, 294.773406
2185, 298.350987
2183, 265.502759
2342, 340.233616
2326, 313.577800
2219, 327.203382
2212, 334.686533
4243, 302.186763
4202, 281.763075
4182, 307.086765
4172, 270.301111
2741, 281.786534
2743, 235.941274
2732, 252.799526
2722, 262.880617
2798, 300.482824
2792, 274.014513
2787, 275.977628
2774, 293.639746
2813, 271.729451
2833, 300.337386
2816, 271.443913
2815, 260.653801
2860, 268.042783
2859, 244.215882
2858, 262.647420
2857, 298.574881
3034, 345.974876
2933, 293.021609
2932, 305.033391
2912, 299.417638
3011, 296.237032
2995, 309.142855
2976, 312.132091
2966, 260.760667
3060, 279.902316
3051, 326.816293
3030, 322.619875
3020, 279.592286
3772, 316.075467
3761, 335.896607
3098, 321.452644
3780, 336.398968
3726, 300.907817
3723, 304.511039
3133, 315.297292
3150, 343.317235
3692, 231.939420
3623, 304.010877
3619, 297.755606
3640, 326.572832
3562, 292.345661
3196, 309.224231
3193, 303.334989
3538, 270.520463
3457, 347.395073
3429, 313.320314
3447, 284.510201
3425, 288.023641
3419, 340.252371
3220, 353.009611
3418, 290.822202
3358, 239.169682
3304, 249.096561
3288, 304.544080
3246, 296.640858
3287, 255.926062
F261, 515.790366
F266, 451.967517
F202, 551.995579
F201, 489.058177
F141, 644.479887
F274, 553.452972
F214, 483.531934
F145, 454.300715
F157, 491.358884
F165, 464.684691
F158, 466.331996
F87, 362.756423
F177, 504.856298
F134, 446.442083
F132, 468.105302
F130, 476.137866
F243, 469.695812
F184, 537.905559
F183, 459.692435
F181, 520.242787
F199, 469.355224
F197, 524.598786
F123, 392.858604
F78, 452.684755
2111, 290.284453
2126, 221.005989
2142, 335.617734
2169, 306.880975
2171, 268.122787
2193, 288.389261
2213, 352.422398
2201, 306.674811
2695, 288.119034
4177, 281.545002
4209, 274.065267
4302, 305.459418
2711, 371.440102
4131, 221.520900
4143, 320.157963
4150, 333.013511
2800, 307.040543
4088, 326.824083
4093, 201.590156
4096, 366.829783
2839, 330.220882
2849, 306.331966
2871, 333.750373
2877, 350.080472
2874, 421.142109
2884, 320.542230
2888, 341.364305
3982, 319.508940
2921, 356.465338
2941, 385.055671
2961, 328.466705
3911, 368.357498
3007, 383.541560
2992, 332.326871
3871, 334.982003
3858, 355.268813
3045, 358.752128
3038, 343.064741
3816, 348.970061
3837, 338.782859
3097, 388.251276
3788, 316.684534
3789, 284.955275
3786, 378.749896
3146, 355.077994
3159, 305.050230
3696, 348.007502
3166, 283.261054
3630, 402.088069
3628, 373.424131
3642, 332.174896
3678, 342.455132
3537, 313.500962
3543, 261.164647
3554, 271.047742
3599, 306.533193
3515, 345.171765
3459, 326.402964
3489, 367.575269
3493, 317.978581
3217, 309.757365
3219, 376.528894
3352, 348.785583
3350, 492.355914
3243, 343.943626
3310, 302.978608
3322, 317.239914
3329, 397.952122
F22, 389.382541
F206, 433.418586
F210, 646.865921
F621, 344.305862
F213, 561.213530
F220, 518.742122
F271, 502.680413
F277, 514.094063
F166, 466.737549
F168, 638.568569
F222, 590.281636
F223, 654.571339
F135, 477.063308
F136, 543.585515
F169, 497.925160
F172, 659.300297
F185, 575.264744
F188, 508.204907
F190, 549.247080
F246, 702.611744
F196, 404.726953
F200, 356.034509
F252, 731.536096
2104, 302.505225
2092, 276.554691
2089, 266.140561
2069, 233.525884
2143, 290.633473
2140, 257.504119
2130, 244.908857
2128, 278.786662
2195, 324.094712
2194, 307.564948
2187, 275.535305
2161, 284.538773
2681, 257.265494
2680, 258.160779
2669, 273.377249
2661, 239.369979
2716, 259.717130
2709, 279.322383
2703, 272.187610
2204, 268.529255
4079, 253.174154
4071, 262.661419
4065, 242.972540
2755, 249.500386
4050, 292.137529
4042, 277.044356
4026, 274.981914
2851, 229.949113
3995, 265.096063
3967, 257.920154
2896, 248.515174
2895, 232.781268
3925, 275.640852
3912, 251.827575
2952, 244.715801
2949, 248.347556
3875, 237.675330
3864, 271.414083
3860, 273.167947
2968, 247.634391
3835, 249.042825
3062, 288.287077
3059, 301.063757
3046, 261.861968
3100, 290.099883
3101, 311.279667
3083, 319.027030
3779, 242.495572
3743, 277.503676
3734, 310.451291
3725, 367.336114
3699, 254.416323
3676, 351.270829
3684, 371.997481
3675, 315.112072
3672, 325.688124
3536, 325.866685
3572, 314.268692
3557, 339.493616
3553, 316.090826
3454, 367.547904
3453, 323.774105
3434, 345.244303
3433, 364.214966
3413, 337.173948
3412, 342.888322
3357, 349.734504
3341, 344.170864
3292, 352.615448
3266, 362.485453
3260, 346.986105
3259, 305.067448
F269, 528.320985
F268, 772.456675
F267, 527.435848
F264, 506.684493
F340, 655.276880
F275, 559.591981
F273, 523.828962
F216, 576.314140
F282, 530.699011
F228, 530.488338
F226, 551.591584
F224, 589.004102
F234, 513.286081
F232, 542.639066
F176, 514.749295
F173, 527.301632
F249, 534.225234
F242, 519.758963
F241, 539.066371
F186, 499.406293
F371, 388.325677
F255, 439.397083
F254, 529.770291
F251, 562.480574
2068, 213.380583
2083, 280.409068
2088, 285.581831
2093, 287.600709
2102, 230.294201
2106, 260.178709
2108, 271.832334
2112, 274.617847
2113, 285.275696
2114, 262.062110
2158, 313.551769
2184, 228.870573
2654, 292.088992
2657, 279.188364
2672, 304.144778
2693, 281.733717
2706, 274.547702
2731, 281.155522
2738, 273.926573
2745, 282.420937
2760, 248.249161
2771, 283.041866
4066, 266.290366
4336, 279.456732
2842, 275.046600
2843, 277.370689
2848, 287.741168
4025, 268.047832
2867, 280.601617
2887, 265.181598
2899, 260.476638
2909, 269.018351
2910, 291.002241
2916, 321.528269
2918, 325.136746
2930, 306.805491
2993, 311.027408
3876, 314.820152
3009, 278.618558
2983, 332.936055
3027, 242.347093
3041, 271.591047
3848, 274.432567
3058, 273.318502
3105, 313.046463
3081, 271.026369
3102, 275.985784
3109, 281.942772
3134, 297.503855
3139, 272.797688
3163, 296.740167
3611, 322.907556
3666, 335.044249
3662, 295.140455
4331, 276.533387
3565, 267.704735
3545, 284.216116
3567, 288.050795
3575, 284.029840
3213, 261.957461
3446, 303.055217
3470, 330.324334
3472, 292.121087
3361, 389.276835
3393, 412.832974
3416, 385.951316
3422, 415.105398
3249, 436.581541
3295, 376.235435
3298, 353.254731
3291, 347.709377
F205, 531.956337
F207, 579.260787
F209, 556.414994
F270, 474.521213
F215, 474.752061
F272, 479.080859
F278, 451.608274
F331, 470.881760
F225, 527.481950
F227, 510.913724
F229, 434.157361
F230, 424.750744
F178, 491.875821
F170, 462.551646
F236, 410.039845
F237, 485.678144
F187, 445.987875
F245, 456.300261
F248, 499.182074
F250, 539.765997
F257, 558.380928
F259, 472.354825
F260, 410.881012
F311, 356.983854
2044, 306.062300
2039, 275.574163
2023, 290.907809
2004, 307.124105
2073, 345.526135
2072, 299.387912
2055, 298.769152
2045, 321.389643
2099, 286.925019
2098, 306.670841
2097, 286.023072
2075, 317.763701
2668, 332.150346
2650, 314.945972
2649, 358.807920
4201, 330.622856
4110, 372.120162
2751, 299.486725
2742, 305.748247
2714, 307.572068
2773, 341.990546
2769, 304.373702
2762, 317.263629
2753, 304.345234
2818, 298.091780
2810, 246.776236
2806, 263.817609
2809, 283.686412
2900, 263.067855
2908, 248.404157
2886, 273.586620
2865, 269.223569
2939, 261.155260
2934, 268.065448
2923, 277.831612
2920, 291.093437
2974, 285.502143
2981, 285.334673
2980, 298.388808
2967, 257.814168
3029, 261.736560
3019, 273.147202
3018, 250.513940
3021, 286.579295
3087, 276.269495
3071, 260.196398
3070, 287.136606
3086, 271.680937
3152, 292.956102
3144, 306.111489
3127, 286.917310
3125, 311.667023
3658, 308.328537
3683, 291.500846
3679, 294.843061
3653, 276.859231
3566, 268.903385
3589, 286.476462
3580, 284.040935
3570, 289.947580
3482, 278.125744
3488, 295.183448
3440, 280.752416
3424, 287.804295
3340, 340.699135
3337, 332.435747
3216, 304.049914
3214, 282.155407
3234, 277.751901
3285, 309.360988
3275, 325.910806
3269, 279.530397
F382, 468.186805
F325, 456.287830
F381, 496.952908
F322, 455.311795
F332, 446.913968
F218, 505.776968
F164, 471.525861
F276, 490.650926
F342, 500.543981
F334, 558.093039
F286, 514.804610
F285, 399.705768
F296, 413.478567
F239, 438.252722
F235, 412.252373
F175, 470.552139
F361, 534.630554
F306, 485.751888
F305, 565.332529
F301, 480.990745
F372, 463.245580
F318, 432.135250
F316, 378.670160
F314, 442.189428
2031, 294.904355
2034, 268.582721
2085, 270.146853
2087, 268.572567
2094, 270.306883
2105, 271.599653
2107, 321.282577
2123, 316.631270
2133, 318.632166
2144, 341.393265
2192, 344.955833
2165, 391.887755
2655, 371.790327
2666, 346.588240
2686, 334.258796
4206, 281.955216
2723, 244.428526
4154, 276.656341
4280, 262.776883
4319, 231.138449
2761, 216.798510
2779, 324.140231
4107, 256.561240
4352, 317.407520
2823, 252.470012
2829, 274.315262
2817, 286.048129
2811, 213.177132
2856, 284.467829
2879, 297.953508
2890, 283.434127
2897, 268.896723
2911, 225.934145
2948, 256.026226
2957, 274.295334
2960, 272.454773
2963, 291.530070
2975, 254.478984
2990, 250.283797
2998, 228.799139
3022, 227.788203
3054, 254.380167
3047, 268.395701
3026, 227.272608
3079, 274.879956
3078, 260.853960
3077, 318.274598
3075, 294.477234
3130, 254.030567
3747, 288.217431
3149, 304.788068
4330, 236.399041
3620, 331.035788
3652, 327.483096
3667, 287.162207
3669, 303.662432
3533, 277.509484
3555, 322.926939
4311, 314.739471
3579, 281.373816
3209, 383.498916
3448, 346.251165
3469, 382.658467
3499, 335.567313
3376, 394.807647
3399, 348.127139
3403, 387.997870
3414, 378.175466
3235, 313.558909
3272, 307.457882
3278, 299.337282
3302, 306.929813
F208, 502.985838
F265, 625.053214
F329, 545.103573
F330, 581.654509
F212, 453.447560
F279, 476.622922
F335, 470.393140
F399, 412.835145
F162, 502.188425
F167, 528.033889
F289, 521.339036
F403, 533.021375
F238, 536.721158
F294, 559.082455
F295, 476.901027
F297, 501.580102
F189, 537.965300
F247, 570.793636
F302, 568.429666
F362, 576.915107
F256, 520.276948
F313, 628.771214
F376, 542.515273
F611, 341.879183
2168, 319.979988
2166, 281.707439
2157, 295.052915
2122, 257.948920
2189, 293.871371
2182, 277.484013
2181, 295.377917
2172, 268.596461
2259, 269.678694
2217, 298.676286
2211, 273.995432
2191, 261.706329
4223, 326.736755
2692, 327.838147
2690, 346.949461
4185, 342.872692
2752, 271.738152
2739, 360.495070
2749, 314.732455
4334, 311.937047
4105, 361.393926
4379, 290.918532
4091, 305.140872
4357, 300.481429
2808, 244.229010
2853, 274.099841
4047, 278.909915
2898, 289.953737
3981, 271.377619
3973, 276.514952
3957, 246.000869
3952, 363.777383
3941, 283.716033
3936, 303.309200
3933, 277.687007
3003, 280.346662
3002, 278.802055
3004, 343.287342
3883, 326.692906
3067, 309.056954
4328, 271.104384
3063, 304.542408
3055, 294.910375
4329, 276.873226
3790, 283.690866
3112, 325.823101
3793, 290.302751
3137, 328.263538
3171, 307.268314
3168, 310.671922
3170, 307.488191
3673, 321.676330
3680, 291.114759
3682, 285.793139
3671, 281.451382
3564, 270.209321
3578, 303.835116
3548, 299.284548
3534, 320.924614
3430, 335.009708
3480, 340.688731
3514, 330.119999
3509, 323.585518
3373, 348.338760
3368, 349.071358
3382, 320.419255
3378, 325.187803
3265, 287.981558
3252, 315.863645
3248, 353.970620
3230, 316.135664
F324, 561.202863
F327, 554.049139
F321, 538.295661
F262, 528.239301
F338, 508.694138
F391, 591.119413
F211, 568.055461
F392, 553.727719
F346, 518.736218
F345, 580.020285
F347, 576.308920
F283, 539.556995
F293, 475.154165
F351, 546.513012
F231, 510.785563
F300, 523.209019
F244, 504.129445
F304, 533.024139
F307, 505.553155
F364, 484.287201
F317, 484.441316
F319, 413.541158
F373, 365.372523
F375, 518.484540
2058, 228.718182
2067, 236.508070
2084, 279.960910
2096, 285.718094
2101, 245.113538
2103, 245.921057
2115, 265.735642
2116, 266.587197
2118, 239.198930
2121, 279.555363
2652, 273.598220
2671, 336.587485
2678, 275.416280
2688, 286.189792
4312, 321.660295
4299, 302.403153
4305, 254.876236
4132, 333.998016
2780, 297.242262
2795, 281.767424
2801, 293.277312
4086, 289.670695
2821, 289.677882
2828, 300.512351
2830, 293.685461
2845, 298.491583
2902, 286.779892
2905, 307.063095
2907, 298.427282
3955, 325.662635
3910, 294.210386
3938, 281.715336
3908, 305.117623
3950, 280.621534
2978, 311.759391
2988, 288.446594
2996, 281.409940
3001, 304.594837
3043, 289.751973
3015, 274.092906
3031, 295.678030
3024, 285.966084
3080, 272.104570
3082, 271.182685
3085, 290.005686
3093, 318.226928
3160, 290.765738
3162, 310.203530
3165, 304.557785
3711, 278.365051
3693, 268.278322
3656, 320.138101
3686, 300.303647
3677, 299.247522
3581, 301.305656
3597, 320.138479
3598, 327.166639
3600, 336.295113
3467, 312.557192
3496, 309.725975
3497, 284.019059
3500, 324.363297
3222, 281.411623
3225, 300.972120
3342, 289.406284
3369, 311.835569
3232, 283.365976
3239, 276.171985
3294, 357.235756
3311, 322.141945
F155, 501.028332
F156, 556.934487
F323, 472.342574
F326, 540.001403
F217, 514.038344
F333, 526.306496
F336, 513.959826
F337, 552.130492
F281, 581.019287
F287, 512.665496
F290, 467.628705
F344, 469.946388
F233, 482.846036
F240, 482.120235
F292, 501.728372
F298, 500.563629
F303, 473.366033
F309, 421.474178
F310, 451.744134
F363, 460.667343
F258, 454.476159
F315, 497.151838
F320, 527.148552
F374, 511.266416
2003, 185.196368
2120, 235.691324
2174, 306.966409
2082, 268.146209
2080, 309.061143
2356, 293.168015
2301, 317.927899
2188, 325.889452
2175, 322.263476
2694, 307.163753
2684, 314.783605
2676, 287.552997
2674, 318.988844
4139, 288.972663
4120, 302.642094
2736, 306.131209
2705, 290.519832
4068, 309.421128
2804, 351.159386
4061, 306.065337
2783, 269.917252
4431, 290.543049
4052, 300.523143
4043, 266.227688
4028, 332.851199
2904, 325.444395
2892, 238.985156
2891, 280.589459
2868, 244.363532
3947, 294.182275
3943, 262.897782
3939, 282.323601
3942, 281.306915
3895, 298.783402
3887, 287.226732
3867, 262.103892
3862, 271.086102
3830, 269.169899
3805, 297.051197
3800, 308.596615
3048, 290.393413
3796, 281.008316
3783, 245.004653
3759, 265.059197
3095, 285.850075
3169, 324.312768
3172, 333.739292
3167, 343.741491
3138, 350.180146
3657, 325.608750
3674, 333.667374
3663, 326.288148
3649, 365.125690
3602, 315.569847
3525, 372.063420
3524, 360.824909
3521, 358.526888
3492, 317.806821
3455, 346.233985
3452, 372.581947
3395, 294.957262
3420, 295.282688
3392, 330.689759
3389, 269.642690
3262, 294.659955
3258, 282.173374
3257, 294.923318
3227, 327.348786
F448, 448.855151
F442, 503.112408
F387, 525.655271
F328, 480.299104
F452, 464.880340
F397, 490.695930
F394, 469.465028
F280, 492.020249
F406, 548.736827
F401, 531.053062
F341, 462.231978
F284, 482.815263
F358, 551.235887
F353, 520.010726
F299, 496.175334
F291, 538.988573
F369, 517.991242
F367, 500.347764
F366, 548.560477
F308, 513.754086
F440, 486.399478
F432, 515.534755
F431, 508.060925
F124, 449.596838
2054, 283.981412
2076, 272.909055
2100, 246.212993
2131, 255.728310
2132, 242.206173
2155, 330.819927
2160, 333.837440
2162, 307.697252
2164, 334.369190
2167, 371.420814
2173, 304.940121
2177, 311.238744
2660, 301.501708
2673, 312.271850
4176, 314.893644
4238, 327.176801
2720, 345.970569
4119, 296.692169
4129, 318.813192
4147, 310.033758
2759, 339.625882
2772, 369.602646
2797, 371.823593
4032, 297.529214
4036, 318.510132
4046, 317.724318
4054, 276.057269
2873, 334.224940
3954, 309.764063
3965, 312.414716
3960, 304.797908
3949, 326.732705
3937, 328.718865
3935, 322.621618
4516, 322.293541
3853, 302.039057
3855, 329.128707
3881, 365.316560
3897, 332.503838
3824, 274.091523
3831, 324.113087
3832, 334.120861
3840, 318.819965
3116, 277.695147
3748, 266.050727
3757, 299.980168
3760, 248.983864
3704, 298.649675
3730, 335.861832
3732, 335.089489
3744, 295.446035
3665, 310.491512
3694, 253.979314
3695, 310.698404
4828, 307.060112
3516, 335.324955
3517, 326.345307
3518, 307.240208
3526, 307.232702
3211, 331.906816
3436, 282.294073
3450, 297.114893
3510, 303.741623
3346, 351.661868
3364, 336.074358
3370, 328.474268
3401, 282.345098
3226, 294.717091
3229, 372.644718
3236, 345.031453
3255, 316.900966
F388, 548.107535
F441, 502.284626
F443, 553.324886
F445, 539.619556
F395, 541.894644
F400, 475.334197
F451, 535.374867
F458, 570.427924
F288, 438.780028
F402, 503.766621
F408, 446.369879
F409, 519.787140
F355, 503.858748
F415, 485.873700
F417, 542.476326
F412, 488.659453
F365, 525.716013
F370, 477.728933
F421, 516.429206
F430, 460.175862
F198, 588.640876
F433, 460.000670
F435, 437.044384
F438, 449.572318
2127, 256.716200
2078, 251.022110
2149, 271.975200
2148, 279.669121
2147, 268.912200
2135, 286.932968
2119, 279.926703
2178, 286.016920
2176, 290.852742
2248, 313.992138
4190, 284.356308
2685, 320.336426
2667, 313.644717
2658, 302.020416
2725, 247.726965
2719, 336.410729
2715, 263.884388
2710, 289.854134
4058, 283.480851
2782, 279.470695
2763, 283.590713
2757, 282.638728
4432, 267.617150
4426, 319.950953
4053, 250.663477
4033, 339.650571
3998, 271.834517
2906, 254.479329
2894, 263.772005
2893, 247.341367
3944, 294.560831
3033, 290.995041
2953, 302.269651
2929, 318.587414
3893, 273.352146
3879, 303.286394
3857, 312.226270
2971, 225.924914
3846, 312.821576
3825, 292.070461
3817, 310.210328
3806, 292.897941
3756, 257.004779
3752, 298.575869
3751, 317.808812
3629, 278.173882
3737, 263.009231
3724, 283.092687
3709, 315.756208
3706, 338.997558
3688, 336.225177
3687, 300.598980
3664, 248.077159
3661, 264.116788
4901, 306.899428
3604, 313.970658
3590, 277.058925
3586, 282.472359
4957, 293.342370
3502, 288.068551
3463, 313.096951
3208, 323.014243
3390, 294.807948
3387, 298.492106
3345, 294.850526
3334, 340.307614
3308, 329.546509
3297, 259.984117
3280, 268.346772
3263, 279.743823
F447, 599.069041
F446, 559.446542
F444, 514.834602
F389, 466.885144
F457, 427.767930
F455, 650.068027
F453, 587.890224
F393, 593.645708
F350, 584.286830
F349, 486.607211
F348, 493.672585
F221, 494.938252
F356, 470.892129
F359, 583.531307
F411, 567.688374
F354, 495.296535
F481, 426.882666
F429, 494.215026
F426, 559.561834
F423, 475.098687
F493, 521.944312
F439, 465.437344
F437, 460.947235
F436, 597.355902
2207, 322.784679
2240, 279.469777
2241, 272.940908
2250, 300.771969
2291, 337.930581
2293, 334.923385
2295, 358.431757
2297, 336.002394
4158, 306.212968
4170, 311.552006
4198, 271.048081
4200, 265.785668
4122, 288.737663
4136, 328.224715
4261, 338.113193
4275, 282.276006
4363, 254.149589
4064, 328.302361
4067, 304.527423
4070, 287.006437
2807, 303.627730
4021, 286.010764
4029, 341.972237
4055, 284.845538
3959, 309.434746
3966, 327.974147
3984, 260.278224
4501, 366.412965
2922, 274.355912
3907, 271.747479
3926, 296.588432
4538, 313.634360
3854, 270.410103
3856, 256.766043
3873, 255.254338
3888, 274.167924
3801, 289.047450
3821, 279.908634
3829, 261.144943
3844, 248.804725
3113, 231.721038
3755, 257.422255
3763, 278.406863
4771, 239.400294
3713, 262.413422
3716, 288.747401
3721, 271.673722
3735, 262.280385
3624, 276.558401
3632, 302.915331
3633, 273.555775
3639, 266.075817
3559, 273.139056
3603, 273.985335
3606, 275.922618
4885, 248.988736
3202, 253.337498
3206, 264.776564
3451, 276.851897
3483, 251.449227
3383, 309.479111
3391, 287.852536
3409, 286.444347
3423, 285.209539
3276, 297.587786
3284, 271.216091
3319, 296.957777
3320, 274.129634
F383, 545.898657
F449, 442.254147
F450, 509.402822
F510, 531.797208
F460, 424.885499
F519, 480.467806
F520, 448.726706
F574, 498.944415
F461, 466.851860
F465, 488.224015
F467, 516.778548
F469, 500.313390
F420, 503.783603
F474, 494.779651
F475, 452.252963
F480, 488.578952
F485, 548.056239
F486, 534.797437
F488, 506.144943
F542, 474.193110
F312, 568.741924
F497, 575.549550
F500, 540.656003
F552, 495.018998
2206, 250.229673
2150, 260.792495
2236, 297.304547
2231, 222.544658
2230, 278.991194
2221, 308.934031
2380, 279.414351
2303, 272.016514
2245, 255.250362
2244, 266.082176
4194, 263.195192
4192, 265.108827
4175, 270.478942
4167, 308.305469
4140, 224.407396
4133, 260.401579
2728, 252.504814
2721, 290.834835
4338, 242.426157
4103, 229.599669
4097, 228.582018
4056, 242.492982
4040, 262.579030
4039, 254.836151
4034, 258.250617
2838, 252.080356
3989, 255.651472
3983, 255.521557
3971, 271.044291
3968, 247.353130
4554, 272.558264
3946, 288.470518
3927, 247.572186
3906, 270.773921
4602, 246.592467
3863, 243.929011
2972, 249.445284
2964, 262.098983
3842, 265.158795
3841, 328.125368
3838, 268.496005
3802, 267.895579
4724, 277.542101
3754, 279.696845
3121, 284.748026
3119, 294.873508
4755, 281.638033
4770, 282.348145
3741, 264.123825
3131, 270.053052
4839, 211.320717
4819, 243.508369
4803, 256.198398
3647, 248.454202
3605, 241.361982
3595, 254.675021
3593, 240.374250
4897, 219.526310
3501, 230.579588
3468, 261.963780
3432, 270.383684
3210, 263.950714
3377, 277.132703
3353, 247.872393
3343, 270.480213
3218, 245.697054
3312, 241.464060
3301, 241.770124
3244, 259.737090
3327, 212.565076
F390, 495.492831
F386, 519.688913
F385, 601.444140
F384, 531.403154
F459, 507.424854
F456, 605.583397
F454, 553.148310
F398, 528.417607
F521, 494.909257
F464, 517.652471
F410, 589.268115
F404, 513.953320
F414, 475.207925
F413, 475.952964
F352, 442.401266
F357, 431.507617
F425, 482.690576
F424, 502.806159
F422, 440.370359
F368, 498.944303
F434, 476.470372
F380, 380.604446
F378, 370.732963
F377, 426.328641
2074, 231.429762
2170, 249.174100
2257, 297.497804
2238, 239.996124
2279, 252.569846
2283, 284.191711
2289, 261.741637
2294, 236.066522
2299, 307.722089
2357, 283.629149
4163, 220.399681
4204, 254.999776
4246, 254.043072
2665, 272.229424
2708, 303.170355
4121, 240.826945
4124, 269.256532
4273, 253.830129
2778, 310.637528
2788, 299.111082
2794, 284.839543
4057, 247.360018
2832, 331.427615
2840, 338.425363
2847, 327.821644
4445, 310.401708
3956, 301.654999
3958, 296.724081
3976, 292.758108
4483, 343.930932
3924, 313.367804
3931, 255.337819
3948, 336.897973
3951, 350.292029
3008, 232.950326
3890, 244.728966
3898, 273.924045
3899, 331.909647
3813, 280.653090
3827, 274.592524
3850, 308.068760
4638, 293.715554
3012, 246.696185
3758, 289.201688
4678, 277.769186
4689, 253.357781
3707, 293.631964
3722, 276.165245
3746, 277.709499
4780, 280.181795
3610, 329.303747
3636, 290.875589
3643, 296.667583
3641, 274.842437
3527, 286.129376
3560, 305.768884
3596, 271.309834
3437, 267.340332
3445, 273.267211
3465, 298.087833
3506, 321.863391
3223, 319.619939
3333, 298.358961
3339, 314.086090
3407, 317.848698
3250, 325.747228
3256, 320.750988
3264, 299.975371
3309, 271.047207
F501, 468.412393
F503, 541.605254
F504, 545.318270
F508, 484.849338
F518, 499.856882
F571, 525.092632
F572, 579.894698
F575, 576.786284
F522, 556.482633
F525, 567.250567
F528, 562.725860
F529, 560.793434
F174, 493.971662
F418, 525.157877
F477, 461.057132
F479, 558.194819
F428, 498.004967
F482, 491.572987
F483, 464.180163
F490, 491.160460
F494, 512.652474
F498, 436.418062
F553, 517.194119
F559, 513.910393
2125, 268.282012
2262, 351.503229
2239, 342.149644
2220, 322.687136
2216, 348.714204
2355, 369.065062
2290, 371.658984
2269, 379.715305
2265, 337.695866
4183, 331.475223
4179, 339.067635
4171, 337.038204
4161, 334.692991
4281, 286.137016
4276, 307.196003
4145, 280.992627
4108, 289.891837
4087, 315.267665
4081, 281.216362
4080, 268.877422
4074, 275.910123
4447, 314.270032
4427, 341.899673
4041, 290.112278
2834, 315.757379
3997, 303.448077
3996, 341.738005
3977, 317.164690
3962, 350.594637
3940, 298.188355
3934, 299.765703
3928, 299.074615
3915, 324.681715
3872, 349.149611
3866, 341.403561
3865, 330.206404
3861, 300.876530
4664, 328.156792
3845, 340.592440
3814, 313.400229
3810, 276.070949
3778, 329.018854
3774, 347.672448
3750, 341.650194
3120, 299.436138
3733, 297.162630
3727, 314.361450
3702, 325.659358
3700, 318.247032
3645, 356.671255
3634, 321.887717
3613, 333.198744
3612, 388.483990
3588, 341.547018
3563, 333.576948
3544, 314.202057
3540, 337.751243
3495, 309.405417
3476, 323.547468
3474, 334.162714
3443, 345.721081
3402, 338.388756
3400, 326.770882
3374, 302.907793
3347, 319.671649
5078, 362.464870
5062, 358.894184
3289, 294.471140
3279, 374.927850
F563, 654.603103
F562, 662.752979
F561, 664.638506
F507, 627.871517
F514, 624.781966
F513, 604.812449
F512, 650.067468
F511, 585.362285
F526, 604.637481
F524, 601.830383
F470, 604.278976
F462, 625.431045
F478, 626.594025
F476, 614.636852
F471, 555.237736
F416, 645.458768
F546, 566.628436
F545, 577.224107
F543, 598.980749
F489, 619.196913
F556, 638.985116
F555, 544.372567
2263, 294.764488
2266, 329.614914
2267, 295.087319
2268, 322.244089
2278, 317.768785
2281, 338.226562
2282, 357.743648
2321, 403.001478
2336, 341.319793
2338, 411.591897
2339, 393.144509
2366, 349.638035
4162, 306.936035
4169, 340.535354
4181, 308.974406
4193, 320.449061
2717, 310.704009
4127, 344.937183
4134, 320.397003
4157, 332.116955
4089, 309.063541
4094, 314.919882
4099, 391.478597
4106, 387.685169
4022, 314.426493
4037, 325.069449
4038, 356.117224
4048, 311.393477
3985, 331.278468
4003, 319.855969
4456, 339.140504
4466, 315.267369
3913, 339.557971
3923, 333.521088
3929, 351.028698
3930, 295.727728
3852, 311.956368
3877, 368.161498
3882, 377.594414
4562, 320.369917
3804, 393.347215
3807, 353.440547
4650, 332.280466
4662, 295.592017
3106, 316.415816
3753, 334.622890
3797, 350.160840
4720, 343.793118
3123, 309.964709
3697, 396.779156
3731, 353.321677
4735, 350.998041
3650, 309.721777
3651, 354.445756
3654, 322.261609
4799, 351.475578
3549, 348.027652
3585, 354.968782
3601, 364.516351
3607, 353.309291
3431, 361.548455
3441, 314.573937
3461, 386.518439
3513, 363.351959
3335, 367.791870
3351, 378.025974
3384, 372.421382
3406, 343.331382
3313, 346.498639
3316, 374.919746
5122, 356.302050
5127, 401.597621
F502, 594.830412
F505, 592.471029
F506, 602.174474
F509, 644.319211
F339, 612.692728
F396, 613.420528
F515, 588.808479
F516, 641.155000
F405, 570.784642
F407, 592.397846
F466, 593.395939
F523, 604.940857
F360, 578.284997
F419, 559.710418
F472, 611.189295
F473, 607.792416
F484, 579.875689
F487, 608.458480
F541, 595.888665
F544, 598.963972
F379, 546.449513
F495, 506.565351
F551, 566.579602
F554, 200.856461
2270, 322.176043
2264, 314.191035
2260, 284.036617
2287, 317.317867
2286, 333.953883
2280, 350.558343
2277, 349.398569
2417, 347.020480
2358, 338.609137
2354, 356.174517
2288, 362.948482
4213, 287.653377
4203, 304.668432
4173, 317.121831
4164, 316.772444
4308, 360.136783
4295, 331.851920
4288, 274.666750
4285, 324.796561
4095, 285.837904
4063, 304.560963
4060, 305.481768
4090, 315.221739
4441, 303.229325
4439, 354.053116
4399, 327.608782
4045, 346.483850
4002, 368.137594
4001, 315.692444
3970, 319.404568
3969, 319.068435
4528, 331.832401
3922, 301.459201
3905, 348.844276
3904, 297.334683
4596, 321.848459
3885, 368.363994
3880, 339.242073
3878, 354.935956
4646, 313.821110
3847, 372.761554
3834, 334.287105
3818, 330.273229
3771, 315.111683
3781, 332.371401
4690, 313.288264
3749, 340.519994
3740, 296.284957
3720, 302.243809
3712, 327.292611
3705, 344.536795
3660, 307.607230
3631, 358.138758
3625, 350.065138
3609, 327.708795
4899, 279.590762
4861, 293.605719
3539, 350.201574
3530, 330.796251
3479, 337.146112
3460, 399.856036
3438, 336.445328
3435, 372.225025
3385, 308.210451
3349, 368.877140
3338, 346.087380
3336, 342.745565
3274, 334.660212
3242, 285.724612
3324, 342.171468
3315, 380.618778
F567, 602.114838
F566, 616.993306
F565, 621.010434
F564, 634.936238
F578, 594.527302
F577, 647.814992
F573, 633.400532
F517, 585.862673
F584, 595.687858
F585, 644.391087
F530, 591.112416
F527, 653.194714
F540, 585.607475
F538, 607.183556
F532, 560.357601
F531, 647.360294
C28, 364.177453
C12, 367.892824
C9, 388.935807
F427, 603.043048
F558, 559.461706
F557, 458.806931
F492, 587.602379
F491, 202.117587
2215, 346.169489
2227, 278.490253
2229, 321.077002
2242, 269.628203
2243, 330.833294
2271, 369.811359
2272, 364.751976
2285, 329.851234
2592, 409.332715
2564, 384.665502
2419, 415.854136
2409, 391.494438
4251, 343.832741
4235, 328.415160
4222, 305.526417
4187, 342.391704
4294, 359.526043
4286, 283.090932
4278, 326.179640
4274, 311.983652
4366, 289.247844
4362, 350.364190
4339, 331.591022
4098, 328.581360
4444, 328.344963
4437, 388.694452
4412, 341.312637
4410, 356.589829
4472, 318.307505
4459, 325.698868
4455, 332.950672
3988, 310.970982
4536, 324.748878
4527, 333.833012
4515, 369.217335
3921, 349.649804
4566, 321.333714
3889, 310.989806
3870, 294.606654
3869, 336.237601
3851, 308.410805
3843, 336.544801
3833, 369.782882
3809, 336.526398
4705, 314.237077
4695, 357.690535
3798, 356.543085
3787, 355.723395
3719, 333.960005
3718, 364.420261
3715, 350.044338
3714, 351.205300
4798, 340.161982
4796, 326.354797
3659, 353.979836
3644, 303.287248
3577, 345.306243
3547, 328.557567
3520, 386.451297
3522, 333.760197
5203, 356.740791
3473, 363.979040
3464, 367.064173
3203, 315.536898
3411, 342.056393
3375, 358.031456
3362, 372.702859
3356, 383.133041
5070, 349.614901
5057, 332.851368
5043, 327.406557
5037, 354.080617
C24, 376.726466
C17, 436.271605
C14, 412.642514
C8, 418.000793
F608, 419.374586
F604, 392.115303
F580, 635.621961
F579, 561.032067
F586, 609.514473
F583, 663.879796
F582, 635.222609
F581, 637.492128
F536, 595.932352
F535, 587.786794
F534, 616.739187
F533, 610.219295
C23, 444.479720
C21, 342.056536
C13, 381.402901
C6, 438.971604
F673, 230.732871
F615, 345.632213
F612, 312.985813
F560, 433.912847
2225, 320.064590
2214, 280.702571
2467, 352.185816
2352, 376.544765
2252, 377.267136
2605, 379.836322
2577, 307.101969
2575, 304.682907
2481, 358.303065
4248, 312.871587
4245, 350.830790
4166, 316.929409
4160, 300.231681
4266, 328.032923
4153, 323.796143
4125, 293.325178
4123, 296.331475
4385, 325.894614
4350, 315.367960
4102, 341.646309
4101, 326.304814
4392, 330.870506
4035, 301.046613
4027, 320.340978
4015, 314.834919
4473, 328.289315
4452, 369.821201
3978, 391.109118
3975, 384.469867
4509, 337.443803
3919, 285.696742
2959, 345.940325
2942, 299.418484
4598, 322.031233
3896, 375.344432
3891, 349.163410
3886, 372.272574
4675, 343.428744
4652, 347.984866
3820, 376.911167
3803, 369.494140
4727, 339.918642
4717, 328.833059
3777, 320.479373
3767, 346.902879
4778, 314.311802
3742, 303.897591
3729, 293.663571
3703, 344.927918
3690, 321.974616
3689, 344.517657
3614, 356.505806
3608, 379.310058
3594, 297.535355
3587, 352.952462
3584, 364.536064
3542, 303.302482
4962, 315.365626
4909, 313.223199
3475, 332.886076
3456, 326.155280
5150, 331.232640
5008, 308.010272
3388, 281.642937
3215, 356.937012
3328, 374.395198
3318, 389.161664
3317, 361.191436
3306, 337.294642
C35, 376.563156
C25, 383.632325
C22, 385.656271
C18, 353.199573
F609, 388.241708
F605, 403.770865
F603, 385.393866
F602, 410.513641
F627, 369.632429
F626, 378.700132
F625, 392.654902
F590, 427.926644
F597, 399.055582
F595, 409.458795
F594, 395.496168
F593, 383.032617
C11, 380.471315
C10, 341.317456
C7, 399.878417
C4, 411.052500
F617, 290.541607
F616, 287.716418
F614, 371.190545
F613, 344.324215
2296, 309.887052
2298, 342.664325
2313, 385.225717
2365, 322.781733
2397, 360.828988
2436, 400.830781
2447, 394.431127
2579, 351.834319
2600, 390.089659
4178, 310.362176
4250, 347.653828
4174, 310.222289
4217, 307.290721
4113, 309.955589
4144, 316.134910
4283, 327.274001
4296, 313.699624
4337, 348.230836
4349, 350.489805
4369, 370.207696
4378, 330.545255
4409, 375.281134
4393, 358.619319
4400, 384.076874
4406, 333.242410
3980, 384.843941
3990, 340.123008
4490, 307.391502
4491, 383.312999
2956, 353.934569
3917, 378.733824
4531, 327.292140
4558, 366.285799
3892, 344.372385
3903, 351.298596
4585, 340.880984
4571, 349.125766
3823, 335.094439
3839, 285.099592
4663, 369.976645
4636, 336.678417
3770, 331.770486
3773, 350.647535
4679, 365.195197
3784, 389.243710
3698, 343.459336
3739, 323.189397
4781, 345.905473
4785, 347.240651
3626, 385.363208
3646, 362.105614
3685, 334.017764
5282, 374.916356
3568, 334.091805
3583, 375.660772
5230, 309.757836
5268, 346.389778
3462, 340.939638
4935, 286.583627
5212, 366.916186
5224, 326.103860
3355, 401.257671
5145, 352.286915
5151, 347.670752
5167, 322.319366
5023, 371.122091
5090, 341.509499
5116, 393.821442
5119, 389.421617
C34, 430.094340
C26, 413.374552
C36, 399.815498
C37, 390.328743
F607, 407.317445
F610, 415.679431
F631, 420.315987
F632, 442.067119
F468, 642.187325
F587, 449.850825
F588, 414.778325
F589, 383.391799
F537, 584.182787
F539, 589.858386
F591, 417.309533
C1, 346.881347
C15, 373.492324
C16, 362.481580
C20, 320.709328
F620, 389.152511
F671, 366.823024
F672, 347.645978
F674, 337.542061
2284, 310.785355
2237, 309.538232
2472, 279.221165
2565, 391.937514
2457, 386.832135
2349, 381.553034
2601, 422.340042
2584, 398.075894
2571, 363.796781
2567, 370.748544
4247, 374.371111
4241, 379.145207
4197, 317.238684
4168, 357.419057
4309, 354.878119
4137, 394.682136
4115, 325.204191
4109, 382.913819
4381, 391.496704
4374, 341.464830
4372, 360.834486
4370, 354.829444
4429, 346.370410
4405, 337.918197
4403, 343.173879
4394, 291.807001
4506, 368.767412
4498, 352.597247
4449, 352.686659
3986, 343.541510
4547, 382.373509
4526, 333.799665
4514, 326.519211
3916, 408.659917
4619, 371.755148
4589, 324.065144
4576, 330.079718
3874, 330.501768
4667, 373.420338
4661, 321.036994
4637, 364.193353
4327, 355.727623
4680, 345.008006
4688, 349.116829
3782, 395.640795
3768, 393.529438
4779, 369.097399
4773, 354.553445
3738, 364.236568
3728, 367.602951
5279, 356.727073
4795, 325.722392
3638, 383.556121
3622, 422.764702
5275, 336.174174
5272, 361.221474
3561, 370.394712
3528, 341.893117
5215, 336.550807
5209, 363.520771
3478, 335.107354
3442, 313.788916
5132, 357.791901
5014, 422.761233
3417, 360.212952
3363, 383.744455
5128, 402.097615
5094, 404.719672
5048, 429.633517
3321, 372.687222
F622, 423.898921
C46, 406.957266
C45, 431.549295
C19, 402.595150
F633, 428.371246
F606, 417.231200
F601, 430.188978
F147, 448.595748
F629, 416.096345
F628, 409.508177
F624, 420.104302
F623, 400.586969
F600, 418.247257
F599, 387.374248
F598, 415.347984
F592, 402.123043
C40, 387.421593
C33, 369.173887
C30, 371.046414
C29, 413.994601
F676, 381.942339
F675, 289.256480
F619, 408.116018
F618, 405.514278
2253, 295.756716
2327, 286.288298
2331, 337.212766
2378, 349.352780
2430, 365.780711
2433, 371.093274
2490, 319.557163
2509, 368.153276
2568, 368.141001
2578, 281.181960
2582, 374.847244
4207, 320.813545
4210, 337.581755
4215, 346.270912
4221, 314.775124
4135, 350.215250
4141, 371.821192
4149, 343.253289
4333, 359.130930
4072, 336.278868
4365, 327.259026
4387, 333.061311
4390, 347.783832
4419, 344.865162
4446, 366.754758
4440, 358.589203
4397, 381.586138
3974, 309.293583
3991, 391.006398
4461, 329.308808
4479, 350.148172
3914, 391.629915
4518, 372.444220
4542, 369.049971
5580, 366.698765
3901, 322.458131
4564, 362.644472
4618, 343.221464
5521, 353.611587
4635, 350.121469
4642, 325.997145
4671, 362.909053
4674, 354.459246
3785, 414.298074
4691, 346.416548
5392, 375.948390
5424, 365.729967
3701, 372.182192
3710, 376.627229
4775, 366.180785
4789, 334.681849
3648, 396.908425
4792, 362.201889
5276, 356.877837
5283, 330.769324
3529, 339.842135
3552, 369.172403
3556, 359.957875
5245, 332.073781
3426, 390.184815
3503, 413.788681
5214, 374.402421
5223, 337.321786
3354, 415.964198
5177, 394.563085
5165, 387.323346
5173, 353.879175
3326, 430.709994
3299, 401.688825
5055, 408.759148
5074, 372.792616
C47, 427.389751
C48, 406.208551
C49, 401.166118
C56, 381.013680
F637, 433.031912
F700, 407.400602
F737, 398.650905
F639, 408.890781
F644, 428.696372
F645, 438.073650
F704, 411.313595
F648, 393.897962
F659, 400.358022
F662, 399.378947
F665, 366.942020
F711, 393.242927
C41, 373.839658
C42, 375.437435
C51, 389.131668
C52, 345.994893
F678, 407.904060
F722, 339.909564
F729, 365.976645
F730, 298.857903
2249, 317.830036
2246, 262.178389
2438, 368.277154
2370, 315.317965
2292, 346.906575
2255, 357.562070
2569, 359.531747
2576, 303.914342
2531, 388.263976
2507, 372.390889
4257, 357.792363
4252, 336.561815
4225, 313.001685
4165, 363.803218
4307, 342.927874
4287, 334.905073
4272, 318.892085
4148, 338.422439
4377, 321.958563
4373, 339.753334
4082, 314.089330
2784, 323.907359
4443, 339.013071
4436, 365.289153
4421, 350.034648
4402, 338.369790
4486, 357.749428
4470, 355.905520
3994, 347.717244
3992, 415.145758
4520, 389.098953
4508, 386.522326
2958, 382.261075
2927, 390.807944
5447, 372.661945
4593, 354.032794
4569, 351.757358
4326, 372.309482
5470, 378.125100
5468, 355.654517
5454, 353.992598
4665, 351.639981
5428, 365.416849
5420, 388.453374
3775, 346.483764
3769, 384.715549
5360, 323.998251
5350, 328.427059
5333, 320.250776
3736, 315.263157
5317, 345.040622
4808, 320.965632
4807, 306.975761
3681, 333.392806
5274, 367.170922
5269, 298.812180
5248, 320.359410
5259, 304.909868
5197, 300.623719
3504, 313.587684
3477, 350.749092
3458, 344.428908
5161, 305.526114
5148, 337.837928
3380, 352.693450
3366, 349.616445
5118, 327.613710
3323, 324.379835
3314, 333.982171
3307, 348.866075
C64, 373.571254
C61, 364.576060
C60, 380.112984
C57, 398.344056
F640, 411.311766
F638, 407.553059
F635, 411.113952
F634, 382.143438
F649, 370.464225
F646, 397.405949
F643, 392.587164
F641, 414.550208
F654, 385.120755
F653, 372.102412
F652, 347.029965
F651, 338.083532
C59, 326.304134
C58, 293.600952
C55, 375.048703
C54, 350.959734
F684, 318.001189
F683, 303.025400
F682, 361.879058
F681, 343.943070
2233, 191.480686
2275, 273.286554
2309, 263.952530
2312, 316.228135
2314, 341.852064
2328, 360.676169
2379, 337.622909
2416, 313.151307
2572, 335.918748
2486, 386.622442
2583, 352.329712
4228, 336.029820
4230, 337.754996
4234, 343.841070
4240, 323.449118
4138, 306.297665
4155, 302.187442
4264, 352.931308
4277, 297.117686
4351, 283.140693
4353, 321.918820
4367, 297.447276
4389, 351.113450
4396, 317.518031
4401, 321.811165
4408, 312.889923
4438, 296.024923
4458, 296.757826
4467, 376.806370
4484, 379.985222
4502, 325.480832
2914, 320.062796
2935, 330.774512
4553, 339.816164
4552, 330.855789
4572, 307.008450
5507, 318.162993
5520, 345.288466
5533, 340.449387
3826, 321.392152
4625, 325.760489
5461, 316.021073
5482, 327.941006
3799, 363.637280
4694, 296.707737
5409, 295.505824
5426, 323.120646
5325, 363.633838
5326, 315.131263
5329, 315.926703
5371, 318.421033
3621, 303.277377
3670, 298.187071
5301, 334.560090
4809, 302.321357
3573, 340.499775
4887, 339.437777
5271, 313.009809
5208, 314.069179
5218, 319.526066
5221, 328.582770
5222, 342.274669
5006, 387.646095
5017, 368.776084
5137, 409.100664
5153, 368.613590
5030, 379.549453
5045, 376.215411
5049, 363.498604
5104, 387.697897
C66, 438.423122
C67, 400.691122
C68, 400.052774
C70, 414.988357
F691, 435.308431
F694, 444.355929
F697, 421.273824
F735, 392.341986
F630, 388.166250
F701, 422.074937
F650, 425.908879
F647, 433.134218
F656, 404.504308
F657, 412.971073
F670, 409.729241
F713, 407.480609
C62, 399.984020
C65, 380.932749
C77, 390.446176
C78, 397.175970
F727, 274.923038
F728, 328.713882
F762, 307.109309
F763, 302.704638
2323, 282.267636
2350, 336.559679
2340, 371.504096
2335, 369.449277
2324, 354.424283
2606, 363.252130
2598, 356.282513
2587, 377.122649
2403, 297.490121
4239, 338.539423
4186, 348.134727
4180, 336.111456
4159, 347.979174
4128, 325.733664
4118, 319.289780
4114, 354.865537
4112, 317.834465
4368, 332.003236
4344, 325.854071
4342, 344.378821
4059, 289.467793
4435, 287.866392
4433, 304.452399
4420, 332.968167
4411, 333.034497
4478, 317.877030
4469, 336.064188
4465, 287.812299
3979, 290.498639
4550, 338.100053
4545, 330.143120
4530, 320.016794
4529, 326.704506
4607, 363.128839
4573, 316.064141
4570, 315.620015
3902, 345.071115
5445, 305.320453
4620, 310.577576
3836, 345.645754
3811, 338.112367
4730, 337.305957
4702, 311.295780
4682, 295.885973
4676, 316.148377
5330, 283.837978
4767, 296.991763
4764, 326.767083
3708, 308.326379
5284, 327.103518
4813, 298.317190
3691, 327.936188
3655, 342.754431
5270, 300.395968
5256, 316.300015
5254, 323.536437
5234, 325.955911
5225, 315.438243
5213, 332.604066
5204, 328.660727
3427, 334.645846
5170, 364.655705
5156, 369.593862
5140, 381.382598
5011, 365.947054
5053, 395.610498
5051, 369.863523
5042, 366.253765
5038, 414.953741
C74, 420.027903
C73, 424.464274
C72, 437.283766
C71, 432.010561
F732, 417.082622
F731, 415.248134
F695, 425.799003
F693, 454.998769
F741, 409.430456
F705, 400.332805
F702, 416.938457
F714, 390.947354
F712, 410.054506
F664, 411.187639
F661, 401.259397
C91, 366.492802
C83, 401.297097
C82, 420.382875
C81, 357.663788
F724, 386.703121
F688, 371.729020
F689, 386.382875
F677, 389.038371
2247, 274.078152
2311, 286.791981
2332, 287.449473
2371, 303.406673
2377, 313.644904
2437, 319.848062
2461, 266.468233
2471, 322.857681
2519, 325.261928
2573, 310.427500
2590, 356.859137
4184, 279.340678
4236, 283.910272
4259, 296.389246
4263, 288.183215
4111, 276.498548
4126, 285.668398
4142, 293.380945
4152, 298.270479
4073, 302.762176
4083, 313.328509
4355, 312.606027
4384, 303.800514
4023, 304.265935
4415, 341.629540
4417, 329.349528
4424, 320.815498
3993, 317.829348
4460, 324.911444
4482, 297.945451
4497, 319.704583
4505, 363.407194
4551, 328.591699
5565, 306.957660
5589, 330.602376
4605, 361.971283
4609, 328.513194
4615, 338.097069
5495, 317.606656
3812, 323.113060
3849, 272.274660
4626, 289.423411
5480, 363.119799
4685, 297.387965
4723, 310.134232
5403, 333.346262
5412, 340.432324
5332, 330.358483
4766, 286.240179
5349, 354.046573
5356, 351.546500
3637, 333.289098
4707, 364.474210
5291, 369.481761
5295, 325.822240
3523, 340.512754
5252, 336.105230
5262, 333.263893
5263, 338.629998
5198, 292.411565
5200, 323.113705
5217, 349.255642
5219, 316.204131
5133, 328.666859
5135, 355.592640
5155, 337.521322
5162, 324.203191
5028, 360.147477
5052, 334.635381
5060, 356.832716
5061, 351.264465
C75, 341.354546
C76, 373.113720
C105, 309.837809
C106, 363.165034
F699, 337.258439
F743, 347.613894
F698, 331.307321
F736, 364.814211
F710, 343.473489
F742, 343.114653
F782, 360.135439
F781, 366.611249
F655, 322.763864
F663, 354.939004
F668, 327.100713
F669, 330.102151
C50, 367.926204
C63, 329.485117
C69, 314.316571
C79, 311.773891
F679, 286.235690
F680, 280.966386
F687, 310.023550
F690, 318.741427
2348, 301.201985
2391, 256.554732
2395, 335.533511
2364, 353.029225
2345, 301.835965
2589, 317.648020
2562, 233.050033
2595, 368.358358
2500, 290.879367
4258, 311.968923
4231, 288.696821
4195, 289.470674
4218, 312.402221
4293, 326.676492
4279, 338.103937
4156, 346.338892
4116, 299.162681
5714, 352.071655
4388, 312.391056
4386, 287.321868
4084, 304.320415
4413, 317.166190
5689, 280.940083
4017, 346.038793
4006, 343.821546
5635, 321.523096
5613, 327.626709
5597, 321.894225
4464, 326.335065
5581, 327.725308
5564, 350.734537
4539, 343.872841
4325, 339.649468
5496, 332.573935
4613, 338.450707
4599, 329.872416
4592, 318.832811
5476, 312.144020
4666, 279.576505
4624, 317.218196
4623, 284.772486
4683, 267.616440
5421, 305.523335
5416, 334.201030
4699, 293.212109
5337, 333.258607
4786, 283.880012
5347, 328.606083
4738, 304.003773
5319, 330.760141
5296, 296.635877
4794, 286.332811
5277, 296.755584
5253, 297.396614
4860, 289.846402
4850, 226.485491
3574, 316.189453
5226, 325.972831
5216, 299.521343
5196, 297.239067
5186, 265.226757
5144, 309.315324
5142, 314.671272
5141, 305.767310
3397, 344.512864
5054, 316.592716
5050, 320.083029
5040, 303.650053
5039, 294.648584
C111, 365.263483
C110, 379.401872
C108, 364.400201
C107, 346.007496
F692, 350.313944
F771, 400.277955
F772, 362.129140
F773, 377.759547
F750, 365.233722
F749, 383.254011
F745, 371.320534
F708, 379.056049
F667, 334.175459
F666, 344.216692
F660, 363.796178
F658, 417.498446
C116, 379.240215
C112, 361.914441
C103, 371.377986
C102, 323.728319
F761, 381.499664
F721, 310.108767
F686, 300.306147
F685, 337.011658
2136, 242.230342
2315, 291.603017
2317, 287.420725
2318, 292.517137
2319, 288.729887
2368, 286.017161
2373, 324.923003
2441, 268.036525
2510, 308.537169
4214, 276.840280
4224, 288.520154
4227, 312.826355
4237, 330.774300
4117, 314.199715
4130, 318.952060
4151, 327.351995
4318, 373.286206
4354, 387.527745
4364, 339.289506
4371, 299.409827
4383, 328.386235
4423, 330.258139
4425, 285.441646
4428, 314.800037
4430, 287.191592
4474, 299.852065
4493, 315.539343
4495, 289.239574
5631, 334.766520
4544, 291.285649
5545, 304.116731
5558, 310.300848
5570, 285.885037
4578, 274.614125
4587, 275.563681
4594, 272.460275
5516, 292.278462
4627, 280.125346
4651, 290.159863
4659, 263.091608
5431, 306.700817
4728, 318.286416
5384, 341.995993
5410, 345.194484
5419, 320.079594
4768, 276.815470
5327, 319.002359
5334, 358.900094
5344, 353.699368
4793, 340.728335
4831, 306.167701
5239, 311.328240
5298, 340.063977
5228, 290.413717
5241, 357.817513
5247, 335.115619
5257, 328.878346
5205, 333.553963
5210, 308.055770
5227, 366.629192
5229, 327.796210
5010, 326.407769
5152, 375.010185
5157, 310.108903
5169, 350.705476
5032, 328.134826
5059, 352.334787
5069, 291.509327
5073, 352.541641
C88, 352.756513
C89, 380.639247
C97, 361.502832
C99, 353.421287
F810, 331.326134
F831, 357.412789
F832, 327.413431
F883, 378.477046
F748, 387.492619
F786, 378.022986
F793, 372.993032
F816, 380.652722
F794, 377.006657
F795, 403.896254
F797, 373.947936
F798, 369.105103
C94, 337.140123
C95, 395.600999
C113, 391.208909
C115, 385.740176
C129, 257.324637
C152, 401.125708
C170, 314.856025
C188, 258.774391
2322, 290.085394
2363, 309.831859
2360, 349.403473
2351, 351.876090
2346, 378.474393
2585, 383.471695
2431, 361.829269
2415, 363.154001
2374, 347.981173
4232, 339.894160
4229, 316.551558
4220, 349.664157
4211, 324.545409
4316, 307.418832
4315, 310.076197
4298, 320.442387
4290, 346.695212
5751, 351.459165
5740, 348.771694
5731, 363.702995
5725, 328.690563
5693, 342.332800
4398, 367.979079
4016, 340.317507
4011, 373.603339
5636, 338.351662
5616, 364.287510
5606, 356.941725
5602, 352.791022
5586, 248.989775
5584, 343.960331
5576, 323.044627
4524, 373.522627
5532, 343.153025
4612, 329.316881
4610, 358.012580
4583, 306.742880
4648, 310.840552
4644, 342.935418
4643, 301.001564
4621, 322.113342
4725, 357.066907
4722, 321.124622
4712, 325.273676
4710, 314.397473
5341, 341.089007
5340, 337.877554
5331, 361.386600
4787, 302.074733
4841, 311.281928
4837, 326.207465
4816, 371.611883
4811, 326.737535
5260, 308.633291
5233, 348.829723
4880, 328.236656
4879, 326.261273
5211, 324.650821
5191, 324.639817
5187, 292.353402
5185, 310.499621
5154, 343.924095
5136, 362.715542
5003, 338.438654
4993, 322.667988
5098, 305.926970
5097, 339.004753
5081, 372.528777
5076, 367.318357
C101, 398.019065
C100, 412.443905
C98, 381.977745
C87, 352.408606
F806, 357.108535
F778, 408.519344
F739, 384.340751
F733, 375.798111
F790, 390.141629
F784, 390.182540
F707, 401.429841
F706, 376.415303
F800, 356.036726
F799, 406.151402
F796, 385.202798
F768, 361.512696
C93, 393.774217
C92, 357.602011
C90, 309.822191
C80, 400.614853
C174, 342.667787
C158, 275.912626
C151, 397.814253
C146, 214.000481
2251, 266.028806
2254, 264.529857
2273, 293.062788
2305, 341.416133
2306, 349.101740
2325, 305.307865
2329, 341.103517
2330, 311.142910
2343, 320.362944
2375, 335.556290
2376, 319.623503
4205, 269.051397
4242, 315.799338
4233, 305.839871
4249, 316.928399
5767, 292.138607
5768, 299.302957
5783, 298.919138
5796, 287.934384
5736, 292.992845
5749, 304.703277
5750, 317.329742
5752, 320.594203
4018, 289.223652
4395, 280.985008
4407, 303.726211
4422, 327.120300
3964, 335.255727
4499, 299.170635
4503, 315.962534
5625, 324.443422
4525, 301.758893
4557, 326.474965
5583, 324.640535
4574, 298.857383
4595, 290.911400
5505, 297.575555
4633, 298.689453
4647, 313.789876
4668, 310.304262
4669, 283.302569
4716, 285.982126
4729, 301.972205
4686, 290.390605
5405, 307.599043
5351, 323.464919
5355, 329.061669
5366, 348.387464
5368, 320.608717
4801, 340.328402
4810, 345.404953
4817, 293.659260
4842, 308.259408
4875, 319.229141
4877, 319.124109
4886, 299.210581
5246, 298.693248
4916, 325.802032
5193, 313.587762
5202, 343.101863
5220, 332.490525
5002, 342.462431
5020, 310.037917
5138, 335.577887
5143, 313.376368
5024, 331.336215
5029, 335.098225
5034, 341.984784
5047, 351.935611
F204, 481.016384
F568, 575.278847
F569, 540.865631
F570, 511.614556
F779, 354.398878
F801, 377.277257
F802, 505.209334
F780, 530.693380
F811, 508.199733
F812, 482.614650
F813, 503.977750
F817, 357.392223
F171, 463.278681
F822, 490.618768
F823, 496.236129
F824, 452.622485
C31, 308.364164
F547, 478.448608
F548, 473.772869
C32, 268.362633
C131, 285.400883
F725, 255.285860
F726, 303.522856