channel_num, sp_gap, chisqr/ndf, gauss1 mean, gauss1 ampl, gauss1 sigma, gauss2 ampl, gauss2 sigma, gauss3 ampl, gauss3 sigma, gauss4 ampl, gauss4 sigma, gauss5 ampl, gauss5 sigma, landau ampl, landau mpv, landau sigma, actual peak1 height, actual peak2 height
0, 33.708028, 598.139810, 11.249970, 129.320282, 5.136169, 112.138144, 5.734551, 10.149495, 5.734551, 10.149495, 5.734551, 0.000000, 0.000000, -194694.121750, 6.962604, -988.303597, 92.129461, 129.320286
1, 40.000000, 124.396423, 11.287847, 114.308820, 4.536442, 108.218656, 5.343960, 1.757903, 9.947069, 1.757903, 9.947069, 0.000000, 0.000000, 210.925704, 5.980777, 1.904957, 132.085540, 132.112157
2, 27.896654, 38.957073, 11.826137, 103.439336, 4.982926, 78.274319, 5.260459, 1.705817, 5.260459, 1.705817, 5.260459, 0.000000, 0.000000, 276.635134, 6.107028, 1.495611, 120.879087, 120.879087
3, 32.306080, 12.125397, 11.809016, 109.691110, 4.709630, 22.511366, 6.483185, 2.754106, 6.483185, 2.754106, 6.483185, 0.000000, 0.000000, 229.614201, 5.833546, 1.693203, 123.964026, 124.877318
4, 35.835030, 4.765918, -24.485592, 1838.209037, 8.094926, 130.471465, 5.028354, 741247.140176, 4.419835, 741247.140176, 4.419835, 0.000000, 0.000000, -1172188.222247, -2.214135, -29.062318, 91.008526, 1838.209037
5, 33.822673, 4.206910, -22.793475, 342.476548, 10.047321, 126.321719, 5.171516, 7.060350, 5.222485, 7.060350, 5.222485, 0.000000, 0.000000, 10192.100046, 6.596743, -12.877589, 97.731323, 342.476548
6, 34.189794, 9.441621, -20.377111, -565569.007014, 0.233136, 45.184932, 3.702264, 999999.840560, 4.256881, 999999.840560, 4.256881, 0.000000, 0.000000, 724.945056, 7.667800, 1.957451, 141.075629, 0.000000
7, 28.677983, 1.047135, 11.396391, 102.646456, 4.780520, 5.745279, 2.396003, 1.609251, 5.221126, 1.609251, 5.221126, 0.000000, 0.000000, 282.976289, 5.649706, 1.638380, 122.188240, 122.193403
8, 29.354696, 67.405433, 11.594012, 116.085014, 4.609348, 51.310149, 4.591838, 3.653341, 4.591843, 3.653341, 4.591843, 0.000000, 0.000000, 207.964475, 5.992287, 1.691236, 130.420047, 130.773779
9, 40.000000, 36.691733, -137.910465, 1284.670364, 50.583233, 751861.710949, 6.764059, 116.423939, 13.472528, 116.423939, 13.472528, 0.000000, 0.000000, -4033.135250, 10.095724, -64.568586, 99.616994, 1284.689809
10, 25.448537, 1.194699, 11.673436, 108.693928, 4.830041, 7.666420, 2.993825, 290479.167158, 3.711281, 290479.167158, 3.711281, 0.000000, 0.000000, 225.594284, 5.990039, 1.689500, 124.445460, 124.606652
11, 20.000000, 11.788590, -44.279400, 4849.841764, 13.118766, 0.000000, 14.295763, 3.506401, 6.939095, 3.506401, 6.939095, 0.000000, 0.000000, 736.640142, 8.134777, 2.030812, 142.521751, 4849.841766
12, 38.972105, 10.688295, 10.567243, 139.093588, 4.350370, 68.156886, 5.627110, 11.453350, 5.627122, 11.453350, 5.627122, 0.000000, 0.000000, 137.335831, 18.270033, 1.157137, 118.772881, 139.093588
13, 28.157966, 10.202423, 11.712203, 117.366076, 4.563460, 38.807849, 4.682871, 130.305467, 4.686568, 130.305467, 4.686568, 0.000000, 0.000000, 214.215533, 5.352317, 1.588294, 125.692787, 129.288193
14, 31.767843, 1.805286, -20.647272, 919.342391, 7.937240, 127.645045, 5.173130, 1.900771, 9.922308, 1.900771, 9.922308, 0.000000, 0.000000, -6503.981503, 12.078390, -0.593553, 95.348495, 919.342392
15, 28.487899, 1.116355, 11.654883, 107.684700, 4.744465, 7.317852, 2.548211, 34.797574, 5.157798, 34.797574, 5.157798, 0.000000, 0.000000, 262.423572, 5.710118, 1.631462, 124.237822, 124.657202
16, 20.000000, 7.577375, -27.916985, 2299.530475, 9.335642, 125.203070, 5.097642, 1.961709, 5.097642, 1.961709, 5.097642, 0.000000, 0.000000, -1108749.663575, 2.679030, -15.005639, 144.677732, 2299.587407
17, 27.881983, 1.575669, 11.866031, 112.801240, 4.322647, 11.354938, 1.288572, 9.558025, 1.611629, 9.558025, 1.611629, 0.000000, 0.000000, 308.184449, 4.943658, 1.452595, 119.794879, 126.424611
18, 25.310173, 15.832139, -38.407589, 3974.146687, 11.815931, 20.051580, 10.199760, 2.929308, 6.298075, 2.929308, 6.298075, 0.000000, 0.000000, 766.181159, 8.116143, 1.795854, 155.585202, 3975.070243
19, 27.944162, 14.115205, -15.942250, 27.633500, 13.941984, 52.290243, 4.827832, 1.509967, 4.827832, 1.509967, 4.827832, 0.000000, 0.000000, 854.273056, 8.137170, 1.440266, 197.217534, 27.633503
20, 30.247471, 0.828567, 12.187620, 109.771302, 4.684590, 5.328483, 1.257709, 1.554794, 2.051263, 1.554794, 2.051263, 0.000000, 0.000000, 308.657473, 5.531211, 1.382861, 120.594579, 123.470713
21, 22.127068, 1.391939, 11.521050, 105.208753, 5.128743, 10.088566, 3.170584, 41.793468, 4.725912, 41.793468, 4.725912, 0.000000, 0.000000, 181.882638, 6.289061, 1.886203, 120.843007, 120.843007
22, 40.000000, 1.073228, 11.338458, 113.350695, 4.518662, 73.727518, 4.946522, 1.596701, 8.772187, 1.596701, 8.772187, 0.000000, 0.000000, 244.801001, 5.776965, 1.601736, 129.850940, 129.957725
23, 30.963141, 169.119453, 11.004122, 135.069091, 4.792607, 93.836237, 5.369558, 2.203483, 5.369558, 2.203483, 5.369558, 0.000000, 0.000000, -2082.983160, 9.177766, -34.138578, 95.610907, 135.069097
24, 40.000000, 30.939696, -131.962832, 2874.947852, 45.071271, 674342.931449, 11.307981, 71.796024, 14.204186, 71.796024, 14.204186, 0.000000, 0.000000, 1028.961651, 21.146675, -34.390649, 106.675556, 8462.732314
25, 32.853385, 1.083768, 12.294636, 102.597834, 5.436310, 8.335769, 2.576972, 2594.623548, 2.775939, 2594.623548, 2.775939, -1073741824.000000, 0.000000, 150.322402, 7.529785, 1.807144, 116.242182, 116.242182
26, 40.000000, 56.402860, 11.707663, 117.555525, 4.589320, 106.301925, 5.482758, 3.330182, 5.709744, 3.330182, 5.709744, 0.000000, 0.000000, 197.683986, 5.740721, 1.829268, 129.776633, 131.594886
27, 33.068449, 0.706781, 11.905421, 109.556055, 4.849698, 6.797409, 3.409028, 13.587032, 3.489077, 13.587032, 3.489077, 0.000000, 0.000000, 226.354038, 5.171553, 1.525594, 116.480034, 120.707593
28, 20.000000, 59.547881, -19.410392, 34.724417, 15.446285, 16.055629, 6.758319, 3.690335, 6.758319, 3.690335, 6.758319, 0.000000, 0.000000, 817.441726, 8.808140, 1.669900, 167.464991, 34.961740
29, 30.544275, 26.516354, -19.558803, 49.457668, 15.144411, 86.367218, 5.416332, 1.761718, 5.416332, 1.761718, 5.416332, 0.000000, 0.000000, 725.293627, 8.300513, 1.796865, 215.215021, 49.457679
30, 32.464175, 19.292210, 11.049311, 135.526232, 4.767087, 115.785289, 5.264446, 8.332185, 8.526497, 8.332185, 8.526497, -0.000000, 0.000000, -3694.263725, 10.904182, -148.663444, 94.820870, 135.526232
31, 30.255335, 0.739809, 11.835620, 107.614760, 4.567917, 6.589791, 2.260282, 6.418857, 2.326407, 6.418857, 2.326407, 0.000000, 0.000000, 310.728815, 5.593754, 1.512104, 123.795605, 124.838092
32, 30.721302, 0.921624, 11.635107, 106.620480, 4.799984, 0.655095, 6.426837, 2.962592, 6.426837, 2.962592, 6.426837, 0.000000, 0.000000, 227.403733, 6.722437, 1.723778, 126.066408, 126.066408
33, 40.000000, 572.258555, 11.241527, 131.029262, 5.049750, 121.251049, 5.362182, 99653.662678, 5.365331, 99653.662678, 5.365331, 0.000000, 0.000000, -5970.595619, 12.003242, -130.617041, 92.389817, 131.029262
34, 27.052002, 44.388849, -95.613629, 538.127600, 41.602631, 349697.565195, 8.726993, 2.053864, 5.471707, 2.053864, 5.471707, 0.000000, 0.000000, -5136.549038, 9.501087, -78.323527, 45.342508, 14895.384009
35, 27.250713, 6.041586, 11.359426, 118.538368, 4.653939, 11.910292, 6.129957, 2.816394, 6.129957, 2.816394, 6.129957, 0.000000, 0.000000, 206.224654, 5.495212, 1.521252, 129.623867, 130.679634
36, 39.999999, 1.185852, 11.661571, 112.307294, 4.455598, 0.484675, 7.599848, 6652.214190, 13.314713, 6652.214190, 13.314713, 0.000000, 0.000000, 246.871669, 6.002576, 1.831792, 130.861063, 131.202310
37, 20.000000, 13.167450, -35.348616, 953.096979, 11.744326, 18.826855, 6.376319, 2.498086, 6.376315, 2.498086, 6.376315, 0.000000, 0.000000, 736.336961, 7.985291, 2.080746, 149.135364, 953.234863
38, 26.348162, 1.397486, 11.765760, 110.181267, 4.348696, 5.056438, 1.501801, 1.801329, 1.503273, 1.801329, 1.503273, 0.000000, 0.000000, 287.200165, 5.445146, 1.663002, 125.124800, 127.520024
39, 20.519949, 1.842716, 11.164334, 130.070818, 5.087920, 1.146273, 16.741728, 4.603844, 7.279012, 4.603844, 7.279012, 0.000000, 0.000000, -25567.597870, 10.425056, -18.579828, 93.738630, 130.611822
40, 29.262716, 1.080672, 11.954833, 106.269387, 4.345695, 666.097587, 1.503062, 60571.676986, 3.006110, 60571.676986, 3.006110, 0.000000, 0.000000, 327.274631, 5.437839, 1.620629, 122.268174, 124.830767
41, 34.677561, 0.930447, 11.627725, 111.615480, 4.708514, 5.657510, 2.746135, 60427.570610, 3.818342, 60427.570610, 3.818342, 0.000000, 0.000000, 241.932950, 5.335800, 1.631311, 123.888526, 125.943108
42, 30.470558, 1.286236, 12.388752, 109.144955, 4.200988, 6.483912, 2.432061, 0.866955, 4.417840, 0.866955, 4.417840, 0.000000, 0.000000, 323.178782, 5.560726, 1.690442, 121.388010, 127.110067
43, 38.789775, 17.233678, 10.839520, 113.527225, 5.080688, 123.720061, 6.036411, 988176.269015, 7.210559, 988176.269015, 7.210559, 0.000000, 0.000000, 142.257849, 10.040766, 1.778827, 137.945566, 137.945566
44, 29.452873, 14.212536, -17.229809, 35.673456, 14.797931, 60.740837, 5.206063, 2.013259, 5.206166, 2.013259, 5.206166, 0.000000, 0.000000, 740.753245, 8.430439, 1.673593, 187.050072, 35.673463
45, 28.569090, 1.124765, 12.004843, 115.298695, 4.612072, 8.964342, 2.553904, 3305.278045, 2.715505, 3305.278045, 2.715505, -0.000008, 0.000000, 228.850500, 5.496894, 1.652687, 124.326200, 128.348420
46, 23.547443, 37.651825, -217.263730, 24707.182887, 60.408926, 91298.976698, 12.401605, 18259.795340, 12.401605, 18259.795340, 12.401605, -0.000008, 0.000000, 6789.271046, 7.990840, -12.962403, 45.761991, 54575.565470
47, 26.036138, 11.916514, -12.596322, 10446.841358, 2.134695, 39.398683, 4.307270, 1.449296, 4.307328, 1.449296, 4.307328, 0.000000, 0.000000, 738.604042, 7.311964, 1.979322, 146.473900, 10446.841358
48, 27.287852, 191.677469, 11.096556, 131.792614, 4.935659, 63.984711, 5.600815, 2.800810, 5.600847, 2.800810, 5.600847, 0.000000, 0.000000, -3184.258482, 6.689947, -3.606964, 93.707239, 131.793062
49, 28.003470, 832.144124, 10.284847, 131.876503, 4.474271, 106.814069, 6.063792, 2.414594, 6.063792, 2.414594, 6.063792, 0.000000, 0.000000, 134.611101, 15.439277, 1.403739, 131.879108, 131.879108
50, 30.503342, 28.540026, -19.841422, 37.258949, 15.167557, 90.812420, 5.362059, 1.848564, 5.362302, 1.848564, 5.362302, 0.000000, 0.000000, 749.128267, 8.261437, 1.691193, 222.851572, 37.258958
51, 26.957296, 1.160950, 12.167807, 110.171045, 4.436686, 6.615339, 1.946996, 60206.734802, 3.893992, 60206.734802, 3.893992, 0.000000, 0.000000, 306.322359, 5.255291, 1.530787, 119.245746, 124.854730
52, 34.807201, 1.134786, 12.889947, 102.778605, 4.915031, 22.980869, 2.302976, 48.004758, 4.440665, 48.004758, 4.440665, 0.000000, 0.000000, 207.152850, 6.476784, 2.044553, 115.734748, 118.251413
53, 28.078351, 0.597457, 11.733093, 121.410167, 4.793166, 248.649341, 2.064393, 1.064600, 2.064392, 1.064600, 2.064392, 0.000000, 0.000000, 127.753178, 6.230309, 2.127062, 131.739893, 132.665411
54, 25.575580, 1097.838704, 11.002821, 131.548463, 5.080064, 108.580427, 5.526848, 5.271887, 5.526848, 5.271887, 5.526848, 0.000000, 0.000000, 988.238060, 9.990197, -62.179505, 96.744304, 131.550894
55, 20.000000, 14.917680, -46.423793, 7840.086854, 13.175039, 0.000356, 7.168661, 3.980761, 6.933507, 3.980761, 6.933507, 0.000000, 0.000000, 726.373132, 7.661516, 1.827948, 147.092554, 7840.092286
56, 29.355823, 0.965795, 11.959740, 117.041453, 4.703375, 6.877000, 2.683882, 882.870752, 2.427478, 882.870752, 2.427478, 0.000000, 0.000000, 183.456007, 5.158749, 1.587259, 119.347573, 126.292233
57, 25.797548, 218.398950, 11.163272, 129.372186, 5.042930, 114.914861, 4.909624, 2.168931, 4.909624, 2.168931, 4.909624, 0.000000, 0.000000, 16519.990170, 0.584562, -19.724429, 92.315576, 129.372302
58, 24.515329, 15.084111, -11.032434, 15286.671511, 1.719276, 52.967444, 4.044955, 1.574065, 4.044955, 1.574065, 4.044955, 0.000000, 0.000000, 671.799380, 7.282802, 1.934546, 136.553020, 15286.671511
59, 24.606604, 1.107120, 11.158553, 112.284976, 4.531078, 5.728966, 2.209870, 2.229713, 3.792744, 2.229713, 3.792744, 0.000000, 0.000000, 248.946007, 5.270143, 1.692712, 128.263891, 129.032367
60, 30.695929, 0.891404, 11.252012, 109.893665, 4.822776, 34.380257, 1.547595, 822397.536169, 2.037865, 822397.536169, 2.037865, 0.000000, 0.000000, 203.971782, 5.855858, 1.765303, 125.755506, 125.765749
61, 36.302773, 1.093069, 11.570340, 115.781552, 4.647055, 5.469396, 3.427329, 60133.661319, 1.694443, 60133.661319, 1.694443, 0.000000, 0.000000, 213.665082, 5.742811, 1.616435, 128.646204, 129.473317
62, 36.033780, 6.637680, 11.709203, 108.961646, 4.433197, 37.058441, 4.566111, 13.583398, 4.834115, 13.583398, 4.834115, 0.000000, 0.000000, 270.689553, 6.025964, 1.756944, 128.690608, 128.883373
63, 23.159149, 3.125319, -35.141692, 5002.185005, 10.896727, 24.543183, 5.859299, 3.526908, 5.859299, 3.526908, 5.859299, 0.000000, 0.000000, -1147708.451440, 13.224302, -0.191948, 90.573682, 5002.194949
64, 20.000000, 16.435332, -37.760260, 1839.842963, 12.112000, 1.097685, 6.526625, 3.557100, 6.526623, 3.557100, 6.526623, 0.000000, 0.000000, 694.993968, 8.352291, 1.852194, 142.696246, 1839.853295
65, 26.917626, 12.874447, 11.612658, 124.211450, 5.021515, 16.001864, 3.650074, 2.041360, 3.650349, 2.041360, 3.650349, 125425216822719504935005676173760609700436911287704443259575797086510716680520579553954218751573460009201525841020271485474453602804835600036575945440366430066618102890803621392253945978949364234460701845147237394707970090803548019933850734859886996148018623454856274469925711251505152.000000, 0.000000, 731.431911, 7.423848, 0.136476, 219.441042, 219.441042
66, 26.883154, 8.556339, -69.940364, 192.352802, 37.002193, 94.081218, 7.964987, 83.658237, 6.136500, 83.658237, 6.136500, 0.000000, 0.000000, -902.239090, 11.666411, -19.311969, 91.956704, 192.786838
67, 36.561783, 0.718616, 9.807704, 138.465099, 4.041214, 0.594144, 7.168592, 3.780104, 7.168618, 3.780104, 7.168618, 0.000000, 0.000000, 240.551755, 16.640170, 1.125078, 128.254030, 138.465100
68, 20.000000, 20.548547, -25.223531, 306.638366, 11.271974, 113.071334, 5.565122, 2.197413, 6.025964, 2.197413, 6.025964, 0.000000, 0.000000, -1522.437747, 11.133953, -0.555184, 148.455680, 306.818496
69, 27.335025, 7.931781, 22.502210, -50.820734, 11.131822, 74.454688, 5.867082, 2.542583, 5.867082, 2.542583, 5.867082, 0.000000, 0.000000, 834.585786, 11.388160, 4.276709, 123.511711, 60.141106
70, 29.747887, 41.346513, 11.281709, 127.769697, 5.178520, 88.360788, 4.926458, 1.896710, 4.926458, 1.896710, 4.926458, 0.000000, 0.000000, 9035.024695, 5.354205, -472.715624, 91.070214, 127.769698
71, 31.274574, 32.512778, -20.885788, 41.489817, 15.622827, 99.231116, 5.465017, 2.017374, 5.647842, 2.017374, 5.647842, 0.000000, 0.000000, 752.337909, 8.787049, 1.614127, 236.658638, 41.489825
72, 30.641246, 1.629041, 12.473762, 105.730562, 4.395330, 7.187318, 2.390184, 1.141295, 3.868695, 1.141295, 3.868695, 0.000000, 0.000000, 322.030096, 5.659598, 1.606876, 118.415051, 122.668337
73, 24.763804, 1.897538, 11.523440, 114.948333, 4.340799, 7.625909, 3.118583, 1.532992, 5.304379, 1.532992, 5.304379, 0.000000, 0.000000, 267.660050, 5.619268, 1.702765, 131.961461, 132.967724
74, 33.239828, 1.619518, 11.589805, 127.811402, 5.095793, 1.418202, 14.548202, 4.690814, 6.326164, 4.690814, 6.326164, 0.000000, 0.000000, -3584.471601, 11.325556, -80.260898, 85.545671, 127.915698
75, 26.562568, 0.830812, 11.518596, 120.412639, 4.666452, 65.674684, 2.968577, 0.917294, 3.343585, 0.917294, 3.343585, 0.000000, 0.000000, 185.133330, 4.872002, 1.536524, 123.557090, 129.632758
76, 26.087215, 0.643056, 12.117673, 114.457979, 4.675828, 9.986601, 2.423885, 1.159843, 5.406139, 1.159843, 5.406139, 0.000000, 0.000000, 258.766876, 5.297457, 1.417265, 120.440629, 125.733932
77, 23.453168, 1.565534, 11.168201, 134.305002, 4.923192, 1.180520, 5.991337, 3.412718, 5.991336, 3.412718, 5.991336, 0.000000, 0.000000, -4208.282099, 10.454262, -76.247891, 94.176867, 134.305557
78, 25.727485, 13.419172, -39.534317, 2508.218475, 12.606246, 0.006881, 6.759904, 2.903357, 6.759903, 2.903357, 6.759903, 0.000000, 0.000000, 707.981241, 8.028887, 2.055981, 143.903621, 2508.218480
79, 20.000000, 475.331335, -0.863338, 33.456632, 13.743501, 122.082669, 5.170253, 2.225229, 5.170254, 2.225229, 5.170254, 0.000000, 0.000000, -2711.074438, 7.547657, -1.903778, 36.217190, 33.534974
80, 20.006126, 37.619721, -90.510503, 603.410086, 39.587296, 1.514816, 12.744263, 3.347697, 6.536151, 3.347697, 6.536151, 0.000000, 0.000000, -247.335277, 12.172500, -2.684617, 52.361295, 603.888829
81, 32.351627, 0.881845, 11.731506, 111.223563, 4.408502, 6.277172, 2.411691, 867216.328899, 5.544434, 867216.328899, 5.544434, 0.000000, 0.000000, 286.241719, 5.741158, 1.617179, 128.353366, 129.212712
82, 30.639731, 1.518757, 11.653669, 106.067212, 4.321607, 6.104117, 2.467128, 297.288701, 2.598921, 297.288701, 2.598921, 0.000000, 0.000000, 330.769490, 5.803630, 1.582788, 127.139812, 127.307077
83, 35.831881, 0.657764, 11.429611, 114.725245, 4.678764, 12.921474, 3.635510, 0.830722, 5.360966, 0.830722, 5.360966, 0.000000, 0.000000, 210.640635, 6.568299, 1.666200, 132.055394, 132.055394
84, 30.672577, 1.961757, 11.367088, 126.827747, 5.142129, 1.638053, 16.398225, 4.112756, 7.129663, 4.112756, 7.129663, 0.000000, 0.000000, -853.769298, 11.811931, -19.736687, 88.890900, 127.112693
85, 33.641873, 13.995001, -90.565872, 797.673831, 38.256784, 938192.045225, 7.081947, 60.368055, 6.729230, 60.368055, 6.729230, 0.000000, 0.000000, 6209.648544, 8.669700, -75.584188, 84.200699, 1054.198847
86, 35.821102, 0.967851, 12.317108, 103.843603, 4.799714, 9.131254, 2.938919, 22.993263, 3.012265, 22.993263, 3.012265, -nan, 0.000000, 257.014738, 5.687963, 1.727684, 116.460495, 119.235818
87, 40.000000, 0.969447, 12.378044, 102.220064, 4.671514, 8.442344, 7.048947, 3.084225, 11.753605, 3.084225, 11.753605, 0.038701, 0.000000, 274.630508, 6.070368, 1.832762, 119.735440, 121.088569
88, 20.000000, 28.046348, -21.025270, 48.508233, 15.467227, 90.756166, 5.630360, 1.639489, 5.630360, 1.639489, 5.630360, 0.000000, 0.000000, 750.335039, 8.364274, 1.759584, 171.726570, 48.714270
89, 40.000000, 35.070118, -142.909414, 13883.974624, 42.798465, 721616.228392, 10.814531, 146.217837, 14.240122, 146.217837, 14.240122, 0.000000, 0.000000, 2647.405302, 8.721768, -40.705414, 121.178272, 17625.416915
90, 34.903886, 0.835469, 11.937180, 115.425268, 4.626452, 13.490987, 2.512611, 0.955929, 4.439995, 0.955929, 4.439995, 0.000000, 0.000000, 185.781405, 5.601952, 1.877918, 124.161406, 128.059034
91, 20.000485, 17.523299, -32.357527, 1708.131392, 10.605182, 66.930816, 5.745992, 2.647986, 5.835924, 2.647986, 5.835924, 0.000000, 0.000000, 821.836687, 8.550423, 1.564037, 177.606715, 1708.288263
92, 29.659413, 0.825822, 11.329743, 120.547310, 4.718461, 6.146018, 1.805324, 3.956827, 3.610648, 3.956827, 3.610648, 0.000000, 0.000000, 129.510286, 6.659453, 2.210930, 134.026236, 134.026236
93, 20.000000, 29.534426, -21.019150, 15.469568, 15.575533, 87.848798, 5.818267, 1.841602, 5.818267, 1.841602, 5.818267, 0.000000, 0.000000, 707.020707, 7.616670, 1.881788, 165.919793, 17.858297
94, 32.389413, 8.295439, -83.879696, 6198.087862, 25.093112, 558255.755151, 4.817099, 33.113622, 4.447179, 33.113622, 4.447179, 0.000000, 0.000000, 784.909505, 8.428645, 1.620203, 168.745432, 6198.087947
95, 20.000000, 14.718772, -46.607262, 1996.660641, 13.495891, 0.000010, 7.928543, 7.440382, 7.127844, 7.440382, 7.127844, 0.000000, 0.000000, 694.559279, 7.641890, 1.984362, 136.255154, 1996.660646
96, 20.000000, 35.226623, -22.423843, 30.597928, 16.286698, 112.167476, 5.701843, 2.041613, 5.701843, 2.041613, 5.701843, 0.000000, 0.000000, 701.286467, 8.308285, 1.831585, 157.238488, 32.713578
97, 38.937719, 5.837460, 10.430676, 136.807780, 4.823749, 55.420900, 6.019534, 95367.874460, 6.625734, 95367.874460, 6.625734, 0.000000, 0.000000, -183189.193395, 10.350005, -534.690269, 106.552749, 136.807780
98, 26.556836, 14.228365, -38.421454, -491.501398, -1.364069, 500000.004270, 1.042142, 3.945054, 0.544076, 3.945054, 0.544076, 0.000000, 0.000000, 677.921204, 7.940816, 1.893784, 122.470286, -0.594226
99, 37.211194, 1.041403, 11.841042, 104.472836, 5.110191, 24.125146, 3.782656, 5.301098, 4.288475, 5.301098, 4.288475, 0.000000, 0.000000, 205.526139, 6.107924, 1.686803, 118.720113, 118.859909
100, 37.610305, 6.221965, -26.017870, 180.786914, 9.590295, 121.384618, 5.470131, 2.105178, 6.707942, 2.105178, 6.707942, 0.000000, 0.000000, -1110812.601657, 4.759848, -6.245803, 86.074713, 180.786914
101, 20.000000, 15.539420, -4.707045, -602257.358853, 0.000071, 34.536610, 4.251509, 1.198771, 4.251509, 1.198771, 4.251509, 0.000000, 0.000000, 732.000606, 7.572066, 1.832402, 137.988087, 0.068435
102, 39.999998, 0.842816, 12.086471, 110.916969, 4.317793, 0.433512, 8.169178, 90.501432, 18.789034, 90.501432, 18.789034, 0.000000, 0.000000, 275.587496, 5.651315, 1.868828, 125.890253, 129.476985
103, 40.000000, 44.634751, -182.868375, 3743.550745, 58.546997, 500000.000000, 12.887100, 300540.449561, 14.820165, 300540.449561, 14.820165, 0.000000, 0.000000, -691.298166, 10.509701, -2.496329, 118.856624, 16240.436449
104, 26.087284, 0.882511, 11.213777, 128.022200, 4.542381, 12.134439, 2.383839, 1.519199, 4.538917, 1.519199, 4.538917, 0.000000, 0.000000, 139.520732, 5.216700, 1.631648, 133.343737, 136.518863
105, 40.000000, 10.619525, -150.179832, 1052652.285179, -32.283331, 8007.015155, 7.732238, 111.529930, 15.197192, 111.529930, 15.197192, 0.000000, 0.000000, 802.106539, 8.097138, 1.699078, 156.683145, 1052652.297547
106, 40.000000, 262.314569, 10.521727, 132.661111, 5.054459, 80.521220, 5.689821, 15908.623869, 6.227001, 15908.623869, 6.227001, 0.000000, 0.000000, -2670.761031, 12.437279, -155704.695157, 104.359320, 132.661111
107, 40.000000, 2.977078, 11.147360, 134.262429, 4.821108, 96.028756, 5.766233, 2.613334, 8.667163, 2.613334, 8.667163, 0.000000, 0.000000, 9011.596695, 7.494058, -7.333365, 93.072332, 134.262429
108, 29.666974, 0.986591, 11.405047, 111.642917, 4.726754, 5.073992, 1.851448, 11000.349534, 3.736301, 11000.349534, 3.736301, 0.000000, 0.000000, 209.482779, 6.455159, 1.795561, 129.790695, 129.790695
109, 23.637413, 1.113922, 12.025328, 113.229486, 4.636188, 15.360230, 1.604416, 995960.770490, 1.700617, 995960.770490, 1.700617, 0.000000, 0.000000, 226.408567, 5.588398, 1.502733, 121.477972, 124.825684
110, 39.999638, 0.951147, 11.270161, 101.834592, 4.850327, 0.049959, 6.754483, 45943.861660, 10.798170, 45943.861660, 10.798170, 0.000000, 0.000000, 213.647774, 8.073109, 2.332265, 131.256069, 131.256069
111, 26.139527, 526.662068, 10.862181, 137.434748, 4.885370, 90.749893, 5.846139, 4.121756, 6.557064, 4.121756, 6.557064, 0.000000, 0.000000, -180281.187441, 11.439025, -18.560272, 100.878681, 137.438885
112, 40.000000, 28.535286, -125.374478, 1352.897133, 46.626231, 962212.585638, 6.373923, 50.826373, 13.178314, 50.826373, 13.178314, 0.000000, 0.000000, -505.231067, 11.722630, -18.243415, 93.142514, 1352.899839
113, 29.797462, 12.016090, 11.161609, 131.646871, 4.831087, 27.870115, 6.016081, 2.955608, 6.016081, 2.955608, 6.016081, 0.000000, 0.000000, -1936.916558, 10.386287, -0.985354, 91.166897, 131.647002
114, 22.375301, 0.617619, 12.001259, 99.321677, 4.925226, 7.032596, 2.537854, 18.925995, 5.177299, 18.925995, 5.177299, 0.000000, 0.000000, 250.679532, 6.203562, 1.902201, 119.165272, 119.241882
115, 25.702514, 1.392415, 11.691637, 101.996100, 4.797690, 2.839658, 6.838035, 2.720646, 6.838035, 2.720646, 6.838035, 0.000000, 0.000000, 247.583210, 6.745158, 1.965580, 125.716840, 125.716840
116, 28.947525, 1.287166, 12.215556, 107.323467, 4.690266, 6.491599, 1.677115, 229.903602, 3.317058, 229.903602, 3.317058, 0.000000, 0.000000, 257.901592, 6.120289, 1.613625, 122.264649, 123.182008
117, 27.309358, 1.095004, 11.431020, 107.408563, 4.879338, 5.067197, 2.121378, 1.142184, 1.984890, 1.142184, 1.984890, 0.000000, 0.000000, 220.489542, 5.961245, 1.695685, 123.789130, 123.790609
118, 22.578463, 15.358263, -32.543027, 1040.785799, 11.052276, 94.693858, 6.053579, 2.676432, 6.053579, 2.676432, 6.053579, 0.000000, 0.000000, 745.236920, 7.853065, 1.844583, 150.021511, 1040.876252
119, 29.467844, 1.733455, 12.039984, 111.961271, 4.597551, 5.873921, 1.206380, 60494.124192, 2.412761, 60494.124192, 2.412761, 0.000000, 0.000000, 220.994016, 5.637388, 1.699769, 121.939744, 125.290106
120, 30.869233, 1.357866, 11.250289, 128.619782, 5.128622, 12.865985, 5.882013, 1.203036, 3.577935, 1.203036, 3.577935, 0.000000, 0.000000, 71468.540187, 10.024542, 0.007570, 13036.182846, 13036.182846
121, 20.000119, 23.697359, -24.260205, 30.059565, 15.812312, 120.671710, 5.948795, 2.357810, 5.950783, 2.357810, 5.950783, 0.000000, 0.000000, 721.258045, 7.794185, 1.803308, 156.416777, 33.616541
122, 40.000000, 23.660535, 10.984521, 132.537840, 5.038869, 62.028673, 4.757739, 10166.950696, 7.249281, 10166.950696, 7.249281, 0.000000, 0.000000, -897.622078, 10.673559, -17.506484, 97.259452, 132.537840
123, 27.334587, 1.108077, 11.835173, 112.415279, 4.729271, 8.640415, 2.744854, 135652.718260, 2.849117, 135652.718260, 2.849117, 0.000000, 0.000000, 225.968784, 5.978715, 1.706205, 127.189412, 127.844156
124, 29.581695, 1.145840, 11.666024, 109.118601, 4.816940, 5.026241, 1.708531, 0.986525, 3.599562, 0.986525, 3.599562, 0.000000, 0.000000, 220.229101, 6.264581, 1.738713, 126.091952, 126.091952
125, 28.518714, 0.658896, 12.068418, 106.689471, 4.638179, 9.386192, 3.314865, 2489.817539, 4.326741, 2489.817539, 4.326741, 0.000000, 0.000000, 265.476882, 5.811899, 1.746404, 122.491636, 124.013398
126, 25.213505, 13.349768, -13.943816, 31.077172, 13.872101, 44.824115, 4.556346, 1.560412, 4.556337, 1.560412, 4.556337, 0.000000, 0.000000, 741.839286, 8.919196, 1.729427, 180.203597, 31.077182
127, 34.431799, 1.776314, 11.799176, 104.036170, 4.522010, 4.949648, 1.653625, 3.409959, 3.046869, 3.409959, 3.046869, 0.000000, 0.000000, 280.207662, 6.207307, 1.904757, 127.016609, 127.035142
128, 32.723190, 46.815314, -21.753826, 59.283632, 15.514444, 118.142679, 5.385188, 4.328648, 5.385195, 4.328648, 5.385195, 0.000000, 0.000000, 719.960600, 8.885674, 1.664587, 246.823552, 59.283633
129, 40.000000, 30.575380, -127.744761, 369.704510, 54.227422, 0.117831, 14.088444, 64.529790, 14.166849, 64.529790, 14.166849, 0.000000, 0.000000, -566.258572, 11.250976, -22.966254, 87.185593, 369.706604
130, 29.795280, 2.519373, 12.113403, 97.500093, 4.571967, 93.573374, 6.006059, 2.102857, 6.006059, 2.102857, 6.006059, 0.000000, 0.000000, 260.458324, 6.900441, 2.352771, 124.563844, 124.563844
131, 23.351698, 3.839639, -35.558401, 1968.338103, 11.845299, 10.684003, 6.200906, 2.763751, 6.200906, 2.763751, 6.200906, 0.000000, 0.000000, -4224.382796, 10.623557, -0.122087, 87.643192, 1968.347001
132, 30.343960, 0.790632, 11.620658, 108.224778, 4.926359, 8.440629, 2.209687, 2100.002692, 4.161704, 2100.002692, 4.161704, 0.000000, 0.000000, 213.876972, 6.536636, 1.835065, 126.801431, 126.801431
133, 24.205770, 13.104260, 12.385591, 105.962262, 4.611587, 15.856580, 4.188973, 1.232456, 4.188973, 1.232456, 4.188973, 0.000000, 0.000000, 271.623872, 5.920249, 1.741142, 120.500782, 122.895348
134, 31.104346, 1.690481, 10.937576, 131.419895, 4.982004, 72.796303, 5.532337, 20.799497, 4.769271, 20.799497, 4.769271, 0.000000, 0.000000, -3293.050983, 9.091774, -88.282210, 96.472670, 131.419905
135, 24.150924, 10.987688, -11.101403, 12285.323469, 1.843103, 34.436660, 4.313509, 1.415945, 4.314314, 1.415945, 4.314314, 2.727532, 0.000000, 755.801672, 7.994915, 2.002801, 152.567200, 12285.323475
136, 20.000000, 130.803988, -3.536688, 24.608974, 17.158750, 119.132806, 5.303742, 1.993319, 5.303742, 1.993319, 5.303742, 0.000000, 0.000000, 2910.267395, 10.449350, -0.428520, 44.781041, 25.769489
137, 23.547693, 1.281801, 12.113834, 109.591825, 4.531948, 6.487368, 1.650914, 14519.064545, 1.754797, 14519.064545, 1.754797, 0.000000, 0.000000, 278.714186, 5.618209, 1.609811, 122.331477, 125.208143
138, 25.551690, 12.893983, -39.131337, 1102.231762, 12.836777, 84.106614, 6.942978, 3.732397, 6.942978, 3.732397, 6.942978, 0.000000, 0.000000, 699.032334, 8.527461, 2.204678, 145.960837, 1102.328292
139, 27.568421, 0.987717, 12.146996, 110.032203, 4.848035, 6.886754, 2.038036, 931079.062078, 3.834454, 931079.062078, 3.834454, 0.000000, 0.000000, 214.960704, 5.560962, 1.696497, 118.910066, 122.552031
140, 28.321236, 1.238351, 12.395010, 103.703726, 4.723674, 10.339062, 2.596290, 1979.915199, 4.762760, 1979.915199, 4.762760, 0.000000, 0.000000, 265.807218, 5.981751, 1.647337, 117.642381, 119.425036
141, 26.593216, 580.184845, 11.481558, 134.026028, 4.815826, 97.203081, 5.458632, 2.551823, 5.458632, 2.551823, 5.458632, 0.000000, 0.000000, -2784.246844, 10.764345, -62.299915, 87.263334, 134.026710
142, 35.826088, 2.139219, -24.697984, 2105.808335, 8.393088, 130.647040, 4.951907, 1.944783, 4.614522, 1.944783, 4.614522, 0.000000, 0.000000, -1120262.786328, -3.644309, -25.748659, 94.280604, 2105.808335
143, 21.304467, 13.519405, -28.305723, 58.100693, 17.601311, 52.988580, 6.288464, 2.708251, 6.288464, 2.708251, 6.288464, 0.000000, 0.000000, 752.174062, 8.982282, 1.776216, 153.179716, 58.301923
144, 27.605585, 0.553106, 11.975976, 117.085714, 4.861490, 6.661747, 3.070713, 56.954769, 3.413807, 56.954769, 3.413807, 0.000000, 0.000000, 168.214477, 6.100103, 1.510050, 125.619902, 126.814783
145, 40.000000, 9.127461, 11.034841, 126.742473, 5.161229, 47.944205, 4.824324, 1.775137, 8.863433, 1.775137, 8.863433, 0.000000, 0.000000, 30864.983951, 2.092906, -19.561733, 93.656653, 126.742473
146, 29.380587, 0.861470, 11.982058, 105.015553, 4.651749, 11.374654, 3.618880, 1.150170, 3.618889, 1.150170, 3.618889, 0.000000, 0.000000, 251.891735, 5.611167, 1.948831, 120.868552, 123.122161
147, 22.741337, 1.689956, 11.759350, 106.881942, 5.014357, 8.549861, 2.916967, 8.867157, 4.672500, 8.867157, 4.672500, 0.000000, 0.000000, 199.506779, 6.193740, 1.829996, 122.430972, 122.510210
148, 26.428015, 1.550412, 11.322418, 124.958156, 5.201716, 11.540820, 3.801891, 11.213743, 3.459540, 11.213743, 3.459540, 0.000000, 0.000000, -201533.444978, 10.553217, -3.433802, 88.761349, 124.958156
149, 27.863517, 17.281407, -45.644659, 2737.965187, 13.988625, 0.000000, 8.710843, 4.075377, 7.443385, 4.075377, 7.443385, 0.000000, 0.000000, 728.189915, 8.601977, 2.060515, 162.532969, 2737.965187
150, 25.908770, 4.086214, 11.936801, 102.189523, 4.809165, 18.473013, 4.690545, 1.125270, 4.690545, 1.125270, 4.690545, 0.000000, 0.000000, 274.990705, 6.307239, 1.753303, 123.120761, 123.120761
151, 20.000000, 41.297146, -21.288920, 43.426129, 15.713040, 104.772059, 5.690061, 1.811171, 5.690061, 1.811171, 5.690061, 0.000000, 0.000000, 789.376953, 8.601128, 1.682248, 178.640043, 44.527155
152, 21.824315, 4.240018, -32.416822, 2185.321166, 10.584675, 65.103095, 5.646219, 2.466621, 6.095642, 2.466621, 6.095642, -nan, 0.000000, -1227.233716, 1.952732, -0.468476, 88.139315, 2185.358277
153, 33.771376, 1.152610, 12.343170, 110.139720, 4.548224, 9.747036, 1.614697, 60392.042036, 3.188783, 60392.042036, 3.188783, 0.000000, 0.000000, 260.594769, 5.500538, 1.630422, 118.331839, 123.862031
154, 25.897544, 15.355127, -39.912510, 2426.294311, 12.200862, 213.103176, 6.502392, 3.413440, 6.502392, 3.413440, 6.502392, 0.000000, 0.000000, 721.359163, 8.064645, 1.872706, 148.569315, 2426.370956
155, 37.626082, 0.821291, 12.098497, 110.009188, 4.867617, 32.325881, 3.029462, 1.018783, 5.269689, 1.018783, 5.269689, 0.000000, 0.000000, 254.350016, 5.391154, 1.457261, 118.422324, 121.926735
156, 20.000000, 15.477039, -33.131699, 1134.304567, 10.862966, 53.263603, 5.880055, 2.599935, 5.880055, 2.599935, 5.880055, -nan, 0.000000, 742.778264, 8.073943, 1.945415, 152.150878, 1134.468811
157, 35.044606, 0.859259, 12.120208, 117.267478, 4.468426, 13.301874, 3.290346, 1.202384, 6.035332, 1.202384, 6.035332, 0.000000, 0.000000, 216.470499, 5.626182, 1.701431, 125.126157, 130.017698
158, 36.895677, 12.366508, -28.495233, 1910.128762, -0.036038, 29.955472, 5.551426, 1.446112, 4.824054, 1.446112, 4.824054, 0.000000, 0.000000, 720.398808, 7.463491, 2.178876, 159.203061, 1910.128762
159, 28.205616, 666.990582, 11.555449, 110.223388, 4.572787, 102.442682, 6.159287, 2.266252, 6.159287, 2.266252, 6.159287, 0.000000, 0.000000, 262.602941, 5.834903, 1.716774, 128.758733, 128.964897
160, 20.000000, 16.594081, -36.357695, 1333.112551, 11.779464, 5.529100, 6.351902, 2.899134, 6.351902, 2.899134, 6.351902, 0.000000, 0.000000, 733.364689, 8.324298, 1.977105, 148.000733, 1333.151463
161, 23.282905, 0.869966, 12.348908, 94.445498, 4.426604, 6.163721, 2.348315, 1.273507, 4.829102, 1.273507, 4.829102, 0.000000, 0.000000, 362.062489, 6.054816, 1.885733, 120.365862, 120.830296
162, 39.999999, 16.426063, 6.366238, 529.514764, -0.024073, 12.913708, 3.121335, 117.526490, 5.029404, 117.526490, 5.029404, 0.000000, 0.000000, 621.393485, 7.532586, 2.157146, 639.025411, 639.025411
163, 32.659300, 8.824829, 11.837715, 126.177987, 5.171264, 81.349874, 5.191231, 214.764448, 5.631249, 214.764448, 5.631249, 0.000000, 0.000000, -219928.309968, 11.177942, -135019.229806, 81.757761, 126.177987
164, 26.660080, 1.017020, 12.265824, 101.005813, 4.840356, 11.271305, 3.577205, 58.973617, 3.577393, 58.973617, 3.577393, -nan, 0.000000, 257.814436, 6.739460, 1.889378, 122.459293, 122.459293
165, 25.167796, 14.657518, -38.462845, 2480.133585, 12.072721, 121.508511, 6.461091, 3.041507, 6.461091, 3.041507, 6.461091, 0.000000, 0.000000, 734.006713, 8.143940, 1.934705, 148.699170, 2480.195254
166, 27.380135, 0.736679, 12.189834, 101.728860, 4.408206, 9.492480, 3.248586, 3.703678, 6.432446, 3.703678, 6.432446, 0.000000, 0.000000, 299.150880, 5.861373, 1.934345, 121.627491, 123.386769
167, 34.548379, 131.198981, 11.390147, 128.518479, 5.177935, 73.544007, 6.136763, 61757.235920, 8.007650, 61757.235920, 8.007650, -27750886378399487652119109127819371178943404878929161492887359542006927934789526679990423086274967393540402397784842601344705683979014200318591969994322467666534626676887221004281950600913408088798840418390492261994184780680265728000.000000, 0.000000, 3749.401191, 9.595245, -302.875434, 90.011959, 128.518488
168, 26.017759, 12.540912, 11.768088, 125.621658, 5.078442, 108.273253, 5.545864, 2.407046, 5.631830, 2.407046, 5.631830, 0.000000, 0.000000, -239497.924251, 10.803832, -63.414072, 81.145726, 125.623458
169, 40.000000, 8.862176, 11.631822, 125.857915, 5.240501, 15.673918, 6.046520, 998679.417438, 6.544100, 998679.417438, 6.544100, 0.000000, 0.000000, -249073.727071, 11.079600, -252.975826, 85.452196, 125.857915
170, 29.451663, 19.948718, -18.126538, 28.497707, 15.195169, 72.832129, 5.240824, 1.762308, 5.240825, 1.762308, 5.240825, 0.000000, 0.000000, 734.792716, 9.022491, 1.731935, 203.412610, 28.497718
171, 24.694936, 9.644492, -60.952100, 4292.645417, 0.282834, 970631.958076, 5.318888, 40.629932, 4.356491, 40.629932, 4.356491, 0.000000, 0.000000, 769.126232, 7.660096, 1.823870, 156.998223, 4312.886165
172, 36.998851, 0.849646, 12.251788, 110.553308, 4.614702, 9.943138, 3.489010, 342634.321488, 3.602393, 342634.321488, 3.602393, 0.000000, 0.000000, 260.823569, 5.870576, 1.666420, 123.764688, 126.155335
173, 21.871600, 16.742634, -31.911622, 343.273910, 10.494731, 71.299664, 6.436132, 2.963523, 5.694531, 2.963523, 5.694531, 0.000000, 0.000000, 708.758399, 8.736117, 1.975046, 147.317809, 343.497682
174, 31.069506, 25.017640, -19.591387, 32.497606, 15.715433, 80.607374, 5.593117, 1.955099, 5.608126, 1.955099, 5.608126, 0.000000, 0.000000, 689.371867, 8.547901, 1.978476, 200.117306, 32.497622
175, 31.989960, 0.723915, 11.276569, 104.504047, 4.708125, 6.027131, 1.246845, 60673.787837, 2.492937, 60673.787837, 2.492937, 0.000000, 0.000000, 266.747674, 6.028545, 1.794089, 126.815757, 126.815757
176, 26.624992, 13.062177, -40.988392, 2675.552071, 12.874351, 0.000128, 6.887074, 3.716005, 6.886024, 3.716005, 6.886024, 0.000000, 0.000000, 697.350065, 8.742859, 2.105555, 146.925396, 2675.552071
177, 31.987753, 1.180112, 12.004018, 103.554502, 4.306803, 16.697122, 4.074368, 218342.102729, 4.074378, 218342.102729, 4.074378, 0.000000, 0.000000, 370.254855, 5.255555, 1.545491, 119.396876, 122.491243
178, 33.043197, 9.703272, 10.087552, 127.399099, 4.448878, 68.189813, 5.671740, 1.900043, 6.036541, 1.900043, 6.036541, 0.000000, 0.000000, 197.921875, 16.448963, 1.237071, 123.660641, 127.399102
179, 39.999995, 1.188582, 12.204818, 103.256223, 4.315166, 0.038678, 8.529772, 126498.560537, 9.942842, 126498.560537, 9.942842, 0.000000, 0.000000, 295.404850, 6.522400, 1.994016, 127.880398, 128.036024
180, 20.000000, 34.727870, -4.215301, 40.220671, 17.191517, 67.215726, 5.062956, 1.743608, 7.986206, 1.743608, 7.986206, 0.000000, 0.000000, -534.759835, 10.017950, -38.828293, 47.508772, 40.250068
181, 29.010232, 15.037522, -18.325373, 32.029942, 14.816161, 61.254840, 5.309172, 1.348648, 5.352673, 1.348648, 5.352673, 0.000000, 0.000000, 722.000550, 8.072704, 1.981661, 190.031107, 32.029963
182, 32.052428, 1.071184, 11.957938, 108.485431, 4.797195, 14.360590, 1.861246, 60084.807004, 3.398522, 60084.807004, 3.398522, 0.000000, 0.000000, 253.061881, 6.077626, 1.487105, 122.997021, 123.309115
183, 40.000000, 34.690144, -134.253548, 2400.594416, 46.161477, 100163.557931, 8.314997, 98.673194, 12.586143, 98.673194, 12.586143, 0.000000, 0.000000, -1242.354635, 9.900286, -15.866946, 108.158992, 2401.730745
184, 20.000000, 11.646856, -44.256608, 733.708227, 14.148552, 0.000000, 14.376968, 4.618912, 7.569052, 4.618912, 7.569052, 0.000000, 0.000000, 674.039892, 8.597112, 2.279028, 133.679500, 733.708254
185, 33.022585, 1.187101, 12.003141, 112.290706, 4.377236, 0.583384, 6.254515, 3.262069, 6.253570, 3.262069, 6.253570, 0.000000, 0.000000, 290.298075, 5.490386, 1.574428, 124.465861, 127.977856
186, 32.386516, 270.661126, 10.959875, 132.905232, 4.961298, 116.401582, 5.460120, 2.134914, 5.460143, 2.134914, 5.460143, 0.000000, 0.000000, 5514.635617, 8.773668, -1617.233490, 96.965375, 132.905235
187, 20.000000, 20.824499, -35.374566, 154.359452, 18.108923, 0.000000, 16.310398, 4.376136, 7.169151, 4.376136, 7.169151, 0.000000, 0.000000, 724.619260, 8.666233, 1.770545, 170.678190, 154.359458
188, 20.000000, 17.942700, -47.124339, 10482.063689, 13.745209, 0.000000, 8.126174, 59.087407, 6.930567, 59.087407, 6.930567, 0.000000, 0.000000, 7146.630872, 8.179406, -13.689163, 93.055490, 10482.136329
189, 36.624220, 11.522309, 3.259197, 11.485355, 9.622031, 0.000095, 10.735340, 3.386423, 6.918590, 3.386423, 6.918590, 0.000000, 0.000000, 642.596401, 8.418065, 2.043821, 126.291471, 126.291471
190, 22.525184, 9.113414, -55.338415, 2550.626300, 2.810643, 583809.353303, 5.261945, 22.223353, 5.260810, 22.223353, 5.260810, 0.000000, 0.000000, 740.853704, 8.214456, 2.121925, 150.159415, 2802.107276
191, 38.711570, 2.031022, 11.386759, 131.039775, 4.887672, 1.543433, 15.301107, 811387.141452, 7.715876, 811387.141452, 7.715876, 0.000000, 0.000000, -3907.780868, 12.233888, -0.283872, 87.950036, 131.102673
192, 26.225223, 15.403192, 11.336794, 130.318422, 5.088267, 1.963759, 6.605068, 3.501615, 6.605068, 3.501615, 6.605068, 0.000000, 0.000000, -2844.840632, 11.439461, -0.588129, 90.934455, 130.319163
193, 23.016611, 0.799201, 11.938361, 112.867665, 4.686604, 22.651968, 2.076603, 1.069434, 3.009860, 1.069434, 3.009860, 0.000000, 0.000000, 199.459151, 6.068635, 1.806598, 126.110284, 127.186350
194, 29.021502, 0.912211, 11.803140, 106.608911, 4.720364, 9.061699, 3.324848, 980636.596137, 3.441598, 980636.596137, 3.441598, 0.000000, 0.000000, 221.007050, 6.426320, 1.949585, 125.644967, 125.648048
195, 34.382801, 4.557705, 11.040141, 128.838509, 5.169849, 85.297742, 5.613902, 2.199631, 5.613902, 2.199631, 5.613902, 0.000000, 0.000000, 25681.983774, 11.482447, -192.005661, 95.225632, 128.838509
196, 28.417569, 0.703148, 11.919618, 120.470041, 4.527060, 13.848463, 3.812585, 184120.656817, 3.813142, 184120.656817, 3.813142, 0.000000, 0.000000, 180.923927, 6.526111, 1.956357, 135.380042, 135.692758
197, 32.298726, 1.065475, 11.896000, 116.101840, 4.455306, 6.702079, 1.753343, 2.668611, 2.851774, 2.668611, 2.851774, 0.000000, 0.000000, 214.897755, 5.505976, 1.829444, 125.917728, 130.183294
198, 30.262231, 0.998550, 11.998220, 112.718283, 4.761387, 6.515749, 1.351882, 3029.629142, 2.541879, 3029.629142, 2.541879, 0.000000, 0.000000, 209.643237, 5.720915, 1.682553, 123.101254, 125.545635
199, 27.127710, 1.610548, 11.760062, 106.624034, 4.672560, 6.251055, 2.597089, 1.604223, 2.798406, 1.604223, 2.798406, 0.000000, 0.000000, 218.076042, 5.794289, 2.042463, 122.971838, 124.164281
200, 31.396957, 4.485970, 11.723650, 128.297997, 5.156152, 96.095637, 5.360872, 4.223115, 6.986127, 4.223115, 6.986127, 0.000000, 0.000000, -3172.879690, 13.766769, -1.781356, 84.630959, 128.298001
201, 37.721334, 80.576794, 11.436111, 125.185152, 5.230343, 53.786547, 6.098414, 648191.343603, 6.099615, 648191.343603, 6.099615, 0.000000, 0.000000, -1043.514643, 10.651521, -20.956976, 87.652821, 125.185152
202, 35.312597, 8.526790, 12.060215, 106.230025, 4.576236, 42.477479, 7.009414, 2.648214, 7.009414, 2.648214, 7.009414, 0.000000, 0.000000, 280.739284, 6.218228, 1.799748, 126.679846, 126.943327
203, 25.061161, 1.644210, 12.316952, 100.780817, 4.411629, 5.369075, 1.358122, 993033.009341, 3.123680, 993033.009341, 3.123680, 0.000000, 0.000000, 281.040053, 6.345010, 1.981989, 122.316254, 123.009506
204, 36.839007, 4.789901, -99.341928, 231.211587, 46.410810, 10079.218481, 5.363220, 105.254811, 5.142137, 105.254811, 5.142137, 0.000000, 0.000000, 24946.286217, 1.633863, -17.709156, 92.671190, 231.211587
205, 25.033979, 435.293863, 11.934978, 114.584538, 4.728838, 114.118881, 5.320790, 5844.917347, 5.331873, 5844.917347, 5.331873, 0.000000, 0.000000, 206.361594, 6.622718, 1.642440, 129.703294, 129.703366
206, 20.000019, 9.758854, -58.868906, 15109.516799, 16.010704, 0.002365, 8.394869, 8.071282, 9.388504, 8.071282, 9.388504, 0.000000, 0.000000, 700.171411, 8.262008, 2.102043, 136.072696, 15109.518044
207, 20.000000, 15.151034, -33.944410, 838.332001, 11.231880, 32.098205, 6.102608, 2.875577, 6.102608, 2.875577, 6.102608, 0.000000, 0.000000, 728.841237, 8.562436, 2.000846, 147.583342, 838.481834
208, 36.916439, 1.794012, 11.437830, 130.368948, -5.030232, 1.641663, 13.995549, 3.694568, 8.720325, 3.694568, 8.720325, 0.000000, 0.000000, -3515.505141, 10.719162, -102.916374, 88.674600, 130.419592
209, 20.000006, 33.971688, -42.657746, 7962.342238, 12.364819, 197.394440, 6.534397, 29.928073, 7.216644, 29.928073, 7.216644, 0.000000, 0.000000, -1143506.682472, 11.097098, -1.777067, 99.689112, 7964.173565
210, 23.588357, 374.442162, 11.236637, 56.441350, 6.588611, 118.755712, 5.592435, 2.296613, 5.602481, 2.296613, 5.602481, 0.000000, 0.000000, 3109.312040, 7.690246, -30.772529, 45.990735, 56.457680
211, 39.999966, 4.021037, 11.580296, 129.567590, 5.032885, 28.199123, 6.131367, 52799.448979, 12.646851, 52799.448979, 12.646851, 0.000000, 0.000000, -24442.352152, 18.741527, -77815.067620, 85.946983, 129.567590
212, 36.065620, 16.590526, -98.768707, 1048.983066, 40.340939, 0.408187, 15.560584, 52.656685, 7.265535, 52.656685, 7.265535, 0.000000, 0.000000, -214.858425, 12.300778, -4.022646, 83.531850, 1049.010899
213, 34.503199, 307.090689, 11.155003, 126.894788, 5.220403, 109.840056, 5.389952, 456.895761, 10.245446, 456.895761, 10.245446, 0.000000, 0.000000, -22931.282240, 17.885429, -227817.641256, 92.729780, 126.894788
214, 24.987274, 0.678251, 11.910273, 105.111471, 5.009039, 11.201434, 3.423127, 123773.772474, 3.423875, 123773.772474, 3.423875, 5.389952, 0.000000, 212.167525, 6.188566, 1.750026, 120.421613, 120.580403
215, 20.000000, 16.654947, -33.696645, 726.770263, 11.687902, 48.295759, 6.461730, 3.156403, 6.455995, 3.156403, 6.455995, 0.000000, 0.000000, 711.041179, 8.326564, 1.986296, 147.478846, 727.175264
216, 40.000000, 2.256217, 11.862151, 109.789904, 4.671904, 9.307659, 6.438200, 1004.880566, 6.661076, 1004.880566, 6.661076, 0.000000, 0.000000, 224.696145, 5.803626, 1.871347, 124.626253, 126.055926
217, 20.000000, 17.241131, -32.997027, 878.798276, 11.368777, 67.539116, 6.256312, 2.588473, 6.256312, 2.588473, 6.256312, 0.000000, 0.000000, 713.522467, 7.980760, 1.928998, 148.130593, 879.209320
218, 33.792474, 16.157152, 10.442688, 137.996300, 4.366950, 97.732966, 6.201629, 2.420115, 6.202497, 2.420115, 6.202497, 0.000000, 0.000000, 102.476574, 18.020195, 1.554574, 121.112489, 137.996335
219, 35.303391, 1.203215, 11.571573, 105.917433, 5.016280, 8.252856, 3.122090, 59368.601627, 6.244043, 59368.601627, 6.244043, 0.000000, 0.000000, 188.429603, 6.913606, 1.901923, 124.162035, 124.162035
220, 29.327358, 0.800000, 12.595596, 110.691255, 4.726662, 7.781771, 4.247747, 19.971352, 2.244989, 19.971352, 2.244989, 0.000000, 0.000000, 239.818955, 5.562493, 1.620875, 116.033203, 122.724049
221, 40.000000, 5.494321, 11.087481, 131.958260, 4.888491, 100.118682, 5.658789, 73845.217870, 8.660115, 73845.217870, 8.660115, 0.000000, 0.000000, 80.472706, 9.536271, 0.287936, 140.000738, 140.000738
222, 26.046508, 2.724468, 11.451827, 103.994912, 4.605992, 5.426707, 2.358343, 1.306657, 4.855058, 1.306657, 4.855058, 0.000000, 0.000000, 246.823364, 6.073842, 1.930952, 125.219327, 125.219327
223, 36.915040, 0.560412, 12.072435, 109.147551, 4.757001, 0.000051, 6.788777, 116995.825653, 6.814061, 116995.825653, 6.814061, 12417811367636401954020804073294931263542046146248287715328.000000, 0.000000, 216.451158, 6.444558, 1.817586, 125.515985, 125.721308
224, 35.121498, 1.036046, 12.242140, 117.233735, 4.648571, 37.703911, 3.421321, 84.596709, 6.481150, 84.596709, 6.481150, 0.000000, 0.000000, 173.508241, 6.110354, 1.853625, 126.379304, 129.285880
225, 22.489515, 34.368436, -55.988234, 388.102382, 32.239822, 117.924480, 5.551920, 46.382804, 5.284194, 46.382804, 5.284194, 0.000000, 0.000000, -5627.165554, 14.113960, -67.051297, 104.138532, 388.135405
226, 29.602838, 0.843366, 11.932484, 104.584078, 5.008053, 6.227540, 2.357939, 3.409730, 5.090110, 3.409730, 5.090110, 0.000000, 0.000000, 205.637219, 6.550747, 1.975815, 122.579049, 122.579049
227, 40.000000, 195.577018, 10.457045, 133.075559, 4.318594, 117.799915, 6.174720, 451.462693, 10.317435, 451.462693, 10.317435, 0.000000, 0.000000, 167.386603, 17.989852, 1.397914, 116.585696, 133.075559
228, 28.200872, 1.707155, 12.276203, 110.422396, 4.554502, 6.888367, 2.147104, 999994.040221, 4.573314, 999994.040221, 4.573314, 0.000000, 0.000000, 279.260740, 5.478595, 1.432108, 118.045671, 122.886086
229, 20.000498, 83.886924, -1.466120, 27.215412, 14.733215, 2.709416, 6.798635, 3.298067, 6.347292, 3.298067, 6.347292, 0.000000, 0.000000, -1309.631498, 11.005688, -9.656815, 27.252192, 27.252192
230, 29.342594, 0.726711, 12.379971, 107.667281, 4.674965, 7.247724, 2.869125, 5.999231, 2.266106, 5.999231, 2.266106, 0.000000, 0.000000, 301.339990, 5.285462, 1.533911, 116.090576, 121.688522
231, 20.000000, 12.314167, -45.289217, 5523.013444, 13.330291, 0.000000, 8.851019, 3.564803, 7.051280, 3.564803, 7.051280, 0.000000, 0.000000, 722.542530, 7.779494, 1.891489, 146.479077, 5523.020378
232, 29.534717, 27.686605, 11.830479, 127.637744, 5.190695, 121.710966, 5.594766, 2.256820, 5.594766, 2.256820, 5.594766, 0.000000, 0.000000, 2757.884023, 11.163493, -146.950053, 83.079595, 127.637852
233, 24.787312, 262.754262, 11.282481, 128.649335, 5.101195, 58.266622, 5.941659, 3.211323, 5.941659, 3.211323, 5.941659, 0.000000, 0.000000, -227890.590601, 12.780967, -2863.670666, 90.742569, 128.659027
234, 23.808862, 3.139933, -36.658443, 5351.065007, 10.971788, 4.348305, 5.841634, 3.042445, 5.841634, 3.042445, 5.841634, 0.000000, 0.000000, -433754.095775, 4.758732, -13.386495, 91.877425, 5351.066081
235, 31.238096, 10.239642, -82.979542, 200.310857, 41.992980, 248.481227, 7.213620, 86.493387, 5.985530, 86.493387, 5.985530, 0.000000, 0.000000, -458.380553, 10.978121, -15.776387, 91.493519, 200.332656
236, 29.188963, 16.086542, -17.404660, 25.367543, 14.776308, 65.167193, 5.035342, 1.587007, 5.035342, 1.587007, 5.035342, 0.000000, 0.000000, 746.135459, 8.300684, 1.825452, 190.333201, 25.367546
237, 39.999999, 24.507983, 11.178795, 135.531838, 4.819449, 74.294166, 4.829217, 17713.487130, 6.484761, 17713.487130, 6.484761, 0.000000, 0.000000, 2928.427468, 9.901313, -481.224821, 93.403410, 135.531838
238, 24.646561, 13.940367, -37.798025, 1247.334335, 11.938278, 181.977932, 6.402987, 3.434099, 6.402987, 3.434099, 6.402987, 0.000000, 0.000000, 720.545505, 8.205298, 2.088526, 147.474839, 1247.444905
239, 28.937008, 15.356042, -16.093057, 34.758478, 14.406954, 51.519580, 4.750461, 7.862760, 7.532994, 7.862760, 7.532994, 0.000000, 0.000000, 703.587815, 8.624990, 1.760947, 168.560912, 34.758479
240, 30.667311, 1.311511, 12.459731, 98.887026, 4.446459, 9.602142, 3.322872, 1212.023554, 4.627390, 1212.023554, 4.627390, 0.000000, 0.000000, 353.230044, 5.868730, 1.657630, 117.882315, 119.538214
241, 22.720529, 11.235905, -33.901723, 340.585993, 17.669166, 5.165747, 6.537593, 3.327152, 6.537593, 3.327152, 6.537593, 0.000000, 0.000000, -435.651245, 12.048254, -4.055076, 82.919616, 340.598326
242, 30.672357, 8.839068, -78.634537, 3476.090091, -24.004172, 25.493816, 8.275615, 39.880636, 4.053863, 39.880636, 4.053863, 0.000000, 0.000000, 736.044504, 8.045222, 1.810763, 154.806893, 3476.116617
243, 40.000000, 0.589116, 11.604340, 115.612029, 4.939245, 15.382551, 3.925150, 29.236833, 3.925282, 29.236833, 3.925282, 0.000000, 0.000000, 164.962243, 6.139243, 1.679400, 127.281460, 127.456988
244, 29.153128, 1.620988, 11.608499, 111.855048, 4.520905, 18.405720, 3.233846, 999989.037787, 3.233831, 999989.037787, 3.233831, 0.000000, 0.000000, 277.171089, 4.786218, 1.408632, 118.461445, 123.837227
245, 25.088982, 0.764450, 11.735674, 113.512407, 4.547505, 9.513916, 3.343851, 48944.708599, 3.354132, 48944.708599, 3.354132, 0.000000, 0.000000, 234.427219, 6.069483, 1.641732, 129.124248, 129.438098
246, 32.181463, 134.723942, 10.881221, 130.605303, 5.099021, 96.000455, 6.194157, 3.194214, 8.746520, 3.194214, 8.746520, 0.000000, 0.000000, 1946.989848, 11.705466, -218.941988, 98.051996, 130.605435
247, 40.000000, 6.005459, 12.229622, 92.018226, 5.080990, 4.689949, 6.210202, 8744.321817, 6.216513, 8744.321817, 6.216513, 0.000000, 0.000000, 288.266744, 6.866928, 1.813619, 117.049300, 117.049300
248, 27.350609, 10.890700, 11.357132, 128.193852, 5.124335, 3.769075, 6.450986, 2.971374, 5.871169, 2.971374, 5.871169, 0.000000, 0.000000, -4830.612828, 9.982551, -33.070936, 89.603836, 128.194323
249, 27.263763, 118.493197, 11.391675, 131.165101, 4.999102, 83.056548, 5.656554, 2.544154, 5.656554, 2.544154, 5.656554, 0.000000, 0.000000, 9397.114921, 16.480987, -204.318866, 89.489752, 131.165850
250, 28.302783, 32.371371, 11.295841, 130.700288, 4.994721, 67.517903, 5.555041, 2.647876, 5.555041, 2.647876, 5.555041, 0.000000, 0.000000, -4231.666294, 10.179750, -82.015666, 90.605223, 130.700444
251, 26.709781, 17.858613, -41.230316, 4280.879120, 12.553444, 19.821734, 9.314057, 4.001495, 6.784851, 4.001495, 6.784851, 0.000000, 0.000000, 716.943971, 8.531975, 1.852829, 152.993342, 4281.203947
252, 40.000000, 28.126056, 9.181764, 37.908993, 10.762083, 4.860523, 6.248966, 3.768387, 6.249156, 3.768387, 6.249156, 0.000000, 0.000000, -850.060419, 10.951748, -2.050777, 37.152016, 37.908993
253, 28.628414, 378.295520, 11.268713, 130.734541, 5.084310, 120.957269, 5.616560, 3.407312, 5.637998, 3.407312, 5.637998, 0.000000, 0.000000, 673.910073, 11.961634, -2.283354, 92.207833, 130.734818
254, 28.007098, 11.765670, -15.150811, 32.559666, 14.205099, 55.699597, 4.712048, 13.012294, 4.727391, 13.012294, 4.727391, 0.000000, 0.000000, 741.274494, 8.696128, 1.654651, 178.277287, 32.559668
255, 20.000000, 16.267018, -40.284273, 2911.492024, 12.046008, 0.001822, 14.283206, 3.735628, 6.395955, 3.735628, 6.395955, 0.000000, 0.000000, 717.432676, 7.959939, 1.902785, 146.228213, 2911.493316
256, 27.999368, 0.687581, 12.236822, 74.472750, 4.798909, 5.125302, 2.596102, 3.740248, 4.631772, 3.740248, 4.631772, 0.000000, 0.000000, 174.065138, 6.331269, 2.005001, 88.201657, 88.557336
257, 25.177286, 28.399915, 19.422843, -128.746771, -11.595494, 7.249361, 2.967133, 0.733569, 2.967133, 0.733569, 2.967133, 0.000000, 0.000000, 1070.012856, 13.666340, 6.043027, 93.733868, 71.511953
258, 33.045815, 28.795441, -21.334793, 25.254990, 15.712390, 77.155328, 5.528018, 1.780365, 5.528018, 1.780365, 5.528018, 0.000000, 0.000000, 487.672485, 8.410448, 1.931016, 156.366797, 25.254991
259, 31.418638, 0.983199, 11.867874, 70.579729, 4.615655, 5.183301, 2.980886, 18.939392, 4.426511, 18.939392, 4.426511, 0.000000, 0.000000, 222.336142, 6.128745, 1.922493, 88.821868, 88.822397
260, 23.524636, 9.204208, -33.572067, 585.698185, 10.985779, 53.658048, 6.050064, 1.707501, 5.947876, 1.707501, 5.947876, 0.000000, 0.000000, 546.416713, 8.132799, 1.969440, 106.613761, 585.726180
261, 28.482038, 1.615323, 11.637497, 79.247727, 4.696596, 5.820159, 3.030666, 0.656653, 4.766528, 0.656653, 4.766528, 0.000000, 0.000000, 145.219035, 6.696454, 2.086688, 93.438452, 93.438452
262, 28.327129, 1.745971, 11.690649, 94.889832, 4.882022, 2.795576, 8.664787, 3.772454, 6.087967, 3.772454, 6.087967, 0.000000, 0.000000, -1833.230582, 10.363736, -63.116185, 60.048230, 94.903191
263, 26.105145, 1.029871, 11.288399, 93.085126, 4.969116, 1391.819456, 2.187496, 2.293469, 1.902171, 2.293469, 1.902171, -0.000000, 0.000000, 141.244730, 4.122403, 0.414896, 85.174513, 93.661867
264, 29.921152, 1.075591, 11.104524, 142.408990, 4.773276, 10.911994, 3.003316, 3.646540, 3.192608, 3.646540, 3.192608, 0.000000, 0.000000, -175.011247, 8.663829, 0.303498, 98.753054, 139.591367
265, 40.000000, 0.688679, 11.655936, 118.928162, 4.664832, 57.121238, 2.840085, 15.776790, 4.839777, 15.776790, 4.839777, 0.000000, 0.000000, 184.703484, 5.772161, 1.727611, 129.966015, 131.429056
266, 35.998473, 33.134937, 4.903817, 53.679623, 12.946309, 10.490651, 6.160449, 3.205030, 6.983871, 3.205030, 6.983871, 0.000000, 0.000000, -7707.565220, 15.168817, -17588.413920, 53.679624, 53.679624
267, 25.507560, 37.144462, -99.652139, 1083.691877, 39.779725, 765185.446521, 8.262772, 14767.464711, 5.128374, 14767.464711, 5.128374, 0.000000, 0.000000, -10567.367949, 12.668264, -1781.240462, 63.368790, 36243.788717
268, 34.195897, 0.880206, 13.385648, 103.480347, 4.997517, 15.478785, 2.808019, 14.243731, 3.831252, 14.243731, 3.831252, 0.000000, 0.000000, 216.847528, 6.317071, 1.865378, 110.868807, 116.484857
269, 32.597508, 0.837635, 12.238202, 106.134163, 4.791438, 7.930319, 2.263657, 22361.382303, 4.872755, 22361.382303, 4.872755, 0.000000, 0.000000, 252.847545, 5.769082, 1.656908, 118.747003, 120.962084
270, 28.158476, 1.381709, 12.273607, 110.429157, 4.536596, 8.432851, 2.522627, 1.008505, 4.681581, 1.008505, 4.681581, 0.000000, 0.000000, 260.380246, 5.391386, 1.618926, 117.969029, 123.892619
271, 22.712184, 8.717583, -55.498205, 331.187982, 21.993775, 280.189408, 5.275108, 29.040854, 5.271950, 29.040854, 5.271950, 0.000000, 0.000000, 721.977887, 7.900781, 1.851712, 154.730967, 331.214757
272, 32.082615, 0.974543, 12.311138, 102.851415, 5.124233, 8.428756, 2.309809, 8.772483, 3.099880, 8.772483, 3.099880, 0.000000, 0.000000, 242.257303, 5.319637, 1.507569, 110.192173, 114.112076
273, 31.054519, 13.483246, -17.840425, 327.773660, 6.620015, 52.913652, 4.722856, 1.576554, 4.722856, 1.576554, 4.722856, 0.000000, 0.000000, 732.062096, 7.790574, 1.864335, 158.489717, 327.773660
274, 20.000000, 14.932430, -28.408011, 345.666297, 10.690206, 118.798157, 6.089592, 2.352407, 6.089592, 2.352407, 6.089592, 0.000000, 0.000000, 691.932157, 8.148771, 2.076903, 142.162154, 346.221207
275, 26.991785, 2.775242, 11.673740, 106.558442, 5.204726, 7.601223, 2.799464, 5.951390, 2.799579, 5.951390, 2.799579, 0.000000, 0.000000, 239.154733, 6.726831, 1.158281, 120.166137, 120.166137
276, 40.000000, 1.858886, 11.396531, 125.523372, 5.219920, 1.834054, 16.139723, 4.679437, 7.017271, 4.679437, 7.017271, 0.000000, 0.000000, 2150.538975, 10.347978, -6.823050, 88.368616, 125.608433
277, 26.364932, 1.418384, 11.916722, 119.297897, 4.658771, 26.937443, 1.335651, 2.353548, 2.296876, 2.353548, 2.296876, 0.000000, 0.000000, 189.406453, 5.449495, 1.614447, 125.151675, 129.769992
278, 28.795859, 15.984021, -17.556188, 48.696120, 14.602075, 69.761263, 5.077611, 1.733155, 5.077611, 1.733155, 5.077611, 0.000000, 0.000000, 752.579397, 8.906531, 1.669012, 206.963288, 48.696127
279, 40.000000, 2.406364, 12.004253, 105.258008, 5.069077, 0.539131, 7.387000, 18832.094834, 7.440312, 18832.094834, 7.440312, 0.000000, 0.000000, 214.272104, 6.551290, 1.875616, 122.998336, 122.998336
280, 31.930774, 1.362813, 11.625490, 21.965050, 5.020710, 2.807857, 9.780954, 110.727210, 7.355358, 110.727210, 7.355358, 0.000000, 0.000000, -886.274556, 10.183958, -49.477531, 14.424856, 21.978680
281, 22.722798, 1.867709, -32.251721, 2345.827856, 10.320291, 13.568644, 5.520962, 0.575257, 5.520962, 0.575257, 5.520962, 0.000000, 0.000000, 112.790909, 9.352187, 2.448152, 23.111740, 2345.830702
282, 37.409229, 0.958094, 11.250927, 22.953614, 5.075822, 1.153728, 15.723076, 2.483322, 10.429208, 2.483322, 10.429208, 0.000000, 0.000000, -59.970353, 10.325125, 0.166466, 16.252409, 22.077093
283, 21.955774, 2.591187, -31.713691, 499.584169, 9.876826, 10.637849, 5.287275, 2.048880, 5.287281, 2.048880, 5.287281, 0.000000, 0.000000, -323874.622013, -5.770406, -21.612193, 12.423358, 499.586085
284, 27.893502, 0.886576, 12.068596, 17.280857, 5.502220, 1.072580, 2.941580, 999794.543027, 5.483111, 999794.543027, 5.483111, 0.000000, 0.000000, 43.362911, 6.898148, 1.473423, 20.499047, 20.499047
285, 37.904223, 0.893478, 9.975228, 20.322607, 5.038761, 0.925174, 9.416884, 1238.240283, 9.516540, 1238.240283, 9.516540, 0.000000, 0.000000, 15.439291, 16.251075, 2.703540, 20.716150, 20.716438
286, 29.451621, 2.684540, 0.397571, 14176.261514, 0.394080, 6.418731, 3.973625, 87867.189564, 4.058727, 87867.189564, 4.058727, 0.000000, 0.000000, 121.050077, 8.222316, 2.848483, 21.868379, 14176.636906
287, 20.000000, 1.929706, -63.608170, 3241.889713, 17.080244, 0.001545, 8.886037, 1.866977, 9.263909, 1.866977, 9.263909, 0.000000, 0.000000, 119.566175, 9.022855, 2.464466, 22.885959, 3241.890655
288, 23.547443, 9.519582, -8775419.465660, 10.260412, -6727300.131581, 4667.063633, 5.288442, 933.412727, 5.288442, 933.412727, 5.288442, 0.000000, 0.000000, -1827053.127740, 9.022400, -1.005876, 4.381977, 20.216460
289, 31.039028, 0.567029, 13.401587, 16.771828, -2.825798, 3662.442616, 3.324773, 260287.350243, 6.402844, 260287.350243, 6.402844, 0.000000, 0.000000, 73.665973, 6.681559, 2.078587, 19.700147, 21.999714
290, 20.000000, 2.202676, -83.554897, 2164.835511, 22.379133, 0.000001, 14.760288, 6.368619, 11.634044, 6.368619, 11.634044, -nan, 0.000000, 101.419942, 9.312187, 2.711509, 18.905402, 2164.835522
291, 29.564958, 3.976281, -28.544104, -199240.515053, -0.076216, 17.556253, 0.962779, 500000.203786, 1.622618, 500000.203786, 1.622618, 0.000000, 0.000000, 104.452668, 8.540826, 2.564361, 18.869963, 0.000000
292, 23.547443, 8.127727, -401.989580, 3065.571931, 114.451435, 99475.650520, 14.578877, 19895.130104, 14.578877, 19895.130104, 14.578877, 0.000000, 0.000000, -362544.911536, 11.847360, -1.162416, 7.035117, 47964.352392
293, 30.486244, 0.849305, 14.012213, 9.903205, 2.842773, 61198.145277, 2.183447, 0.538487, 2.357445, 0.538487, 2.357445, 0.000000, 0.000000, 90.314412, 7.265063, 2.416822, 17.156959, 17.622830
294, 29.440822, 1.410194, 19.997462, -1.589559, 0.178127, 1.257064, 2.319480, 0.506939, 2.675394, 0.506939, 2.675394, 0.000000, 0.000000, 106.923272, 8.333781, 2.874162, 19.316292, 10.046827
295, 28.000000, 2.084802, 22.285760, -18532.611016, -0.005050, 1.566555, 2.683092, 0.313311, 2.683092, 0.313311, 2.683092, 0.000000, 0.000000, 99.515624, 8.331546, 2.694454, 17.978058, 6.621656
296, 29.223634, 1.018060, 12.094223, 114.440303, 4.977352, 2889.296393, 3.185660, 60301.950487, 2.770139, 60301.950487, 2.770139, 0.000000, 0.000000, 172.823018, 5.332252, 1.476351, 116.910387, 122.419284
297, 31.575235, 649.581248, 11.438108, 124.049883, 5.317833, 114.925446, 5.608868, 2.770761, 6.764590, 2.770761, 6.764590, 0.000000, 0.000000, -4103.780743, 14.282840, -20937.144119, 87.846666, 124.049898
298, 23.547443, 49.369194, -279.719004, 1233.854544, 95.162998, 22213.475857, 11.090882, 4442.695171, 11.090882, 4442.695171, 11.090882, 0.000000, 0.000000, 6539.151661, 7.957379, -55.888591, 17.984445, 6725.766121
299, 40.000000, 80.639968, 12.229777, 109.185655, 4.676095, 0.000000, 12.912528, 7.417513, 8.015113, 7.417513, 8.015113, 0.000000, 0.000000, 201.370922, 6.364863, 2.083197, 124.734172, 125.888884
300, 34.175864, 0.905092, 11.591571, 112.280223, 4.988692, 11.056033, 3.194092, 1.531225, 3.195051, 1.531225, 3.195051, -433060874259702533631689118924399151872274665619430041726244420456508022904906502220390671670024784918833212713255603690539179291858683413860360273905136986697709108436245058676726639830910039462672361176967520478050367231336939381809865891965398852803831959102891827440936985417090687934928799159333945344.000000, 0.000000, 177.046349, 6.157870, 1.662455, 124.984797, 125.041039
301, 24.284502, 614.696319, 12.451471, 108.674970, 4.708054, 96.084649, 5.397675, 2.465488, 5.397676, 2.465488, 5.397676, 0.000000, 0.000000, 242.842053, 5.687558, 1.662336, 117.475818, 122.020379
302, 29.208130, 14.531216, -16.926093, 23.425108, 14.428525, 62.149710, 5.023293, 76.448214, 5.023333, 76.448214, 5.023333, 0.000000, 0.000000, 729.206087, 8.027428, 1.809396, 179.096961, 23.425111
303, 20.000000, 20.572522, -45.328663, 2976.680707, 14.579378, 0.000000, 15.057685, 46.860700, 7.061524, 46.860700, 7.061524, 0.000000, 0.000000, -1767.930697, 11.329262, -1.097370, 84.554033, 2976.813905
304, 40.000000, 0.985335, 11.582852, 106.779164, 4.874263, 0.513286, 10.760602, 703901.335344, 7.452557, 703901.335344, 7.452557, -0.552408, 0.000000, 168.537029, 7.533056, 2.252544, 126.709031, 126.709031
305, 34.291201, 58.074708, 11.175402, 127.432209, 5.128517, 115.770220, 5.691478, 2.403567, 5.708888, 2.403567, 5.708888, 0.000000, 0.000000, -998.993697, 11.205808, -40.504042, 91.776889, 127.432211
306, 36.950485, 65.513114, 3.565999, 31.001915, 15.785272, 122.116682, 5.534426, 2.477804, 5.534426, 2.477804, 5.534426, 0.000000, 0.000000, -1607.372315, 12.276262, -1.496388, 31.001915, 31.001915
307, 20.530059, 9.402334, -55.070411, 2685.906093, 15.654133, 0.013418, 8.284373, 12.141200, 8.234464, 12.141200, 8.234464, 0.000000, 0.000000, 730.252529, 7.989155, 2.076766, 147.080032, 2685.906978
308, 27.071691, 1.363879, 12.385188, 102.542897, 4.733768, 5.962266, 1.645523, 696498.195164, 3.367745, 696498.195164, 3.367745, 0.000000, 0.000000, 263.206763, 5.896972, 1.735776, 116.792632, 118.879993
309, 27.636998, 437.956148, 11.563793, 128.937051, 4.907872, 118.462745, 5.445862, 11.095497, 5.446249, 11.095497, 5.446249, 0.000000, 0.000000, -1271.730616, 11.036651, -101.821609, 83.998047, 128.937354
310, 29.116695, 0.865172, 11.829658, 100.708458, 4.651926, 8.133120, 2.909908, 1.385231, 2.909919, 1.385231, 2.909919, 0.000000, 0.000000, 295.308704, 6.001673, 1.928180, 124.348041, 124.428965
311, 39.908811, 0.957303, 12.334171, 96.906510, 4.727831, 280.613707, 2.638374, 0.884459, 4.753308, 0.884459, 4.753308, 0.000000, 0.000000, 297.523440, 6.474967, 1.886187, 120.334792, 120.360756
312, 20.000000, 1.832627, -71.261132, 152.980285, 23.842351, 0.000001, 12.683110, 2.416685, 12.665666, 2.416685, 12.665666, 0.000000, 0.000000, 103.029305, 9.017451, 2.651904, 19.945278, 153.001903
313, 36.142490, 0.795264, 7.845030, 17.808000, 3.183473, 0.000040, 15.838000, 164507.976976, 16.240218, 164507.976976, 16.240218, 0.000000, 0.000000, 68.148652, 12.789320, 1.818160, 21.351049, 21.351049
314, 34.739635, 1.301432, 9.524887, 16.363857, 4.639085, 0.000000, 19.030431, 834886.864964, 15.228992, 834886.864964, 15.228992, 0.000000, 0.000000, 27.775874, 11.744814, 2.763815, 21.088805, 21.088805
315, 20.000000, 3.888723, -52.683615, 1432.200358, 17.772851, 0.000663, 9.834146, 2.243458, 14.532158, 2.243458, 14.532158, 0.000000, 0.000000, 126.880034, 10.511984, 0.889973, 28.293224, 1432.202767
316, 32.052296, 1.460952, -20.402473, 202.331952, 7.926140, 20.379878, 4.651557, 10837.918997, 6.944804, 10837.918997, 6.944804, 0.000000, 0.000000, -443778.751772, -2.290295, -31.874663, 18.210840, 202.331952
317, 20.000000, 6.816372, -77.308861, 39.969555, 44.488058, 0.011993, 11.497455, 0.551261, 8.254884, 0.551261, 8.254884, 0.000000, 0.000000, -400.288582, 12.807262, -0.495237, 10.021735, 39.972245
318, 39.963586, 0.942943, 11.462790, 13.228250, 4.468325, 1.120100, 11.802010, 1.741230, 16.370799, 1.741230, 16.370799, 0.000000, 0.000000, 46.856393, 6.864945, 2.421740, 18.770853, 18.770853
319, 25.362906, 0.707591, 11.899716, 13.322316, 3.760348, 89.780490, 1.753956, 0.594823, 2.914358, 0.594823, 2.914358, 0.000000, 0.000000, 64.068206, 7.328370, 2.588118, 21.144519, 21.144519
320, 34.565086, 0.766479, 12.713218, 94.581938, 4.993148, 17.553490, 4.297586, 2.201304, 4.615425, 2.201304, 4.615425, 0.000000, 0.000000, 275.063312, 6.129249, 2.016038, 113.457643, 114.808417
321, 36.941852, 2.951003, -25.693198, 863.308764, 8.827991, 127.511080, 5.206568, 3.338036, 9.626564, 3.338036, 9.626564, 0.000000, 0.000000, -967286.713734, 12.163742, -0.056379, 92.590734, 863.308764
322, 28.179042, 0.806591, 11.756044, 116.291627, 4.903485, 983893.843190, 1.710302, 4174.198079, 2.126577, 4174.198079, 2.126577, 0.000000, 0.000000, 186.662014, 5.456630, 1.461507, 123.032529, 125.738818
323, 31.932582, 2.929302, 12.133110, 108.456697, -4.918747, 11.406308, 3.283394, 1.144406, 3.292570, 1.144406, 3.292570, 0.000000, 0.000000, 209.978194, 5.965078, 1.757498, 120.896676, 122.379342
324, 24.812529, 2.007332, 11.282401, 131.280499, 4.901651, 3.387791, 5.995462, 3.066896, 5.995462, 3.066896, 5.995462, 0.000000, 0.000000, -4282.086264, 10.322272, -116.754504, 89.952666, 131.281146
325, 31.879343, 15.808759, -20.445564, 239.166110, 7.991992, 69.127862, 4.999666, 1.727395, 4.999666, 1.727395, 4.999666, 0.000000, 0.000000, 721.487802, 8.198430, 1.932764, 185.566358, 239.166111
326, 32.090947, 2.793284, 12.294026, 106.137733, 4.526932, 30.429516, 6.529836, 3249.945195, 6.548615, 3249.945195, 6.548615, 0.000000, 0.000000, 273.337879, 5.937030, 1.799337, 122.080917, 124.200279
327, 25.419892, 1.379975, 11.190091, 130.426492, 4.697681, 11.899428, 3.422955, 1.312981, 3.422958, 1.312981, 3.422958, 0.000000, 0.000000, 70.352198, 18.364111, 1.878034, 121.728880, 130.426498
328, 30.158221, 1.237030, 12.314916, 106.685390, 4.846158, 13.523561, 3.821974, 141763.067979, 4.367315, 141763.067979, 4.367315, 0.000000, 0.000000, 204.409117, 6.567719, 1.973996, 122.795331, 123.260177
329, 28.218950, 21.513005, 10.990611, 130.638310, 4.942136, 47.052668, 5.836073, 2.633757, 5.836073, 2.633757, 5.836073, 0.000000, 0.000000, -4110.358807, 10.297380, -93.693987, 94.606261, 130.638704
330, 29.174056, 1.250102, 11.874706, 110.688582, 4.849224, 7.259071, 2.127323, 875629.467407, 4.108167, 875629.467407, 4.108167, 0.000000, 0.000000, 177.627916, 5.844667, 1.807465, 121.397645, 123.025857
331, 32.430165, 8.722944, -50.930877, 216.439356, -20.666998, 434.340479, 7.630764, 1.154045, 3.664709, 1.154045, 3.664709, 0.000000, 0.000000, 702.321005, 8.117431, 1.923755, 143.949455, 216.492178
332, 30.388103, 1.127089, 12.719798, 93.321795, 4.619384, 7.480652, 2.729428, 3373.870859, 4.864202, 3373.870859, 4.864202, 0.000000, 0.000000, 335.514242, 6.215696, 1.796411, 114.704893, 115.554243
333, 29.037422, 1.212040, 12.708349, 99.820631, 4.584635, 13.773847, 2.326987, 260735.801500, 3.627542, 260735.801500, 3.627542, 0.000000, 0.000000, 304.305571, 5.800136, 1.758067, 113.760573, 117.562963
334, 31.885781, 1.167689, 12.241796, 106.098623, 4.898002, 9.994539, 2.828618, 2.469338, 5.399956, 2.469338, 5.399956, 0.000000, 0.000000, 222.541657, 5.504360, 1.755396, 115.335940, 119.280404
335, 25.584348, 1.226098, 12.408029, 99.932865, 4.673210, 8.984029, 3.223670, 47950.031752, 6.401046, 47950.031752, 6.401046, 0.000000, 0.000000, 279.101345, 6.365331, 1.848497, 119.984590, 120.431970
336, 28.574231, 1.105797, 11.335322, 110.520086, 4.847128, 5.918969, 2.351929, 18809.070836, 4.881984, 18809.070836, 4.881984, 0.000000, 0.000000, 166.325442, 7.470690, 2.243471, 130.650343, 130.650343
337, 26.252335, 1.241274, 11.851883, 110.208785, 4.694047, 5.810713, 1.497060, 1.930095, 2.994119, 1.930095, 2.994119, 0.000000, 0.000000, 231.371001, 5.589752, 1.716266, 122.757564, 124.833181
338, 36.076680, 1.129505, 12.012086, 110.502809, 4.695616, 7.517695, 3.622279, 13.490404, 5.268868, 13.490404, 5.268868, 0.000000, 0.000000, 183.453681, 6.762310, 2.141948, 127.706226, 127.748340
339, 20.225728, 3.389492, 11.914124, 115.349490, 4.464996, 9.535536, 3.017399, 4166.555782, 4.025990, 4166.555782, 4.025990, 0.000000, 0.000000, 250.307899, 5.462622, 1.656957, 126.089397, 129.859821
340, 23.702486, 15.385171, -34.131845, 238.161745, 11.351888, 127.627957, 6.180713, 3.066891, 6.180713, 3.066891, 6.180713, 0.000000, 0.000000, 677.343312, 7.765483, 2.062600, 133.902974, 238.244197
341, 21.539347, 1.084934, 12.264303, 103.052600, 4.380328, 5.834559, 2.134963, 4.678109, 2.171551, 4.678109, 2.171551, 0.000000, 0.000000, 342.514061, 5.521830, 1.622150, 118.511958, 121.702510
342, 31.864903, 12.639521, 11.458556, 127.421797, 5.061988, 99.790912, 6.036819, 21.059453, 6.054318, 21.059453, 6.054318, 0.000000, 0.000000, -2305.137533, 11.527214, -86.191730, 86.757174, 127.421886
343, 30.751252, 1.779899, 11.451809, 126.157492, 5.207362, 1.253231, 14.873020, 3.556396, 6.466531, 3.556396, 6.466531, 0.000000, 0.000000, -344.394137, 10.877598, -2.633937, 87.906733, 126.305361
344, 29.381028, 1.528641, 12.208175, 107.584182, 4.501314, 10.629078, 3.160490, 22.315499, 4.494876, 22.315499, 4.494876, 0.000000, 0.000000, 265.949200, 5.505071, 1.716362, 118.601310, 123.006732
345, 22.051489, 1.144888, 11.445327, 107.766240, 4.947100, 6.952834, 2.338279, 5.966747, 3.252831, 5.966747, 3.252831, 0.000000, 0.000000, 178.439729, 5.917004, 2.033471, 122.919818, 123.144794
346, 20.000000, 9.688186, -28.441043, 1052.106745, 10.251814, 121.125630, 5.603697, 2.380926, 5.603697, 2.380926, 5.603697, 0.000000, 0.000000, 2173.314766, 10.682874, -2.327700, 127.150995, 1052.315190
347, 26.687635, 1.444566, 11.395570, 112.803808, 4.987256, 8.523991, 2.875793, 5.971699, 2.880015, 5.971699, 2.880015, 0.000000, 0.000000, 197.318402, 5.782409, 1.535574, 125.237962, 125.388882
348, 34.567418, 1.740692, 12.291448, 105.883373, 4.873955, 43.129787, 6.373402, 2.897879, 6.373402, 2.897879, 6.373402, 0.000000, 0.000000, 217.759031, 6.137810, 1.814776, 119.607013, 120.937051
349, 20.000000, 13.001772, -36.930277, 188.859275, 12.886830, 97.872523, 7.090962, 3.130609, 7.090950, 3.130609, 7.090950, 0.000000, 0.000000, 741.283448, 8.336685, 2.014277, 148.559410, 191.001337
350, 33.880160, 0.545992, 12.290366, 98.858787, 4.913387, 137.891296, 2.982647, 1.338062, 6.827010, 1.338062, 6.827010, 0.000000, 0.000000, 304.913817, 5.456746, 1.539985, 112.072665, 114.244912
351, 21.440909, 2.000628, 11.918880, 111.566206, 4.594237, 7.411675, 2.702104, 35881.473638, 6.214839, 35881.473638, 6.214839, 0.000000, 0.000000, 204.570568, 6.423150, 2.002536, 128.766935, 129.016462
352, 40.000000, 29.376060, -118.469083, 285.846473, 52.744204, 456.247310, 11.029026, 46.961428, 10.703848, 46.961428, 10.703848, 0.000000, 0.000000, -1854.965203, 10.823425, -0.175875, 69.602366, 287.532300
353, 27.191063, 0.885168, 12.518824, 99.843506, 4.920274, 6.688343, 1.954191, 699639.719637, 2.035788, 699639.719637, 2.035788, 0.000000, 0.000000, 254.239011, 6.120157, 1.854562, 115.937597, 117.293916
354, 36.663276, 1.958464, 11.666927, 124.481331, 5.299134, 5.347504, 6.427018, 3.287023, 6.427018, 3.287023, 6.427018, 0.000000, 0.000000, -795.064964, 11.648879, -7.810204, 84.748924, 124.481332
355, 26.629922, 37.430559, -174.516949, 7280.049696, 55.019324, 29253.763559, 13.795508, 26.727212, 13.115930, 26.727212, 13.115930, 0.000000, 0.000000, -832.470468, 11.859401, -8.163787, 56.411517, 15808.523266
356, 28.480519, 1.290000, 12.071146, 110.380064, 4.697375, 1216.092673, 1.382356, 29676.963291, 3.179388, 29676.963291, 3.179388, 0.000000, 0.000000, 239.931330, 5.604478, 1.630253, 121.107115, 124.047991
357, 27.695981, 1.519456, 12.844859, 98.664954, 4.673763, 6.418647, 1.546268, 4.078139, 1.678210, 4.078139, 1.678210, 0.000000, 0.000000, 332.484974, 5.281342, 1.545273, 105.881665, 112.976111
358, 32.559250, 0.743827, 12.474233, 103.854174, 4.872802, 44.204634, 3.043826, 42432.722491, 3.424755, 42432.722491, 3.424755, 0.000000, 0.000000, 281.325145, 5.261394, 1.534608, 111.155056, 116.661987
359, 20.000000, 11.537850, -45.067585, 2114.753149, 13.452859, 0.000000, 16.203823, 4.894108, 7.140655, 4.894108, 7.140655, 0.000000, 0.000000, 691.483053, 8.179714, 2.163182, 135.785628, 2114.753154
360, 27.183081, 0.840510, 11.570855, 109.267417, 5.727416, 6.984231, 1.759551, 41.262905, 4.046925, 41.262905, 4.046925, 0.000000, 0.000000, 97.829819, 7.376630, 1.658455, 118.357231, 118.357231
361, 23.547443, 15.134025, -6218.389409, 29057.424129, 1.720299, 723.010326, 8.927406, 144.602065, 8.927406, 144.602065, 8.927406, 0.000000, 0.000000, 681.728003, 7.798263, 2.227809, 123.158004, 29079.731447
362, 27.660319, 1.839316, 12.653431, 101.959042, 4.950696, 7.755178, 1.847444, 941679.174302, 2.176137, 941679.174302, 2.176137, 0.000000, 0.000000, 206.531964, 5.988709, 1.930525, 112.309088, 115.826864
363, 23.478156, 656.382463, 12.143270, 128.998724, 4.929408, 117.651068, 5.447288, 16743.414496, 5.590059, 16743.414496, 5.590059, 12417811367636401954020804073294931263542046146248287715328.000000, 0.000000, 2157.556485, 11.393447, -1.251960, 75.169509, 129.009613
364, 32.505779, 3.891874, 11.534997, 123.261472, 5.295698, 88.096229, 5.457983, 5.312470, 9.534815, 5.312470, 9.534815, 0.000000, 0.000000, 1234.497488, 10.453221, -7.214423, 85.703661, 123.261474
365, 25.422436, 68.276662, 12.539382, 107.981085, 4.727532, 47.554216, 4.882217, 5.352263, 4.886063, 5.352263, 4.886063, 0.000000, 0.000000, 270.042831, 5.626906, 1.580771, 116.740644, 121.531063
366, 40.000000, 24.552246, -117.310351, 406.203375, 53.491552, 0.000539, 15.206991, 42.470908, 9.850478, 42.470908, 9.850478, 0.000000, 0.000000, -3261.169241, 10.882942, -68.162597, 77.800471, 406.203392
367, 22.110893, 16.542895, -31.890330, 84.395147, 17.924764, 55.294231, 6.415316, 3.122512, 6.415316, 3.122512, 6.415316, 0.000000, 0.000000, 646.468574, 8.587176, 2.083072, 136.523798, 84.554540
368, 26.511294, 13.375524, -40.618031, 2980.714322, 12.834903, 0.000032, 6.870793, 3.082179, 6.866460, 3.082179, 6.866460, 0.000000, 0.000000, 740.724054, 8.159793, 1.924375, 151.197446, 2980.714322
369, 28.885970, 22.384248, 6.140349, -589.742156, -0.055318, 9.962364, 2.994709, 173.241830, 4.404968, 173.241830, 4.404968, 0.000000, 0.000000, 748.448056, 7.574793, 1.821082, 135.211358, 135.211358
370, 25.853206, 40.392523, -171.534304, 3064.622134, 57.200278, 148325.178293, 12.529129, 42.529636, 12.529138, 42.529636, 12.529138, 0.000000, 0.000000, -1521.411027, 12.290046, -52.931917, 39.886308, 40230.840304
371, 39.807002, 1.780979, 11.228584, 130.909993, 5.007925, 1.340751, 6.378592, 3.439534, 10.759526, 3.439534, 10.759526, 0.000000, 0.000000, -92.558671, 11.999162, 0.001103, 91.966150, 130.909993
372, 33.653990, 0.890392, 12.070438, 101.467714, 5.107303, 12.203507, 3.767483, 1.269690, 3.794652, 1.269690, 3.794652, 0.000000, 0.000000, 228.352459, 6.443102, 1.806263, 119.257801, 119.260176
373, 29.987994, 6.465517, 11.627635, 127.108445, 5.075557, 26.590640, 6.163446, 3.191481, 6.840132, 3.191481, 6.840132, 0.000000, 0.000000, -3381.507920, 11.255290, -122.063586, 84.185138, 127.108637
374, 40.000000, 33.919364, 11.027697, 124.765733, 5.187450, 2.787029, 7.838821, 5.286873, 8.143738, 5.286873, 8.143738, 0.000000, 0.000000, -1195.528944, 11.641442, -40.865326, 92.576143, 124.765740
375, 36.338423, 1.349189, 12.350874, 102.664743, 4.641892, 53452.251991, 2.372453, 896328.663602, 2.376936, 896328.663602, 2.376936, 0.000000, 0.000000, 275.740211, 6.135121, 1.815017, 120.656628, 121.739859
376, 39.086761, 2.151566, 11.933307, 124.075648, 5.202332, 17.124526, 6.402942, 91.404911, 6.402942, 91.404911, 6.402942, 0.000000, 0.000000, -255092.005741, 577.419081, -62.560318, 79.435212, 124.075648
377, 23.539182, 2.152906, 12.010849, 107.545763, 4.552513, 14.694439, 3.837164, 2.759699, 8.168216, 2.759699, 8.168216, 0.000000, 0.000000, 262.013276, 6.054442, 1.818420, 125.743648, 126.484843
378, 28.004610, 0.909375, 12.040768, 103.929820, 5.090772, 570.957714, 2.126659, 64999.838517, 4.219510, 64999.838517, 4.219510, 0.000000, 0.000000, 196.093500, 6.829683, 1.999178, 121.813741, 121.813741
379, 35.371739, 999.842573, 14.694345, -501.549157, -22.399815, 19.721607, 3.925177, 1.614232, 3.925177, 1.614232, 3.925177, 0.000000, 0.000000, 3319.770161, 13.727952, 10.005222, 106.016299, 106.016299
380, 24.453455, 49.795469, 11.794064, 126.318117, 5.072018, 0.000000, 7.844530, 6.713979, 7.844531, 6.713979, 7.844531, 0.000000, 0.000000, -7578.605688, 13.509837, -0.320437, 81.114371, 126.318117
381, 25.797690, 0.888951, 12.337887, 100.820535, 5.212217, 6.425682, 1.742232, 73.649108, 2.453670, 73.649108, 2.453670, -0.000000, 0.000000, 242.045794, 6.170615, 1.614063, 115.344503, 115.765801
382, 27.931725, 0.985805, 11.895910, 98.796179, 4.597609, 5.364218, 2.684065, 5.113973, 6.173345, 5.113973, 6.173345, 0.000000, 0.000000, 339.571438, 5.842427, 1.670436, 121.440072, 121.530384
383, 29.722520, 15.821917, 11.317931, 130.823583, 5.001059, 103.769183, 4.903981, 289.483272, 4.903981, 289.483272, 4.903981, -0.000000, 0.000000, 13316.622749, 1.812102, -1899.844972, 90.431868, 130.823584